date,pk,player_id,name,team,opp,home,opp_sp,opp_sp_id,sp_hand,season_h,season_pa,season_g,pa_g,n_eff,f_bat,f_pit,f_park,h_pa,p,p2,odds_dk,odds_mgm,odds_czr,odds2_dk,odds2_mgm,odds2_czr,fair,fair2,odds_dk_u
2026-08-19,824318,518692,Freddie Freeman,Los Angeles Dodgers,Colorado Rockies,0,Kyle Freeland,607536,L,141,527,123,4.28,4.07,1.13,1.09,1.07,0.28742,74.8,33.5,-447,,-530,116,,113,-297,+199,
2026-08-19,824318,660271,Shohei Ohtani,Los Angeles Dodgers,Colorado Rockies,0,Kyle Freeland,607536,L,133,535,121,4.42,4.2,1.08,1.09,1.07,0.27495,74.1,32.8,-491,,-625,114,,105,-286,+205,
2026-08-19,824318,681624,Andy Pages,Los Angeles Dodgers,Colorado Rockies,0,Kyle Freeland,607536,L,133,543,126,4.31,4.09,1.08,1.09,1.07,0.27261,72.8,31.1,-499,,-625,109,,106,-268,+222,
2026-08-19,823424,672640,Otto Lopez,Miami Marlins,Philadelphia Phillies,0,Aaron Nola,605400,R,152,534,123,4.34,4.12,1.18,1.06,1.0,0.27062,72.7,31.1,-282,-275,-310,193,180,188,-266,+222,
2026-08-19,823424,650333,Luis Arraez,Philadelphia Phillies,Miami Marlins,1,Sandy Alcantara,645261,R,153,529,119,4.45,4.23,1.19,1.0,1.0,0.25858,71.8,30.2,-292,-325,-295,195,150,188,-255,+231,
2026-08-19,822937,650490,Yandy Díaz,Tampa Bay Rays,Toronto Blue Jays,1,Max Scherzer,453286,R,145,534,120,4.45,4.23,1.15,1.02,0.99,0.25043,70.5,28.7,-281,-275,-320,191,180,195,-239,+248,
2026-08-19,823342,693304,Nick Gonzales,Pittsburgh Pirates,Detroit Tigers,1,Jackson Jobe,695549,R,138,490,119,4.12,3.91,1.17,1.01,1.01,0.25785,68.8,26.5,-247,-250,-320,231,230,195,-221,+277,182
2026-08-19,824476,682829,Elly De La Cruz,Cincinnati Reds,St. Louis Cardinals,1,Matthew Liberatore,669461,L,109,478,107,4.47,4.25,1.03,1.06,1.01,0.23989,68.8,27.0,-221,-220,-265,252,240,205,-221,+270,164
2026-08-19,824722,678882,Ceddanne Rafaela,Boston Red Sox,Arizona Diamondbacks,1,Brandon Pfaadt,694297,R,137,508,121,4.2,3.99,1.14,1.0,1.03,0.25264,68.7,26.5,-274,-350,-280,200,145,198,-219,+277,
2026-08-19,824076,677951,Bobby Witt Jr.,Kansas City Royals,Athletics,1,TBD,,,121,476,108,4.41,4.19,1.09,1.0,1.02,0.24171,68.6,26.7,-326,-300,-345,166,165,169,-218,+275,
2026-08-19,824318,605141,Mookie Betts,Los Angeles Dodgers,Colorado Rockies,0,Kyle Freeland,607536,L,81,377,90,4.19,3.98,1.0,1.09,1.07,0.25251,68.6,26.4,-392,,-460,136,,130,-218,+279,
2026-08-19,822937,802415,Chandler Simpson,Tampa Bay Rays,Toronto Blue Jays,1,Max Scherzer,453286,R,136,473,117,4.04,3.84,1.18,1.02,0.99,0.25751,68.1,25.7,-261,-275,-325,213,180,181,-213,+289,192
2026-08-19,823424,669364,Xavier Edwards,Miami Marlins,Philadelphia Phillies,0,Aaron Nola,605400,R,132,533,127,4.2,3.99,1.08,1.06,1.0,0.2482,68.0,25.8,-249,-275,-310,216,180,184,-213,+288,184
2026-08-19,824476,701398,Sal Stewart,Cincinnati Reds,St. Louis Cardinals,1,Matthew Liberatore,669461,L,124,544,126,4.32,4.1,1.03,1.06,1.01,0.24023,67.6,25.6,-236,-275,-325,229,200,188,-209,+291,175
2026-08-19,822937,666018,Jonathan Aranda,Tampa Bay Rays,Toronto Blue Jays,1,Max Scherzer,453286,R,132,536,122,4.39,4.17,1.08,1.02,0.99,0.23586,67.4,25.5,-228,-275,-310,255,200,200,-207,+292,169
2026-08-19,822860,682928,CJ Abrams,Washington Nationals,Texas Rangers,0,Kumar Rocker,677958,R,130,529,123,4.3,4.08,1.08,1.02,1.01,0.23953,67.3,25.2,-212,-235,-265,253,210,220,-206,+297,158
2026-08-19,824318,681198,TJ Rumfield,Colorado Rockies,Los Angeles Dodgers,1,Roki Sasaki,808963,R,127,492,122,4.03,3.83,1.11,0.99,1.07,0.25287,67.3,24.8,-271,,-345,206,,181,-206,+303,199
2026-08-19,823342,805808,Kevin McGonigle,Detroit Tigers,Pittsburgh Pirates,0,Paul Skenes,694973,R,132,551,122,4.52,4.29,1.06,0.98,1.01,0.2282,67.1,25.3,-209,-220,-265,261,240,220,-204,+295,156
2026-08-19,823587,665487,Fernando Tatis Jr.,San Diego Padres,New York Mets,0,Robert Stock,476594,R,136,551,125,4.41,4.19,1.08,1.01,0.98,0.2331,67.1,25.2,-294,-275,-320,179,180,188,-204,+297,
2026-08-19,824318,664983,Jake McCarthy,Colorado Rockies,Los Angeles Dodgers,1,Roki Sasaki,808963,R,118,434,111,3.91,3.71,1.13,0.99,1.07,0.25906,67.1,24.5,-314,,-335,173,,175,-204,+308,
2026-08-19,824801,624413,Pete Alonso,Baltimore Orioles,New York Yankees,1,Will Warren,701542,R,126,547,126,4.34,4.12,1.04,1.04,1.0,0.23479,66.8,24.8,-257,-235,-320,216,230,195,-201,+303,190
2026-08-19,822937,691406,Junior Caminero,Tampa Bay Rays,Toronto Blue Jays,1,Max Scherzer,453286,R,131,547,125,4.38,4.16,1.06,1.02,0.99,0.23206,66.7,24.7,-231,-250,-290,237,220,198,-200,+305,171
2026-08-19,823748,694192,Jackson Chourio,Milwaukee Brewers,Seattle Mariners,1,Logan Gilbert,669302,R,104,415,92,4.51,4.28,1.08,0.96,1.0,0.22525,66.5,24.7,-209,-235,-275,258,240,210,-199,+305,156
2026-08-19,822860,607043,Brandon Nimmo,Texas Rangers,Washington Nationals,1,Cade Cavalli,676917,R,125,506,120,4.22,4.01,1.08,1.01,1.01,0.23853,66.5,24.4,-253,-220,-310,228,250,188,-199,+310,187
2026-08-19,824318,606192,Teoscar Hernández,Los Angeles Dodgers,Colorado Rockies,0,Kyle Freeland,607536,L,80,353,92,3.84,3.65,1.02,1.09,1.07,0.259,66.5,23.8,-308,,-390,164,,158,-199,+320,
2026-08-19,824722,672515,Gabriel Moreno,Arizona Diamondbacks,Boston Red Sox,0,Payton Tolle,801139,L,108,408,98,4.16,3.95,1.11,0.97,1.03,0.24077,66.3,24.1,-206,-275,-265,267,180,215,-197,+315,154
2026-08-19,823342,665833,Oneil Cruz,Pittsburgh Pirates,Detroit Tigers,1,Jackson Jobe,695549,R,67,286,65,4.4,4.18,1.03,1.01,1.01,0.22877,66.2,24.4,-163,-185,-190,353,310,305,-196,+310,122
2026-08-19,823664,686948,Drake Baldwin,Atlanta Braves,Minnesota Twins,0,Taj Bradley,671737,R,112,457,103,4.44,4.22,1.07,0.97,1.0,0.2266,66.2,24.4,-226,-250,-295,234,200,205,-196,+310,167
2026-08-19,824076,805779,Jacob Wilson,Athletics,Kansas City Royals,0,TBD,,,85,337,80,4.21,4.0,1.08,1.0,1.02,0.23748,66.2,24.1,,-300,-335,,160,181,-196,+315,
2026-08-19,823342,664040,Brandon Lowe,Pittsburgh Pirates,Detroit Tigers,1,Jackson Jobe,695549,R,119,526,119,4.42,4.2,1.03,1.01,1.01,0.22686,66.1,24.2,-227,-220,-265,248,250,215,-195,+313,168
2026-08-19,824476,691023,Jordan Walker,St. Louis Cardinals,Cincinnati Reds,0,Chase Burns,695505,R,138,525,123,4.27,4.06,1.12,0.95,1.01,0.23366,66.1,24.0,-182,-220,-218,308,250,250,-195,+317,136
2026-08-19,824318,669242,Tommy Edman,Los Angeles Dodgers,Colorado Rockies,0,Kyle Freeland,607536,L,46,190,51,3.73,3.54,1.04,1.09,1.07,0.26309,66.1,23.2,-422,,-480,127,,130,-195,+331,
2026-08-19,824318,663656,Kyle Tucker,Los Angeles Dodgers,Colorado Rockies,0,Kyle Freeland,607536,L,97,488,119,4.1,3.89,0.96,1.09,1.07,0.24204,66.0,23.7,-302,,-325,181,,184,-194,+322,
2026-08-19,823748,647304,Josh Naylor,Seattle Mariners,Milwaukee Brewers,0,Dustin May,669160,R,121,501,117,4.28,4.07,1.06,1.01,1.0,0.23203,65.9,23.9,-170,-210,-205,315,270,280,-193,+318,127
2026-08-19,823664,621439,Byron Buxton,Minnesota Twins,Atlanta Braves,1,AJ Smith-Shawver,700363,R,90,382,87,4.39,4.17,1.04,1.0,1.0,0.22674,65.8,23.9,-204,-225,-250,276,240,215,-192,+318,152
2026-08-19,824394,800050,Chase DeLauter,Cleveland Guardians,San Francisco Giants,1,Matt Wilkinson,683363,L,115,453,107,4.23,4.02,1.09,1.0,0.99,0.23397,65.7,23.7,,,,,,,-192,+322,
2026-08-19,824076,672580,Maikel Garcia,Kansas City Royals,Athletics,1,TBD,,,73,303,71,4.27,4.06,1.05,1.0,1.02,0.23155,65.7,23.7,-287,-275,-295,190,200,195,-192,+322,
2026-08-19,823424,607208,Trea Turner,Philadelphia Phillies,Miami Marlins,1,Sandy Alcantara,645261,R,123,543,122,4.45,4.23,1.03,1.0,1.0,0.22284,65.6,23.8,-308,-275,-320,184,175,191,-191,+320,
2026-08-19,824476,676475,Alec Burleson,St. Louis Cardinals,Cincinnati Reds,0,Chase Burns,695505,R,139,534,126,4.24,4.03,1.12,0.95,1.01,0.23244,65.6,23.5,-249,-250,-320,218,210,184,-191,+326,184
2026-08-19,824801,700250,Ben Rice,New York Yankees,Baltimore Orioles,0,Chris Bassitt,605135,R,111,513,120,4.28,4.07,1.0,1.06,1.0,0.23007,65.5,23.5,-273,-235,-295,190,230,195,-190,+326,
2026-08-19,823748,668227,Randy Arozarena,Seattle Mariners,Milwaukee Brewers,0,Dustin May,669160,R,120,506,118,4.29,4.08,1.05,1.01,1.0,0.22964,65.5,23.6,-167,-210,-200,325,250,285,-190,+324,125
2026-08-19,823664,671739,Michael Harris II,Atlanta Braves,Minnesota Twins,0,Taj Bradley,671737,R,133,479,120,3.99,3.79,1.15,0.97,1.0,0.24429,65.4,23.0,-246,-250,-290,221,210,191,-189,+335,181
2026-08-19,824722,677800,Wilyer Abreu,Boston Red Sox,Arizona Diamondbacks,1,Brandon Pfaadt,694297,R,120,535,123,4.35,4.13,1.02,1.0,1.03,0.22669,65.4,23.5,-267,-300,-325,209,165,178,-189,+326,196
2026-08-19,824155,670541,Yordan Alvarez,Houston Astros,Los Angeles Angels,1,Walbert Ureña,700712,R,143,547,124,4.41,4.19,1.12,0.93,0.99,0.22398,65.4,23.6,-277,-275,-295,200,200,184,-189,+324,
2026-08-19,824640,691718,Pete Crow-Armstrong,Chicago Cubs,Chicago White Sox,1,Sean Newcomb,656794,L,136,566,127,4.46,4.24,1.06,0.96,1.0,0.22052,65.2,23.5,-237,-220,-275,226,240,210,-187,+326,175
2026-08-19,822860,694671,Wyatt Langford,Texas Rangers,Washington Nationals,1,Cade Cavalli,676917,R,74,316,74,4.27,4.06,1.04,1.01,1.01,0.22907,65.2,23.3,-201,-200,-235,286,280,245,-187,+329,150
2026-08-19,824318,571970,Max Muncy,Los Angeles Dodgers,Colorado Rockies,0,Kyle Freeland,607536,L,97,440,117,3.76,3.57,1.01,1.09,1.07,0.25587,65.2,22.4,-260,,-320,200,,191,-187,+346,191
2026-08-19,823748,677594,Julio Rodríguez,Seattle Mariners,Milwaukee Brewers,0,Dustin May,669160,R,115,498,115,4.33,4.11,1.04,1.01,1.0,0.22608,65.1,23.2,-202,-220,-265,276,240,235,-187,+331,150
2026-08-19,823342,650402,Gleyber Torres,Detroit Tigers,Pittsburgh Pirates,0,Paul Skenes,694973,R,70,308,69,4.46,4.24,1.02,0.98,1.01,0.21958,65.0,23.4,-181,-210,-230,300,260,265,-186,+327,135
2026-08-19,823342,668804,Bryan Reynolds,Pittsburgh Pirates,Detroit Tigers,1,Jackson Jobe,695549,R,123,556,128,4.34,4.12,1.01,1.01,1.01,0.22401,64.8,23.0,-205,-210,-250,274,270,225,-184,+335,153
2026-08-19,823748,668930,Brice Turang,Milwaukee Brewers,Seattle Mariners,1,Logan Gilbert,669302,R,120,527,116,4.54,4.31,1.03,0.96,1.0,0.21466,64.7,23.1,-180,-190,-213,312,280,270,-183,+333,135
2026-08-19,824155,694384,Nolan Schanuel,Los Angeles Angels,Houston Astros,0,Ethan Pecko,814490,R,108,438,105,4.17,3.96,1.07,1.0,0.99,0.23105,64.7,22.6,-224,-275,-295,239,200,198,-183,+342,166
2026-08-19,824640,663538,Nico Hoerner,Chicago Cubs,Chicago White Sox,1,Sean Newcomb,656794,L,131,546,124,4.4,4.18,1.06,0.96,1.0,0.22012,64.6,22.9,-231,-250,-290,239,230,200,-182,+337,171
2026-08-19,824722,575929,Willson Contreras,Boston Red Sox,Arizona Diamondbacks,1,Brandon Pfaadt,694297,R,112,474,115,4.12,3.91,1.05,1.0,1.03,0.23312,64.6,22.5,-223,-275,-280,264,200,205,-182,+344,166
2026-08-19,824801,671218,Heliot Ramos,New York Yankees,Baltimore Orioles,0,Chris Bassitt,605135,R,79,352,86,4.09,3.89,1.02,1.06,1.0,0.23409,64.6,22.4,-268,-220,-295,203,240,181,-182,+346,197
2026-08-19,823664,621566,Matt Olson,Atlanta Braves,Minnesota Twins,0,Taj Bradley,671737,R,128,549,126,4.36,4.14,1.04,0.97,1.0,0.22112,64.5,22.7,-194,-210,-240,280,250,235,-182,+341,145
2026-08-19,824801,683002,Gunnar Henderson,Baltimore Orioles,New York Yankees,1,Will Warren,701542,R,111,567,125,4.54,4.31,0.94,1.04,1.0,0.21371,64.5,23.0,-210,-250,-280,272,210,205,-182,+335,157
2026-08-19,824318,650489,Willi Castro,Colorado Rockies,Los Angeles Dodgers,1,Roki Sasaki,808963,R,102,429,108,3.97,3.77,1.05,0.99,1.07,0.24024,64.5,22.2,-191,,-230,294,,265,-182,+350,143
2026-08-19,824394,808982,Jung Hoo Lee,San Francisco Giants,Cleveland Guardians,0,Parker Messick,800048,L,127,464,114,4.07,3.87,1.14,0.96,0.99,0.23373,64.3,22.2,-204,,-265,264,,220,-180,+350,152
2026-08-19,824076,695506,Jac Caglianone,Kansas City Royals,Athletics,1,TBD,,,118,459,118,3.89,3.7,1.1,1.0,1.02,0.24293,64.3,21.9,-248,-295,-295,224,185,191,-180,+357,183
2026-08-19,823587,666182,Bo Bichette,New York Mets,San Diego Padres,1,Michael King,650633,R,134,544,126,4.32,4.1,1.08,0.96,0.98,0.22116,64.1,22.3,-220,-250,-280,257,220,205,-179,+348,164
2026-08-19,824640,608324,Alex Bregman,Chicago Cubs,Chicago White Sox,1,Sean Newcomb,656794,L,126,567,124,4.57,4.34,1.02,0.96,1.0,0.21039,64.1,22.6,-230,-220,-265,236,250,215,-179,+342,170
2026-08-19,824801,671277,Luis García Jr.,New York Yankees,Baltimore Orioles,0,Chris Bassitt,605135,R,111,424,116,3.66,3.48,1.11,1.06,1.0,0.25492,64.1,21.3,-289,-275,-325,182,200,191,-179,+369,
2026-08-19,823342,693307,Dillon Dingler,Detroit Tigers,Pittsburgh Pirates,0,Paul Skenes,694973,R,115,496,117,4.24,4.03,1.04,0.98,1.01,0.22337,63.9,22.0,-200,-210,-245,266,250,235,-177,+355,149
2026-08-19,824640,673548,Seiya Suzuki,Chicago Cubs,Chicago White Sox,1,Sean Newcomb,656794,L,112,479,109,4.39,4.17,1.04,0.96,1.0,0.21621,63.8,22.1,-213,-235,-250,261,230,230,-176,+352,159
2026-08-19,822860,695734,Daylen Lile,Washington Nationals,Texas Rangers,0,Kumar Rocker,677958,R,117,516,125,4.13,3.92,1.03,1.02,1.01,0.22835,63.8,21.8,-187,-235,-245,293,230,235,-176,+359,140
2026-08-19,824155,665161,Jeremy Peña,Houston Astros,Los Angeles Angels,1,Walbert Ureña,700712,R,88,339,78,4.35,4.13,1.09,0.93,0.99,0.21826,63.8,22.1,-279,-235,-290,197,220,198,-176,+352,
2026-08-19,822937,676391,Ernie Clement,Toronto Blue Jays,Tampa Bay Rays,0,Drew Rasmussen,656876,R,135,498,124,4.02,3.82,1.14,0.95,0.99,0.2331,63.7,21.6,-169,-185,-200,328,300,285,-175,+363,127
2026-08-19,822937,689414,Liam Hicks,Tampa Bay Rays,Toronto Blue Jays,1,Max Scherzer,453286,R,110,456,113,4.04,3.84,1.06,1.02,0.99,0.23195,63.7,21.6,-193,-200,-245,292,280,240,-175,+363,144
2026-08-19,824318,694249,Cole Carrigg,Colorado Rockies,Los Angeles Dodgers,1,Roki Sasaki,808963,R,55,227,58,3.91,3.71,1.04,0.99,1.07,0.23848,63.6,21.3,-257,,-335,220,,181,-175,+369,190
2026-08-19,824722,668939,Adley Rutschman,Boston Red Sox,Arizona Diamondbacks,1,Brandon Pfaadt,694297,R,67,316,74,4.27,4.06,0.99,1.0,1.03,0.22008,63.5,21.8,-205,-235,-275,277,240,215,-174,+359,153
2026-08-19,823424,669016,Brandon Marsh,Philadelphia Phillies,Miami Marlins,1,Sandy Alcantara,645261,R,120,477,121,3.94,3.74,1.09,1.0,1.0,0.23618,63.5,21.3,-183,-250,-240,300,220,245,-174,+369,137
2026-08-19,824640,805367,Chase Meidroth,Chicago White Sox,Chicago Cubs,0,Clay Holmes,605280,R,122,506,120,4.22,4.01,1.06,0.96,1.0,0.22159,63.4,21.6,-165,-185,-193,340,300,300,-173,+363,124
2026-08-19,824722,686765,Nick Sogard,Boston Red Sox,Arizona Diamondbacks,1,Brandon Pfaadt,694297,R,28,131,31,4.23,4.02,1.0,1.0,1.03,0.22141,63.4,21.6,-228,-275,-280,246,190,205,-173,+363,169
2026-08-19,823424,656941,Kyle Schwarber,Philadelphia Phillies,Miami Marlins,1,Sandy Alcantara,645261,R,111,541,121,4.47,4.25,0.97,1.0,1.0,0.21053,63.4,21.9,-224,-210,-240,266,260,240,-173,+357,166
2026-08-19,823664,605137,Josh Bell,Minnesota Twins,Atlanta Braves,1,AJ Smith-Shawver,700363,R,116,495,122,4.06,3.86,1.05,1.0,1.0,0.22728,63.0,21.1,-192,-200,-240,289,280,250,-170,+374,144
2026-08-19,823748,621493,Taylor Ward,Seattle Mariners,Milwaukee Brewers,0,Dustin May,669160,R,106,538,119,4.52,4.29,0.95,1.01,1.0,0.20677,63.0,21.6,-152,-185,-190,354,280,305,-170,+363,114
2026-08-19,823748,661388,William Contreras,Milwaukee Brewers,Seattle Mariners,1,Logan Gilbert,669302,R,116,504,117,4.31,4.09,1.04,0.96,1.0,0.21586,63.0,21.4,-222,-220,-250,259,250,230,-170,+367,165
2026-08-19,823664,645277,Ozzie Albies,Atlanta Braves,Minnesota Twins,0,Taj Bradley,671737,R,121,538,126,4.27,4.06,1.02,0.97,1.0,0.21641,62.8,21.2,-175,-190,-205,311,280,280,-169,+372,131
2026-08-19,823664,680777,Ryan Jeffers,Minnesota Twins,Atlanta Braves,1,AJ Smith-Shawver,700363,R,62,259,64,4.05,3.85,1.04,1.0,1.0,0.2264,62.8,20.8,-209,-190,-235,271,280,240,-169,+381,155
2026-08-19,824722,682998,Corbin Carroll,Arizona Diamondbacks,Boston Red Sox,0,Payton Tolle,801139,L,113,533,123,4.33,4.11,0.99,0.97,1.03,0.21387,62.8,21.2,-207,-250,-265,273,210,215,-169,+372,154
2026-08-19,823748,702284,Cole Young,Seattle Mariners,Milwaukee Brewers,0,Dustin May,669160,R,119,505,126,4.01,3.81,1.05,1.01,1.0,0.22878,62.8,20.8,-180,-185,-205,318,300,280,-169,+381,135
2026-08-19,823587,701538,Jackson Merrill,San Diego Padres,New York Mets,0,Robert Stock,476594,R,116,519,124,4.19,3.98,1.02,1.01,0.98,0.21954,62.7,21.0,-254,-235,-320,216,220,188,-168,+376,188
2026-08-19,824076,686469,Vinnie Pasquantino,Kansas City Royals,Athletics,1,TBD,,,71,344,81,4.25,4.04,0.98,1.0,1.02,0.21605,62.6,20.9,-178,-220,-209,318,260,275,-167,+378,133
2026-08-19,823342,663968,Jake Mangum,Pittsburgh Pirates,Detroit Tigers,1,Jackson Jobe,695549,R,103,380,105,3.62,3.44,1.12,1.01,1.01,0.24836,62.5,20.0,,,,,,,-167,+400,
2026-08-19,823424,547180,Bryce Harper,Philadelphia Phillies,Miami Marlins,1,Sandy Alcantara,645261,R,115,542,127,4.27,4.06,0.99,1.0,1.0,0.21456,62.5,20.9,-242,-250,-295,229,210,195,-167,+378,179
2026-08-19,823587,701807,Carson Benge,New York Mets,San Diego Padres,1,Michael King,650633,R,123,499,121,4.12,3.91,1.08,0.96,0.98,0.22065,62.3,20.5,-197,-200,-235,282,280,235,-165,+388,147
2026-08-19,824318,666160,Mickey Moniak,Colorado Rockies,Los Angeles Dodgers,1,Roki Sasaki,808963,R,78,327,87,3.76,3.57,1.05,0.99,1.07,0.23908,62.3,20.0,-262,,-310,217,,184,-165,+400,193
2026-08-19,823664,643289,Mauricio Dubón,Atlanta Braves,Minnesota Twins,0,Taj Bradley,671737,R,115,482,119,4.05,3.85,1.06,0.97,1.0,0.2235,62.2,20.4,-201,-200,-250,270,280,240,-165,+390,150
2026-08-19,824476,802139,JJ Wetherholt,St. Louis Cardinals,Cincinnati Reds,0,Chase Burns,695505,R,113,547,121,4.52,4.29,0.97,0.95,1.01,0.20282,62.2,20.9,-184,-210,-230,291,250,250,-165,+378,137
2026-08-19,824155,687263,Zach Neto,Los Angeles Angels,Houston Astros,0,Ethan Pecko,814490,R,108,544,122,4.46,4.24,0.95,1.0,0.99,0.2051,62.2,20.9,-158,-165,-182,360,340,325,-165,+378,118
2026-08-19,823664,660670,Ronald Acuña Jr.,Atlanta Braves,Minnesota Twins,0,Taj Bradley,671737,R,67,325,74,4.39,4.17,0.98,0.97,1.0,0.20716,62.0,20.6,-217,-250,-280,245,200,205,-163,+385,161
2026-08-19,824722,672695,Geraldo Perdomo,Arizona Diamondbacks,Boston Red Sox,0,Payton Tolle,801139,L,108,528,122,4.33,4.11,0.97,0.97,1.03,0.20964,62.0,20.5,-183,-220,-230,305,240,250,-163,+388,137
2026-08-19,824155,545361,Mike Trout,Los Angeles Angels,Houston Astros,0,Ethan Pecko,814490,R,93,478,107,4.47,4.25,0.94,1.0,0.99,0.20352,62.0,20.7,-172,-185,-197,334,300,290,-163,+383,129
2026-08-19,824076,695720,Tommy White,Athletics,Kansas City Royals,0,TBD,,,28,109,28,3.89,3.7,1.04,1.0,1.02,0.22963,61.9,19.9,-198,-200,-240,290,275,240,-162,+403,148
2026-08-19,822860,677649,Ezequiel Duran,Texas Rangers,Washington Nationals,1,Cade Cavalli,676917,R,107,447,117,3.82,3.63,1.06,1.01,1.01,0.23344,61.9,19.8,-162,-190,-197,352,280,290,-162,+405,122
2026-08-19,824640,683737,Michael Busch,Chicago Cubs,Chicago White Sox,1,Sean Newcomb,656794,L,116,561,125,4.49,4.27,0.97,0.96,1.0,0.20175,61.8,20.6,-200,-210,-235,282,260,245,-162,+385,149
2026-08-19,823424,664761,Alec Bohm,Philadelphia Phillies,Miami Marlins,1,Sandy Alcantara,645261,R,110,496,122,4.07,3.87,1.01,1.0,1.0,0.21998,61.8,20.0,-241,-235,-295,232,230,205,-162,+400,178
2026-08-19,823424,681082,Bryson Stott,Philadelphia Phillies,Miami Marlins,1,Sandy Alcantara,645261,R,112,477,121,3.94,3.74,1.05,1.0,1.0,0.22704,61.8,19.9,-221,-220,-250,260,250,230,-162,+403,164
2026-08-19,824394,680757,Steven Kwan,Cleveland Guardians,San Francisco Giants,1,Matt Wilkinson,683363,L,107,477,116,4.11,3.9,1.02,1.0,0.99,0.21853,61.8,20.1,-245,-275,-320,223,200,181,-162,+398,181
2026-08-19,824476,671056,Iván Herrera,St. Louis Cardinals,Cincinnati Reds,0,Chase Burns,695505,R,116,563,126,4.47,4.25,0.97,0.95,1.01,0.20245,61.8,20.5,-200,-210,-240,275,250,240,-162,+388,149
2026-08-19,824476,668709,JJ Bleday,Cincinnati Reds,St. Louis Cardinals,1,Matthew Liberatore,669461,L,76,407,98,4.15,3.94,0.93,1.06,1.01,0.21696,61.8,20.2,-159,-160,-190,365,350,325,-162,+395,119
2026-08-19,823664,686797,Brooks Lee,Minnesota Twins,Atlanta Braves,1,AJ Smith-Shawver,700363,R,109,485,121,4.01,3.81,1.02,1.0,1.0,0.22191,61.6,19.8,-157,-165,-190,370,333,305,-160,+405,118
2026-08-19,824394,608070,José Ramírez,Cleveland Guardians,San Francisco Giants,1,Matt Wilkinson,683363,L,82,402,93,4.32,4.1,0.97,1.0,0.99,0.20811,61.6,20.2,-276,-275,-310,199,180,200,-160,+395,
2026-08-19,823664,807712,Luke Keaschall,Minnesota Twins,Atlanta Braves,1,AJ Smith-Shawver,700363,R,107,466,118,3.95,3.75,1.03,1.0,1.0,0.22446,61.5,19.6,-179,-185,-200,313,310,285,-160,+410,134
2026-08-19,822860,669394,Jake Burger,Texas Rangers,Washington Nationals,1,Cade Cavalli,676917,R,105,480,120,4.0,3.8,1.01,1.01,1.01,0.22236,61.5,19.8,-168,-160,-179,341,360,325,-160,+405,126
2026-08-19,823342,687462,Spencer Horwitz,Pittsburgh Pirates,Detroit Tigers,1,Jackson Jobe,695549,R,75,343,86,3.99,3.79,1.0,1.01,1.01,0.22222,61.4,19.6,-233,-250,-275,235,210,210,-159,+410,173
2026-08-19,824076,680869,Zack Gelof,Athletics,Kansas City Royals,0,TBD,,,70,281,75,3.75,3.56,1.06,1.0,1.02,0.23454,61.4,19.3,-193,-225,-250,278,240,230,-159,+418,144
2026-08-19,823664,668904,Royce Lewis,Minnesota Twins,Atlanta Braves,1,AJ Smith-Shawver,700363,R,81,377,92,4.1,3.89,1.0,1.0,1.0,0.21657,61.3,19.7,-178,-175,-200,331,310,285,-158,+408,133
2026-08-19,824394,666176,Jo Adell,Cleveland Guardians,San Francisco Giants,1,Matt Wilkinson,683363,L,111,510,124,4.11,3.9,1.0,1.0,0.99,0.21496,61.1,19.5,-217,-235,-280,264,230,205,-157,+413,161
2026-08-19,824318,687859,Troy Johnston,Colorado Rockies,Los Angeles Dodgers,1,Roki Sasaki,808963,R,93,375,106,3.54,3.36,1.07,0.99,1.07,0.24471,61.1,18.7,,,,,,,-157,+435,
2026-08-19,823748,680977,Brendan Donovan,Seattle Mariners,Milwaukee Brewers,0,Dustin May,669160,R,32,144,36,4.0,3.8,1.01,1.01,1.0,0.21954,61.0,19.3,-170,-185,-193,324,230,290,-156,+418,127
2026-08-19,824640,678246,Miguel Vargas,Chicago White Sox,Chicago Cubs,0,Clay Holmes,605280,R,110,542,123,4.41,4.19,0.96,0.96,1.0,0.20086,60.9,19.8,-198,-190,-225,274,280,260,-156,+405,148
2026-08-19,823424,682663,Agustín Ramírez,Miami Marlins,Philadelphia Phillies,0,Aaron Nola,605400,R,35,164,43,3.81,3.62,1.0,1.06,1.0,0.22838,60.9,19.0,,,,,,,-156,+426,
2026-08-19,824394,683953,Travis Bazzana,Cleveland Guardians,San Francisco Giants,1,Matt Wilkinson,683363,L,79,393,92,4.27,4.06,0.96,1.0,0.99,0.20673,60.9,19.6,-172,-160,-182,334,340,320,-156,+410,129
2026-08-19,823664,665019,Kody Clemens,Minnesota Twins,Atlanta Braves,1,AJ Smith-Shawver,700363,R,95,445,110,4.05,3.85,0.99,1.0,1.0,0.21578,60.8,19.2,-168,-160,-190,342,350,300,-155,+421,126
2026-08-19,824722,702332,Caleb Durbin,Boston Red Sox,Arizona Diamondbacks,1,Brandon Pfaadt,694297,R,103,453,119,3.81,3.62,1.03,1.0,1.03,0.22804,60.8,18.9,-223,-225,-265,254,240,215,-155,+429,165
2026-08-19,824801,502671,Paul Goldschmidt,New York Yankees,Baltimore Orioles,0,Chris Bassitt,605135,R,74,330,89,3.71,3.52,1.02,1.06,1.0,0.23386,60.8,18.8,,,,,,,-155,+432,
2026-08-19,824801,663757,Trent Grisham,New York Yankees,Baltimore Orioles,0,Chris Bassitt,605135,R,82,419,105,3.99,3.79,0.95,1.06,1.0,0.21883,60.8,19.1,-229,-210,-290,230,260,205,-155,+424,170
2026-08-19,823748,592885,Christian Yelich,Milwaukee Brewers,Seattle Mariners,1,Logan Gilbert,669302,R,77,381,87,4.38,4.16,0.97,0.96,1.0,0.20176,60.8,19.7,-132,-160,-154,454,350,380,-155,+408,-101
2026-08-19,823587,596019,Francisco Lindor,New York Mets,San Diego Padres,1,Michael King,650633,R,64,305,70,4.36,4.14,0.99,0.96,0.98,0.20216,60.7,19.6,-214,-220,-265,258,250,220,-154,+410,159
2026-08-19,824640,803011,Sam Antonacci,Chicago White Sox,Chicago Cubs,0,Clay Holmes,605280,R,99,420,105,4.0,3.8,1.05,0.96,1.0,0.21783,60.7,19.1,-238,-235,-280,218,220,198,-154,+424,176
2026-08-19,823748,641343,Jake Bauers,Milwaukee Brewers,Seattle Mariners,1,Logan Gilbert,669302,R,106,452,113,4.0,3.8,1.04,0.96,1.0,0.21773,60.7,19.1,-140,-140,-152,410,400,390,-154,+424,105
2026-08-19,824076,521692,Salvador Perez,Kansas City Royals,Athletics,1,TBD,,,96,488,117,4.17,3.96,0.95,1.0,1.02,0.20973,60.6,19.2,-219,-210,-260,248,270,215,-154,+421,163
2026-08-19,822860,691781,Brady House,Washington Nationals,Texas Rangers,0,Kumar Rocker,677958,R,54,248,64,3.88,3.69,1.0,1.02,1.01,0.2229,60.6,18.8,-136,-165,-162,422,325,360,-154,+432,102
2026-08-19,823342,699013,Esmerlyn Valdez,Pittsburgh Pirates,Detroit Tigers,1,Jackson Jobe,695549,R,48,231,58,3.98,3.78,0.99,1.01,1.01,0.21794,60.5,18.9,-154,-165,-176,383,340,325,-153,+429,116
2026-08-19,824394,646240,Rafael Devers,San Francisco Giants,Cleveland Guardians,0,Parker Messick,800048,L,115,529,125,4.23,4.02,1.0,0.96,0.99,0.20517,60.3,19.0,-162,-210,-193,368,250,300,-152,+426,122
2026-08-19,824476,553993,Eugenio Suárez,Cincinnati Reds,St. Louis Cardinals,1,Matthew Liberatore,669461,L,70,379,95,3.99,3.79,0.93,1.06,1.01,0.21647,60.3,18.8,-147,-185,-176,420,310,325,-152,+432,111
2026-08-19,822860,686611,Dylan Crews,Washington Nationals,Texas Rangers,0,Kumar Rocker,677958,R,59,306,75,4.08,3.88,0.95,1.02,1.01,0.21187,60.3,18.9,-176,-175,-190,315,310,290,-152,+429,132
2026-08-19,824394,677587,Brayan Rocchio,Cleveland Guardians,San Francisco Giants,1,Matt Wilkinson,683363,L,108,475,122,3.89,3.7,1.03,1.0,0.99,0.22016,60.2,18.5,-177,-160,-193,333,340,300,-151,+441,132
2026-08-19,822860,608369,Corey Seager,Texas Rangers,Washington Nationals,1,Cade Cavalli,676917,R,50,278,66,4.21,4.0,0.93,1.01,1.01,0.20576,60.2,19.0,-196,-210,-240,288,260,260,-151,+426,146
2026-08-19,824076,703607,Henry Bolte,Athletics,Kansas City Royals,0,TBD,,,73,308,83,3.71,3.52,1.04,1.0,1.02,0.22992,60.1,18.2,-247,-210,-290,222,270,200,-151,+449,182
2026-08-19,824155,670623,Isaac Paredes,Houston Astros,Los Angeles Angels,1,Walbert Ureña,700712,R,113,505,119,4.24,4.03,1.02,0.93,0.99,0.20375,60.1,18.9,-200,-200,-218,271,270,250,-151,+429,149
2026-08-19,824155,514888,Jose Altuve,Houston Astros,Los Angeles Angels,1,Walbert Ureña,700712,R,95,426,100,4.26,4.05,1.02,0.93,0.99,0.2031,60.1,19.0,-206,-190,-235,260,300,245,-151,+426,153
2026-08-19,824722,680776,Jarren Duran,Boston Red Sox,Arizona Diamondbacks,1,Brandon Pfaadt,694297,R,92,500,118,4.24,4.03,0.92,1.0,1.03,0.20359,60.0,18.9,-183,-220,-240,320,250,245,-150,+429,137
2026-08-19,823587,664034,Ty France,San Diego Padres,New York Mets,0,Robert Stock,476594,R,94,361,101,3.57,3.39,1.1,1.01,0.98,0.23634,59.9,17.9,-226,-250,-265,235,220,205,-149,+459,168
2026-08-19,824640,808959,Munetaka Murakami,Chicago White Sox,Chicago Cubs,0,Clay Holmes,605280,R,75,393,90,4.37,4.15,0.94,0.96,1.0,0.19612,59.6,18.7,-163,-165,-190,345,325,305,-148,+435,122
2026-08-19,823587,592518,Manny Machado,San Diego Padres,New York Mets,0,Robert Stock,476594,R,100,528,124,4.26,4.05,0.93,1.01,0.98,0.20024,59.5,18.5,-254,-220,-280,212,240,198,-147,+441,187
2026-08-19,824801,665862,Jazz Chisholm Jr.,New York Yankees,Baltimore Orioles,0,Chris Bassitt,605135,R,87,455,116,3.92,3.72,0.94,1.06,1.0,0.21583,59.5,18.1,-181,-165,-205,306,340,285,-147,+452,135
2026-08-19,822860,660688,Keibert Ruiz,Washington Nationals,Texas Rangers,0,Kumar Rocker,677958,R,72,280,81,3.46,3.29,1.08,1.02,1.01,0.23961,59.4,17.3,-182,-165,-205,320,333,290,-146,+478,137
2026-08-19,823587,805999,A.J. Ewing,New York Mets,San Diego Padres,1,Michael King,650633,R,77,354,86,4.12,3.91,1.0,0.96,0.98,0.20534,59.3,18.2,-207,-220,-260,275,240,215,-146,+449,154
2026-08-19,824155,687093,Vaughn Grissom,Los Angeles Angels,Houston Astros,0,Ethan Pecko,814490,R,71,319,83,3.84,3.65,1.01,1.0,0.99,0.21808,59.3,17.8,-166,-185,-193,344,300,285,-146,+462,125
2026-08-19,824640,695731,Braden Montgomery,Chicago White Sox,Chicago Cubs,0,Clay Holmes,605280,R,49,240,58,4.14,3.93,0.98,0.96,1.0,0.2039,59.2,18.1,-176,-190,-218,320,300,265,-145,+452,132
2026-08-19,822937,543807,George Springer,Toronto Blue Jays,Tampa Bay Rays,0,Drew Rasmussen,656876,R,83,403,95,4.24,4.03,0.98,0.95,0.99,0.1995,59.2,18.2,-174,-185,-209,327,310,275,-145,+449,130
2026-08-19,824722,571448,Nolan Arenado,Arizona Diamondbacks,Boston Red Sox,0,Payton Tolle,801139,L,98,458,118,3.88,3.69,0.99,0.97,1.03,0.21509,59.1,17.7,-178,-210,-225,317,270,260,-144,+465,133
2026-08-19,824394,805811,Bryce Eldridge,San Francisco Giants,Cleveland Guardians,0,Parker Messick,800048,L,73,335,82,4.09,3.89,1.0,0.96,0.99,0.20529,59.1,18.0,-144,-190,-179,409,280,320,-144,+456,108
2026-08-19,824476,691026,Masyn Winn,St. Louis Cardinals,Cincinnati Reds,0,Chase Burns,695505,R,103,484,119,4.07,3.87,0.99,0.95,1.01,0.20639,59.1,18.0,-146,-155,-170,397,375,360,-144,+456,110
2026-08-19,823664,663616,Trevor Larnach,Minnesota Twins,Atlanta Braves,1,AJ Smith-Shawver,700363,R,89,374,103,3.63,3.45,1.05,1.0,1.0,0.22779,59.0,17.3,-165,-185,-200,341,300,300,-144,+478,124
2026-08-19,824476,663886,Tyler Stephenson,Cincinnati Reds,St. Louis Cardinals,1,Matthew Liberatore,669461,L,75,347,98,3.54,3.36,1.0,1.06,1.01,0.23295,59.0,17.1,-184,-250,-240,322,220,260,-144,+485,138
2026-08-19,823342,595879,Javier Báez,Detroit Tigers,Pittsburgh Pirates,0,Paul Skenes,694973,R,35,144,39,3.69,3.51,1.03,0.98,1.01,0.22191,58.6,17.1,,,,,,,-142,+485,
2026-08-19,824722,814439,Ryan Waldschmidt,Arizona Diamondbacks,Boston Red Sox,0,Payton Tolle,801139,L,53,217,60,3.62,3.44,1.05,0.97,1.03,0.22618,58.6,17.0,-114,-145,-136,482,390,450,-142,+488,-117
2026-08-19,824394,642715,Willy Adames,San Francisco Giants,Cleveland Guardians,0,Parker Messick,800048,L,100,485,116,4.18,3.97,0.97,0.96,0.99,0.19934,58.6,17.7,,,,,,,-142,+465,
2026-08-19,824076,695600,Carter Jensen,Kansas City Royals,Athletics,1,TBD,,,91,468,118,3.97,3.77,0.95,1.0,1.02,0.20869,58.6,17.5,-140,,-152,417,,375,-142,+471,105
2026-08-19,824640,695657,Colson Montgomery,Chicago White Sox,Chicago Cubs,0,Clay Holmes,605280,R,97,499,118,4.23,4.02,0.94,0.96,1.0,0.19655,58.5,17.7,-148,-145,-159,403,390,375,-141,+465,111
2026-08-19,822937,672386,Alejandro Kirk,Toronto Blue Jays,Tampa Bay Rays,0,Drew Rasmussen,656876,R,48,197,51,3.86,3.67,1.04,0.95,0.99,0.21296,58.5,17.2,-206,-200,-260,278,270,225,-141,+481,154
2026-08-19,823424,681715,Heriberto Hernández,Miami Marlins,Philadelphia Phillies,0,Aaron Nola,605400,R,71,347,95,3.65,3.47,0.97,1.06,1.0,0.22349,58.4,16.9,-160,-210,-193,351,260,290,-140,+492,120
2026-08-19,824722,545121,Ildemaro Vargas,Arizona Diamondbacks,Boston Red Sox,0,Payton Tolle,801139,L,95,386,111,3.48,3.31,1.07,0.97,1.03,0.23097,58.1,16.4,-238,-235,-295,219,210,195,-139,+510,176
2026-08-19,824801,676609,José Caballero,New York Yankees,Baltimore Orioles,0,Chris Bassitt,605135,R,79,361,104,3.47,3.3,1.01,1.06,1.0,0.23132,58.0,16.3,,,,,,,-138,+513,
2026-08-19,823587,650859,Luis Rengifo,San Diego Padres,New York Mets,0,Robert Stock,476594,R,69,325,86,3.78,3.59,0.99,1.01,0.98,0.21373,57.8,16.7,-210,-210,-240,263,270,230,-137,+499,156
2026-08-19,824722,678011,Anthony Seigler,Boston Red Sox,Arizona Diamondbacks,1,Brandon Pfaadt,694297,R,35,158,44,3.59,3.41,1.01,1.0,1.03,0.22356,57.8,16.4,,,,,,,-137,+510,
2026-08-19,824076,643446,Jeff McNeil,Athletics,Kansas City Royals,0,TBD,,,90,379,110,3.45,3.28,1.05,1.0,1.02,0.23122,57.8,16.1,-290,-275,-320,178,170,188,-137,+521,
2026-08-19,823664,663586,Austin Riley,Atlanta Braves,Minnesota Twins,0,Taj Bradley,671737,R,100,500,125,4.0,3.8,0.96,0.97,1.0,0.20273,57.7,16.9,-160,-175,-182,364,310,305,-136,+492,120
2026-08-19,824722,681508,Mickey Gasper,Boston Red Sox,Arizona Diamondbacks,1,Brandon Pfaadt,694297,R,29,128,36,3.56,3.38,1.01,1.0,1.03,0.22461,57.7,16.2,-159,-175,-190,361,310,305,-136,+517,120
2026-08-19,823424,805300,Jakob Marsee,Miami Marlins,Philadelphia Phillies,0,Aaron Nola,605400,R,84,482,122,3.95,3.75,0.89,1.06,1.0,0.20489,57.7,16.8,-205,-220,-230,282,240,250,-136,+495,152
2026-08-19,823587,630105,Jake Cronenworth,San Diego Padres,New York Mets,0,Robert Stock,476594,R,58,288,75,3.84,3.65,0.97,1.01,0.98,0.2093,57.6,16.6,-206,-200,-240,261,270,250,-136,+502,153
2026-08-19,823424,691594,Javier Sanoja,Miami Marlins,Philadelphia Phillies,0,Aaron Nola,605400,R,88,345,109,3.17,3.01,1.08,1.06,1.0,0.24826,57.6,15.5,-216,-250,-275,264,220,210,-136,+545,161
2026-08-19,822937,672960,Kazuma Okamoto,Toronto Blue Jays,Tampa Bay Rays,0,Drew Rasmussen,656876,R,102,498,122,4.08,3.88,0.97,0.95,0.99,0.19838,57.6,16.9,-123,-140,-139,485,390,425,-136,+492,-108
2026-08-19,824076,686681,Michael Massey,Kansas City Royals,Athletics,1,TBD,,,89,352,106,3.32,3.15,1.08,1.0,1.02,0.23817,57.6,15.8,-167,-210,-197,338,270,290,-136,+533,126
2026-08-19,823342,679529,Spencer Torkelson,Detroit Tigers,Pittsburgh Pirates,0,Paul Skenes,694973,R,97,492,125,3.94,3.74,0.95,0.98,1.01,0.20434,57.5,16.6,-117,-135,-139,517,425,450,-135,+502,-113
2026-08-19,824155,572233,Christian Walker,Houston Astros,Los Angeles Angels,1,Walbert Ureña,700712,R,104,501,122,4.11,3.9,0.98,0.93,0.99,0.19542,57.2,16.6,-180,-155,-197,309,390,305,-134,+502,135
2026-08-19,824640,664023,Ian Happ,Chicago Cubs,Chicago White Sox,1,Sean Newcomb,656794,L,96,520,123,4.23,4.02,0.92,0.96,1.0,0.18993,57.1,16.7,-172,-155,-182,338,375,325,-133,+499,129
2026-08-19,823587,593428,Xander Bogaerts,San Diego Padres,New York Mets,0,Robert Stock,476594,R,90,478,120,3.98,3.78,0.93,1.01,0.98,0.2003,57.0,16.4,-175,-165,-197,324,325,290,-133,+510,131
2026-08-19,824722,663457,Lars Nootbaar,Arizona Diamondbacks,Boston Red Sox,0,Payton Tolle,801139,L,42,226,59,3.83,3.64,0.95,0.97,1.03,0.20536,56.7,15.9,-161,,-182,357,,320,-131,+529,121
2026-08-19,824394,682657,Angel Martínez,Cleveland Guardians,San Francisco Giants,1,Matt Wilkinson,683363,L,69,310,86,3.6,3.42,1.01,1.0,0.99,0.21695,56.7,15.6,-239,-235,-280,217,230,198,-131,+541,177
2026-08-19,823424,665052,Griffin Conine,Miami Marlins,Philadelphia Phillies,0,Aaron Nola,605400,R,47,194,60,3.23,3.07,1.04,1.06,1.0,0.23825,56.6,15.0,-157,-190,-173,376,280,330,-130,+567,118
2026-08-19,824076,641680,Jonah Heim,Athletics,Kansas City Royals,0,TBD,,,56,290,78,3.72,3.53,0.95,1.0,1.02,0.21078,56.6,15.8,-166,-165,-193,346,325,300,-130,+533,125
2026-08-19,822860,696285,Jacob Young,Washington Nationals,Texas Rangers,0,Kumar Rocker,677958,R,85,378,111,3.41,3.24,1.02,1.02,1.01,0.22659,56.5,15.2,-108,-140,-127,521,375,500,-130,+558,-123
2026-08-19,823748,669003,Garrett Mitchell,Milwaukee Brewers,Seattle Mariners,1,Logan Gilbert,669302,R,93,421,114,3.69,3.51,1.01,0.96,1.0,0.2107,56.4,15.6,-127,-130,-145,456,450,425,-129,+541,-104
2026-08-19,823424,592663,J.T. Realmuto,Philadelphia Phillies,Miami Marlins,1,Sandy Alcantara,645261,R,68,357,94,3.8,3.61,0.94,1.0,1.0,0.20475,56.3,15.6,-171,-190,-205,326,300,280,-129,+541,128
2026-08-19,824155,673237,Yainer Diaz,Houston Astros,Los Angeles Angels,1,Walbert Ureña,700712,R,59,246,66,3.73,3.54,1.04,0.93,0.99,0.20821,56.2,15.5,,,,,,,-128,+545,
2026-08-19,824722,596146,Max Kepler,Arizona Diamondbacks,Boston Red Sox,0,Payton Tolle,801139,L,24,124,34,3.65,3.47,0.97,0.97,1.03,0.211,56.1,15.3,,,,,,,-128,+554,
2026-08-19,824801,665750,Leody Taveras,Baltimore Orioles,New York Yankees,1,Will Warren,701542,R,77,384,109,3.52,3.34,0.96,1.04,1.0,0.21824,56.1,15.1,-169,-185,-190,352,310,305,-128,+562,127
2026-08-19,824318,678662,Ezequiel Tovar,Colorado Rockies,Los Angeles Dodgers,1,Roki Sasaki,808963,R,79,419,116,3.61,3.43,0.93,0.99,1.07,0.21352,56.1,15.3,-181,,-230,322,,260,-128,+554,136
2026-08-19,824722,543510,James McCann,Arizona Diamondbacks,Boston Red Sox,0,Payton Tolle,801139,L,34,122,37,3.3,3.13,1.07,0.97,1.03,0.23096,56.0,14.7,,,,,,,-127,+580,
2026-08-19,823748,686527,Dominic Canzone,Seattle Mariners,Milwaukee Brewers,0,Dustin May,669160,R,87,376,111,3.39,3.22,1.03,1.01,1.0,0.22528,56.0,14.9,-159,-185,-190,357,280,305,-127,+571,120
2026-08-19,823587,669134,Luis Campusano,San Diego Padres,New York Mets,0,Robert Stock,476594,R,40,153,46,3.33,3.16,1.06,1.01,0.98,0.22798,55.9,14.7,-166,-165,-193,330,333,300,-127,+580,125
2026-08-19,824722,655316,Andruw Monasterio,Boston Red Sox,Arizona Diamondbacks,1,Brandon Pfaadt,694297,R,67,282,86,3.28,3.12,1.04,1.0,1.03,0.23105,55.9,14.6,-172,-220,-197,334,250,285,-127,+585,129
2026-08-19,824394,663993,Nathaniel Lowe,Cleveland Guardians,San Francisco Giants,1,Matt Wilkinson,683363,L,76,313,93,3.37,3.2,1.05,1.0,0.99,0.22575,55.9,14.8,-194,,-225,283,,245,-127,+576,145
2026-08-19,824476,680574,Matt McLain,Cincinnati Reds,St. Louis Cardinals,1,Matthew Liberatore,669461,L,63,377,102,3.7,3.52,0.89,1.06,1.01,0.20732,55.9,15.2,-137,-185,-159,450,310,360,-127,+558,103
2026-08-19,822937,656775,Cedric Mullins,Tampa Bay Rays,Toronto Blue Jays,1,Max Scherzer,453286,R,76,413,108,3.82,3.63,0.92,1.02,0.99,0.20198,55.9,15.4,-145,-125,-154,407,450,380,-127,+549,109
2026-08-19,824801,702616,Jackson Holliday,Baltimore Orioles,New York Yankees,1,Will Warren,701542,R,52,254,74,3.43,3.26,0.98,1.04,1.0,0.22163,55.8,14.8,-187,-235,-230,284,230,245,-126,+576,140
2026-08-19,824076,686555,Isaac Collins,Kansas City Royals,Athletics,1,TBD,,,81,416,114,3.65,3.47,0.95,1.0,1.02,0.20949,55.8,15.1,,,,,,,-126,+562,
2026-08-19,824155,685133,Wade Meckler,Los Angeles Angels,Houston Astros,0,Ethan Pecko,814490,R,58,222,68,3.26,3.1,1.07,1.0,0.99,0.2313,55.8,14.5,-187,-220,-230,281,240,250,-126,+590,140
2026-08-19,822937,664770,Nathan Lukes,Toronto Blue Jays,Tampa Bay Rays,0,Drew Rasmussen,656876,R,78,328,92,3.57,3.39,1.04,0.95,0.99,0.21357,55.7,14.9,-170,-220,-230,328,250,265,-126,+571,128
2026-08-19,823664,605170,Victor Caratini,Minnesota Twins,Atlanta Braves,1,AJ Smith-Shawver,700363,R,64,331,90,3.68,3.5,0.95,1.0,1.0,0.20685,55.6,15.0,,,,,,,-125,+567,
2026-08-19,822937,676356,Jonny DeLuca,Tampa Bay Rays,Toronto Blue Jays,1,Max Scherzer,453286,R,63,251,78,3.22,3.06,1.06,1.02,0.99,0.23207,55.4,14.2,,,,,,,-124,+604,
2026-08-19,824076,679845,Nick Loftin,Kansas City Royals,Athletics,1,TBD,,,62,312,88,3.55,3.37,0.96,1.0,1.02,0.21287,55.4,14.7,-205,-250,-245,264,220,225,-124,+580,153
2026-08-19,822860,683083,Nasim Nuñez,Washington Nationals,Texas Rangers,0,Kumar Rocker,677958,R,82,412,116,3.55,3.37,0.96,1.02,1.01,0.21331,55.4,14.7,-132,-140,-152,445,400,400,-124,+580,100
2026-08-19,824155,694203,Denzer Guzman,Los Angeles Angels,Houston Astros,0,Ethan Pecko,814490,R,41,189,54,3.5,3.32,1.0,1.0,0.99,0.21554,55.3,14.6,-144,-145,-154,407,390,390,-124,+585,108
2026-08-19,824318,681393,Connor Norby,Colorado Rockies,Los Angeles Dodgers,1,Roki Sasaki,808963,R,45,256,72,3.56,3.38,0.93,0.99,1.07,0.21183,55.3,14.6,-223,,-260,255,,220,-124,+585,166
2026-08-19,824640,608348,Carson Kelly,Chicago Cubs,Chicago White Sox,1,Sean Newcomb,656794,L,77,330,94,3.51,3.33,1.04,0.96,1.0,0.21446,55.2,14.5,-170,,-179,333,,325,-123,+590,127
2026-08-19,823587,682626,Francisco Alvarez,New York Mets,San Diego Padres,1,Michael King,650633,R,69,326,88,3.7,3.52,0.99,0.96,0.98,0.20283,55.0,14.6,-156,-140,-154,403,400,360,-122,+585,117
2026-08-19,823424,702222,Justin Crawford,Philadelphia Phillies,Miami Marlins,1,Sandy Alcantara,645261,R,92,371,117,3.17,3.01,1.07,1.0,1.0,0.23224,54.9,13.8,-149,-165,-170,368,333,330,-122,+625,112
2026-08-19,823587,673357,Luis Robert Jr.,New York Mets,San Diego Padres,1,Michael King,650633,R,35,182,48,3.79,3.6,0.97,0.96,0.98,0.19773,54.8,14.6,,,,,,,-121,+585,
2026-08-19,823424,691788,Joe Mack,Miami Marlins,Philadelphia Phillies,0,Aaron Nola,605400,R,53,243,76,3.2,3.04,1.0,1.06,1.0,0.22998,54.8,13.8,-121,-155,-136,475,360,425,-121,+625,-110
2026-08-19,824801,687637,Dylan Beavers,Baltimore Orioles,New York Yankees,1,Will Warren,701542,R,49,233,71,3.28,3.12,0.99,1.04,1.0,0.22403,54.7,13.9,,-160,-182,,350,305,-121,+619,
2026-08-19,824076,691777,Max Muncy,Athletics,Kansas City Royals,0,TBD,,,40,211,60,3.52,3.34,0.96,1.0,1.02,0.21133,54.7,14.2,,,,,,,-121,+604,
2026-08-19,823587,543760,Marcus Semien,New York Mets,San Diego Padres,1,Michael King,650633,R,79,417,107,3.9,3.7,0.94,0.96,0.98,0.19182,54.5,14.6,-136,-140,-159,434,425,380,-120,+585,102
2026-08-19,824476,691458,Blaze Jordan,St. Louis Cardinals,Cincinnati Reds,0,Chase Burns,695505,R,40,173,50,3.46,3.29,1.02,0.95,1.01,0.21261,54.5,14.0,-133,-155,-148,418,360,390,-120,+614,100
2026-08-19,823748,663728,Cal Raleigh,Seattle Mariners,Milwaukee Brewers,0,Dustin May,669160,R,52,387,92,4.21,4.0,0.81,1.01,1.0,0.17734,54.2,14.7,-114,-110,-117,519,525,500,-118,+580,-116
2026-08-19,823748,683734,Andrew Vaughn,Milwaukee Brewers,Seattle Mariners,1,Logan Gilbert,669302,R,68,261,81,3.22,3.06,1.08,0.96,1.0,0.22527,54.2,13.5,-160,,-190,363,,300,-118,+641,120
2026-08-19,824722,699912,Jose Fernandez,Arizona Diamondbacks,Boston Red Sox,0,Payton Tolle,801139,L,44,184,57,3.23,3.07,1.03,0.97,1.03,0.22356,54.0,13.4,,-160,,,340,,-117,+646,
2026-08-19,824155,662139,Daulton Varsho,Houston Astros,Los Angeles Angels,1,Walbert Ureña,700712,R,87,419,112,3.74,3.55,0.98,0.93,0.99,0.19581,53.9,14.0,-181,-185,-205,312,310,280,-117,+614,135
2026-08-19,822860,592626,Joc Pederson,Texas Rangers,Washington Nationals,1,Cade Cavalli,676917,R,79,377,114,3.31,3.14,0.98,1.01,1.01,0.21766,53.7,13.3,-179,-185,-197,309,310,285,-116,+652,134
2026-08-19,823342,690993,Colt Keith,Detroit Tigers,Pittsburgh Pirates,0,Paul Skenes,694973,R,89,359,116,3.09,2.94,1.07,0.98,1.01,0.22968,53.6,12.9,-179,-210,-218,303,250,265,-116,+675,134
2026-08-19,822937,663743,Nick Fortes,Tampa Bay Rays,Toronto Blue Jays,1,Max Scherzer,453286,R,68,274,90,3.04,2.89,1.06,1.02,0.99,0.23165,53.3,12.6,,,,,,,-114,+694,
2026-08-19,822937,670764,Taylor Walls,Tampa Bay Rays,Toronto Blue Jays,1,Max Scherzer,453286,R,68,357,103,3.47,3.3,0.94,1.02,0.99,0.20625,53.3,13.3,-136,-115,-145,451,525,400,-114,+652,102
2026-08-19,824801,691723,Coby Mayo,Baltimore Orioles,New York Yankees,1,Will Warren,701542,R,64,327,100,3.27,3.11,0.96,1.04,1.0,0.21664,53.2,13.0,-158,-130,-179,364,425,325,-114,+669,119
2026-08-19,824640,643217,Andrew Benintendi,Chicago White Sox,Chicago Cubs,0,Clay Holmes,605280,R,83,374,111,3.37,3.2,1.01,0.96,1.0,0.21088,53.1,13.1,-167,-190,-190,340,300,305,-113,+663,125
2026-08-19,822937,665926,Andrés Giménez,Toronto Blue Jays,Tampa Bay Rays,0,Drew Rasmussen,656876,R,92,415,121,3.43,3.26,1.01,0.95,0.99,0.207,53.1,13.1,-131,-140,-145,455,390,400,-113,+663,-101
2026-08-19,824076,664728,Kyle Isbel,Kansas City Royals,Athletics,1,TBD,,,46,224,69,3.25,3.09,0.98,1.0,1.02,0.21673,53.0,12.8,-153,-165,-173,367,340,350,-113,+681,115
2026-08-19,823342,669707,Jared Triolo,Pittsburgh Pirates,Detroit Tigers,1,Jackson Jobe,695549,R,62,288,91,3.16,3.0,1.0,1.01,1.01,0.22068,52.7,12.5,-140,,-170,422,,360,-111,+700,105
2026-08-19,824476,624431,Jose Trevino,Cincinnati Reds,St. Louis Cardinals,1,Matthew Liberatore,669461,L,24,102,35,2.91,2.76,1.02,1.06,1.01,0.23723,52.6,12.0,,,,,,,-111,+733,
2026-08-19,823342,656716,Zach McKinstry,Detroit Tigers,Pittsburgh Pirates,0,Paul Skenes,694973,R,67,345,101,3.42,3.25,0.95,0.98,1.01,0.20468,52.5,12.8,-161,-165,-182,347,333,320,-111,+681,121
2026-08-19,822937,680700,Richie Palacios,Tampa Bay Rays,Toronto Blue Jays,1,Max Scherzer,453286,R,64,307,95,3.23,3.07,0.98,1.02,0.99,0.21512,52.5,12.5,-127,-140,-148,466,425,390,-111,+700,-104
2026-08-19,822860,643376,Danny Jansen,Texas Rangers,Washington Nationals,1,Cade Cavalli,676917,R,21,146,42,3.48,3.31,0.91,1.01,1.01,0.20125,52.5,12.8,,,,,,,-111,+681,
2026-08-19,822860,670032,Nicky Lopez,Texas Rangers,Washington Nationals,1,Cade Cavalli,676917,R,52,216,72,3.0,2.85,1.04,1.01,1.01,0.22978,52.5,12.1,-105,-135,-127,567,450,500,-111,+726,-127
2026-08-19,824076,666126,Carlos Cortes,Athletics,Kansas City Royals,0,TBD,,,65,284,93,3.05,2.9,1.02,1.0,1.02,0.22605,52.4,12.2,-202,-220,-265,283,240,230,-110,+720,151
2026-08-19,823424,683357,Owen Caissie,Miami Marlins,Philadelphia Phillies,0,Aaron Nola,605400,R,57,286,92,3.11,2.95,0.97,1.06,1.0,0.22174,52.3,12.1,-125,-135,-139,460,425,425,-110,+726,-106
2026-08-19,824155,701358,Cam Smith,Houston Astros,Los Angeles Angels,1,Walbert Ureña,700712,R,90,449,123,3.65,3.47,0.96,0.93,0.99,0.19216,52.3,12.9,-171,-145,-193,342,390,305,-110,+675,129
2026-08-19,824476,670770,TJ Friedl,Cincinnati Reds,St. Louis Cardinals,1,Matthew Liberatore,669461,L,34,245,71,3.45,3.28,0.86,1.06,1.01,0.20133,52.2,12.6,,,,,,,-109,+694,
2026-08-19,824640,671976,Tristan Peters,Chicago White Sox,Chicago Cubs,0,Clay Holmes,605280,R,91,370,120,3.08,2.93,1.07,0.96,1.0,0.22198,52.1,12.0,-136,-160,-164,396,350,360,-109,+733,103
2026-08-19,824722,657136,Connor Wong,Boston Red Sox,Arizona Diamondbacks,1,Brandon Pfaadt,694297,R,41,191,62,3.08,2.93,1.0,1.0,1.03,0.2215,52.0,12.0,,,,,,,-108,+733,
2026-08-19,824801,682987,Spencer Jones,New York Yankees,Baltimore Orioles,0,Chris Bassitt,605135,R,30,159,52,3.06,2.91,0.96,1.06,1.0,0.22172,51.8,11.8,-157,-185,-190,355,310,300,-107,+747,118
2026-08-19,824722,694374,Tim Tawa,Arizona Diamondbacks,Boston Red Sox,0,Payton Tolle,801139,L,47,220,70,3.14,2.98,1.0,0.97,1.03,0.21541,51.5,11.8,-143,-160,-154,386,350,375,-106,+747,107
2026-08-19,823587,676724,Jared Young,New York Mets,San Diego Padres,1,Michael King,650633,R,59,248,78,3.18,3.02,1.04,0.96,0.98,0.21264,51.4,11.8,-176,-175,-197,325,310,305,-106,+747,132
2026-08-19,824476,701675,Nathan Church,St. Louis Cardinals,Cincinnati Reds,0,Chase Burns,695505,R,75,349,107,3.26,3.1,1.0,0.95,1.01,0.20762,51.4,11.9,-148,-160,-170,371,340,360,-106,+740,112
2026-08-19,823748,800325,Luis Lara,Milwaukee Brewers,Seattle Mariners,1,Logan Gilbert,669302,R,22,104,32,3.25,3.09,1.0,0.96,1.0,0.20753,51.3,11.8,-133,-125,-139,445,450,425,-105,+747,100
2026-08-19,823587,657757,Gavin Sheets,San Diego Padres,New York Mets,0,Robert Stock,476594,R,73,398,117,3.4,3.23,0.92,1.01,0.98,0.19917,51.2,12.0,,,,,,,-105,+733,
2026-08-19,823664,805347,Jim Jarvis,Atlanta Braves,Minnesota Twins,0,Taj Bradley,671737,R,23,117,36,3.25,3.09,0.98,0.97,1.0,0.20728,51.2,11.8,,,,,,,-105,+747,
2026-08-19,822937,683748,Victor Mesa Jr.,Tampa Bay Rays,Toronto Blue Jays,1,Max Scherzer,453286,R,34,179,56,3.2,3.04,0.96,1.02,0.99,0.21035,51.2,11.7,-165,,-197,345,,290,-105,+755,124
2026-08-19,824801,641933,Tyler O'Neill,Baltimore Orioles,New York Yankees,1,Will Warren,701542,R,49,251,82,3.06,2.91,0.96,1.04,1.0,0.21784,51.1,11.4,-224,-175,-240,254,310,240,-104,+777,166
2026-08-19,824318,687597,Jordan Beck,Colorado Rockies,Los Angeles Dodgers,1,Roki Sasaki,808963,R,20,120,39,3.08,2.93,0.95,0.99,1.07,0.21647,51.1,11.5,,,,,,,-104,+770,
2026-08-19,822937,660821,Jesús Sánchez,Toronto Blue Jays,Tampa Bay Rays,0,Drew Rasmussen,656876,R,64,271,86,3.15,2.99,1.04,0.95,0.99,0.212,51.0,11.5,-118,-145,-134,498,400,425,-104,+770,-112
2026-08-19,823424,624641,Edmundo Sosa,Philadelphia Phillies,Miami Marlins,1,Sandy Alcantara,645261,R,41,205,65,3.15,2.99,0.97,1.0,1.0,0.21145,50.9,11.4,,,,,,,-104,+777,
2026-08-19,824318,676439,Hunter Feduccia,Los Angeles Dodgers,Colorado Rockies,0,Kyle Freeland,607536,L,39,191,73,2.62,2.49,0.98,1.09,1.07,0.24878,50.9,10.5,,,,,,,-104,+852,
2026-08-19,824076,671732,Lawrence Butler,Athletics,Kansas City Royals,0,TBD,,,71,384,118,3.25,3.09,0.93,1.0,1.02,0.20503,50.8,11.6,-228,-210,-265,247,270,220,-103,+762,169
2026-08-19,823664,657041,Lane Thomas,Atlanta Braves,Minnesota Twins,0,Taj Bradley,671737,R,69,346,106,3.26,3.1,0.96,0.97,1.0,0.20395,50.7,11.5,,,,,,,-103,+770,
2026-08-19,823587,683146,Brett Baty,New York Mets,San Diego Padres,1,Michael King,650633,R,74,389,112,3.47,3.3,0.94,0.96,0.98,0.19263,50.6,11.8,-123,-140,-152,479,425,400,-102,+747,
2026-08-19,822937,668723,Ryan Vilade,Tampa Bay Rays,Toronto Blue Jays,1,Max Scherzer,453286,R,49,209,72,2.9,2.75,1.03,1.02,0.99,0.22486,50.4,10.8,,-155,,,375,,-102,+826,
2026-08-19,823748,666152,David Hamilton,Milwaukee Brewers,Seattle Mariners,1,Logan Gilbert,669302,R,63,308,95,3.24,3.08,0.98,0.96,1.0,0.20351,50.4,11.3,100,-105,-104,630,600,625,-102,+785,-133
2026-08-19,823342,694378,Jacob Gonzalez,Pittsburgh Pirates,Detroit Tigers,1,Jackson Jobe,695549,R,36,173,58,2.98,2.83,0.99,1.01,1.01,0.2186,50.2,10.9,-172,-175,-193,359,310,300,-101,+817,129
2026-08-19,824318,500743,Miguel Rojas,Los Angeles Dodgers,Colorado Rockies,0,Kyle Freeland,607536,L,48,192,81,2.37,2.25,1.05,1.09,1.07,0.26616,50.2,9.5,,,,,,,-101,+953,
2026-08-19,822860,694497,Evan Carter,Texas Rangers,Washington Nationals,1,Cade Cavalli,676917,R,59,359,107,3.36,3.19,0.89,1.01,1.01,0.19591,50.1,11.4,-153,-155,-170,385,375,360,-100,+777,115
2026-08-19,824155,672724,Oswald Peraza,Los Angeles Angels,Houston Astros,0,Ethan Pecko,814490,R,67,316,104,3.04,2.89,0.99,1.0,0.99,0.21344,50.0,10.9,,,,,,,-100,+817,
2026-08-19,824394,595978,Austin Hedges,Cleveland Guardians,San Francisco Giants,1,Matt Wilkinson,683363,L,43,188,64,2.94,2.79,1.02,1.0,0.99,0.21819,49.7,10.5,,,,,,,+101,+852,
2026-08-19,824640,699393,Pedro Ramírez,Chicago Cubs,Chicago White Sox,1,Sean Newcomb,656794,L,39,149,51,2.92,2.77,1.06,0.96,1.0,0.21893,49.6,10.4,-170,-190,-190,336,310,290,+102,+862,128
2026-08-19,824801,641857,Ryan McMahon,New York Yankees,Baltimore Orioles,0,Chris Bassitt,605135,R,59,303,105,2.89,2.75,0.96,1.06,1.0,0.22016,49.5,10.4,-144,-145,-170,391,390,360,+102,+862,109
2026-08-19,823424,677870,Leo Jiménez,Miami Marlins,Philadelphia Phillies,0,Aaron Nola,605400,R,31,172,59,2.92,2.77,0.95,1.06,1.0,0.21778,49.4,10.3,,,,,,,+102,+871,
2026-08-19,824155,694208,Moisés Ballesteros,Los Angeles Angels,Houston Astros,0,Ethan Pecko,814490,R,42,226,72,3.14,2.98,0.95,1.0,0.99,0.20439,49.4,10.7,-174,-165,-190,313,333,290,+102,+835,131
2026-08-19,824318,664954,Brett Sullivan,Colorado Rockies,Los Angeles Dodgers,1,Roki Sasaki,808963,R,40,180,66,2.73,2.59,1.01,0.99,1.07,0.23049,49.3,9.9,-192,,-218,287,,250,+103,+910,143
2026-08-19,823342,701678,Hao-Yu Lee,Detroit Tigers,Pittsburgh Pirates,0,Paul Skenes,694973,R,57,223,81,2.75,2.61,1.06,0.98,1.01,0.22883,49.2,9.9,-138,,-162,364,,360,+103,+910,104
2026-08-19,824801,669224,Austin Wells,New York Yankees,Baltimore Orioles,0,Chris Bassitt,605135,R,44,283,90,3.14,2.98,0.88,1.06,1.0,0.20326,49.2,10.6,-121,-110,-136,461,525,450,+103,+843,-110
2026-08-19,824801,669236,Jeremiah Jackson,Baltimore Orioles,New York Yankees,1,Will Warren,701542,R,53,248,89,2.79,2.65,1.0,1.04,1.0,0.2253,49.2,10.0,,,,,,,+103,+900,
2026-08-19,823664,642086,Dominic Smith,Atlanta Braves,Minnesota Twins,0,Taj Bradley,671737,R,66,280,98,2.86,2.72,1.04,0.97,1.0,0.21943,49.0,10.0,,,,,,,+104,+900,
2026-08-19,824801,642708,Amed Rosario,New York Yankees,Baltimore Orioles,0,Chris Bassitt,605135,R,42,201,73,2.75,2.61,0.99,1.06,1.0,0.22745,49.0,9.8,,,,,,,+104,+920,
2026-08-19,822860,678391,Jorbit Vivas,Washington Nationals,Texas Rangers,0,Kumar Rocker,677958,R,55,268,93,2.88,2.74,0.98,1.02,1.01,0.21777,49.0,10.1,-127,-145,-145,446,390,400,+104,+890,-105
2026-08-19,824801,665966,Carlos Narváez,Baltimore Orioles,New York Yankees,1,Will Warren,701542,R,35,234,74,3.16,3.0,0.89,1.04,1.0,0.20058,48.9,10.5,103,-110,-108,620,550,600,+104,+852,-137
2026-08-19,824076,687231,Darell Hernaiz,Athletics,Kansas City Royals,0,TBD,,,29,140,49,2.86,2.72,0.99,1.0,1.02,0.21834,48.8,10.0,,,,,,,+105,+900,
2026-08-19,823748,663604,Brandon Lockridge,Milwaukee Brewers,Seattle Mariners,1,Logan Gilbert,669302,R,27,111,38,2.92,2.77,1.03,0.96,1.0,0.21411,48.7,10.0,,,,,,,+105,+900,
2026-08-19,823587,620443,Luis Torrens,New York Mets,San Diego Padres,1,Michael King,650633,R,50,228,75,3.04,2.89,1.0,0.96,0.98,0.20585,48.6,10.1,-126,-145,-159,462,400,375,+106,+890,
2026-08-19,823748,687401,Joey Ortiz,Milwaukee Brewers,Seattle Mariners,1,Logan Gilbert,669302,R,67,308,103,2.99,2.84,1.0,0.96,1.0,0.20896,48.6,10.1,,-155,-170,,390,350,+106,+890,
2026-08-19,824476,665877,José Fermín,St. Louis Cardinals,Cincinnati Reds,0,Chase Burns,695505,R,56,267,88,3.03,2.88,0.99,0.95,1.01,0.20573,48.5,10.1,,,,,,,+106,+890,
2026-08-19,824076,622268,Donovan Walton,Athletics,Kansas City Royals,0,TBD,,,38,160,59,2.71,2.57,1.03,1.0,1.02,0.22693,48.4,9.5,-138,-185,-182,423,300,330,+107,+953,104
2026-08-19,824476,667472,Dane Myers,Cincinnati Reds,St. Louis Cardinals,1,Matthew Liberatore,669461,L,52,232,90,2.58,2.45,1.01,1.06,1.01,0.23614,48.3,9.2,-219,-225,-245,254,240,220,+107,+987,162
2026-08-19,822937,669701,Josh Smith,Toronto Blue Jays,Tampa Bay Rays,0,Drew Rasmussen,656876,R,35,183,58,3.16,3.0,0.96,0.95,0.99,0.19701,48.2,10.1,,,,,,,+107,+890,
2026-08-19,823748,596142,Gary Sánchez,Milwaukee Brewers,Seattle Mariners,1,Logan Gilbert,669302,R,39,220,69,3.19,3.03,0.94,0.96,1.0,0.19511,48.2,10.1,,,,,,,+107,+890,
2026-08-19,824155,666139,Josh Lowe,Los Angeles Angels,Houston Astros,0,Ethan Pecko,814490,R,46,249,82,3.04,2.89,0.94,1.0,0.99,0.20328,48.1,9.9,-131,-140,-141,460,400,400,+108,+910,-102
2026-08-19,822937,678218,Brandon Valenzuela,Toronto Blue Jays,Tampa Bay Rays,0,Drew Rasmussen,656876,R,45,225,73,3.08,2.93,0.97,0.95,0.99,0.19889,47.8,9.8,,,,,,,+109,+920,
2026-08-19,824640,665804,Miguel Amaya,Chicago Cubs,Chicago White Sox,1,Sean Newcomb,656794,L,42,208,69,3.01,2.86,0.98,0.96,1.0,0.2024,47.6,9.6,,-135,,,425,,+110,+942,
2026-08-19,824394,687551,Drew Gilbert,San Francisco Giants,Cleveland Guardians,0,Parker Messick,800048,L,63,302,100,3.02,2.87,0.98,0.96,0.99,0.20147,47.6,9.6,,-130,,,425,,+110,+942,
2026-08-19,824394,656555,Rhys Hoskins,Cleveland Guardians,San Francisco Giants,1,Matt Wilkinson,683363,L,47,317,95,3.34,3.17,0.86,1.0,0.99,0.18445,47.6,10.0,,-140,,,400,,+110,+900,
2026-08-19,823342,680779,Henry Davis,Pittsburgh Pirates,Detroit Tigers,1,Jackson Jobe,695549,R,38,254,81,3.14,2.98,0.88,1.01,1.01,0.19465,47.5,9.8,-118,-120,-124,501,500,450,+111,+920,-112
2026-08-19,824640,691011,Drew Romo,Chicago White Sox,Chicago Cubs,0,Clay Holmes,605280,R,22,176,52,3.38,3.21,0.87,0.96,1.0,0.18145,47.4,10.0,,,,,,,+111,+900,
2026-08-19,824476,677592,Everson Pereira,St. Louis Cardinals,Cincinnati Reds,0,Chase Burns,695505,R,22,105,36,2.92,2.77,0.99,0.95,1.01,0.20693,47.4,9.4,,,,,,,+111,+964,
2026-08-19,824155,543877,Christian Vázquez,Houston Astros,Los Angeles Angels,1,Walbert Ureña,700712,R,45,230,73,3.15,2.99,0.96,0.93,0.99,0.19297,47.3,9.7,-111,-110,-120,505,525,500,+111,+931,-119
2026-08-19,824394,672275,Patrick Bailey,Cleveland Guardians,San Francisco Giants,1,Matt Wilkinson,683363,L,44,264,85,3.11,2.95,0.91,1.0,0.99,0.1947,47.2,9.6,-140,-145,-154,394,390,380,+112,+942,105
2026-08-19,823664,573262,Mike Yastrzemski,Atlanta Braves,Minnesota Twins,0,Taj Bradley,671737,R,63,318,108,2.94,2.79,0.96,0.97,1.0,0.20373,47.0,9.2,-128,-125,-139,437,450,425,+113,+987,-104
2026-08-19,822860,553869,Elias Díaz,Texas Rangers,Washington Nationals,1,Cade Cavalli,676917,R,35,163,61,2.67,2.54,1.0,1.01,1.01,0.22057,46.9,8.7,-116,-125,-127,482,450,500,+113,+1049,-114
2026-08-19,823664,668952,Ryan Kreidler,Minnesota Twins,Atlanta Braves,1,AJ Smith-Shawver,700363,R,46,217,80,2.71,2.57,0.99,1.0,1.0,0.21577,46.5,8.6,,,,,,,+115,+1063,
2026-08-19,824318,669743,Alex Call,Los Angeles Dodgers,Colorado Rockies,0,Kyle Freeland,607536,L,33,154,68,2.26,2.15,1.0,1.09,1.07,0.25272,46.5,7.7,,,,,,,+115,+1199,
2026-08-19,824476,699625,Jimmy Crooks,St. Louis Cardinals,Cincinnati Reds,0,Chase Burns,695505,R,21,128,44,2.91,2.76,0.94,0.95,1.01,0.19609,45.3,8.4,,,,,,,+121,+1090,
2026-08-19,824076,675961,Alika Williams,Athletics,Kansas City Royals,0,TBD,,,37,152,62,2.45,2.33,1.03,1.0,1.02,0.22837,45.3,7.6,-136,,-148,394,,390,+121,+1216,103
2026-08-19,824155,666211,Taylor Trammell,Houston Astros,Los Angeles Angels,1,Walbert Ureña,700712,R,39,202,68,2.97,2.82,0.96,0.93,0.99,0.19273,45.3,8.5,-115,-130,-130,501,450,450,+121,+1076,-115
2026-08-19,824801,681297,Colton Cowser,Baltimore Orioles,New York Yankees,1,Will Warren,701542,R,55,297,112,2.65,2.52,0.94,1.04,1.0,0.21246,45.2,8.0,,-140,-154,,425,380,+121,+1150,
2026-08-19,824640,686668,Brenton Doyle,Chicago White Sox,Chicago Cubs,0,Clay Holmes,605280,R,32,161,58,2.78,2.64,0.98,0.96,1.0,0.20345,45.1,8.2,,,,,,,+122,+1120,
2026-08-19,822860,677588,José Tena,Washington Nationals,Texas Rangers,0,Kumar Rocker,677958,R,51,241,95,2.54,2.41,0.99,1.02,1.01,0.22053,45.1,7.7,,,,,,,+122,+1199,
2026-08-19,823424,688363,Graham Pauley,Miami Marlins,Philadelphia Phillies,0,Aaron Nola,605400,R,21,115,46,2.5,2.38,0.97,1.06,1.0,0.22131,44.9,7.6,100,,-112,589,,575,+123,+1216,-132
2026-08-19,824640,668670,Jake Rogers,Chicago White Sox,Chicago Cubs,0,Clay Holmes,605280,R,19,133,45,2.96,2.81,0.92,0.96,1.0,0.19067,44.8,8.3,111,,102,660,,650,+123,+1105,-147
2026-08-19,823748,660844,Leo Rivas,Seattle Mariners,Milwaukee Brewers,0,Dustin May,669160,R,14,130,44,2.95,2.8,0.88,1.01,1.0,0.19113,44.8,8.3,,,,,,,+123,+1105,
2026-08-19,823748,645302,Victor Robles,Seattle Mariners,Milwaukee Brewers,0,Dustin May,669160,R,33,140,57,2.46,2.34,1.02,1.01,1.0,0.22303,44.6,7.4,,,,,,,+124,+1251,
2026-08-19,824476,663647,Ke'Bryan Hayes,Cincinnati Reds,St. Louis Cardinals,1,Matthew Liberatore,669461,L,27,193,72,2.68,2.55,0.88,1.06,1.01,0.20628,44.5,7.7,-122,-140,-136,457,400,425,+125,+1199,-109
2026-08-19,823587,666023,Freddy Fermin,San Diego Padres,New York Mets,0,Robert Stock,476594,R,37,217,78,2.78,2.64,0.93,1.01,0.98,0.19949,44.4,7.9,,,,,,,+125,+1166,
2026-08-19,822860,679822,Justin Foscue,Texas Rangers,Washington Nationals,1,Cade Cavalli,676917,R,39,168,70,2.4,2.28,1.02,1.01,1.01,0.22583,44.2,7.1,,,,,,,+126,+1308,
2026-08-19,824476,686780,Pedro Pagés,St. Louis Cardinals,Cincinnati Reds,0,Chase Burns,695505,R,35,184,69,2.67,2.54,0.96,0.95,1.01,0.20036,43.3,7.3,,,,,,,+131,+1270,
2026-08-19,824640,624424,Michael Conforto,Chicago Cubs,Chicago White Sox,1,Sean Newcomb,656794,L,43,224,84,2.67,2.54,0.96,0.96,1.0,0.19875,43.0,7.2,-107,-105,-108,586,600,575,+133,+1289,-124
2026-08-19,824394,690984,Petey Halpin,Cleveland Guardians,San Francisco Giants,1,Matt Wilkinson,683363,L,27,131,53,2.47,2.35,0.99,1.0,0.99,0.21178,42.8,6.7,,,,,,,+134,+1393,
2026-08-19,822860,665953,Andrés Chaparro,Washington Nationals,Texas Rangers,0,Kumar Rocker,677958,R,26,132,55,2.4,2.28,0.98,1.02,1.01,0.21743,42.8,6.6,,,,,,,+134,+1415,
2026-08-19,824640,545341,Randal Grichuk,Chicago White Sox,Chicago Cubs,0,Clay Holmes,605280,R,52,198,87,2.28,2.17,1.07,0.96,1.0,0.22305,42.2,6.1,,,,,,,+137,+1539,
2026-08-19,824155,623168,Tyler Heineman,Los Angeles Angels,Houston Astros,0,Ethan Pecko,814490,R,24,150,59,2.54,2.41,0.93,1.0,0.99,0.20007,41.6,6.4,-113,,-120,506,,550,+140,+1462,-118
2026-08-19,824155,624428,Adam Frazier,Los Angeles Angels,Houston Astros,0,Ethan Pecko,814490,R,23,110,48,2.29,2.18,0.99,1.0,0.99,0.21381,40.8,5.7,,-125,,,475,,+145,+1654,
2026-08-19,823424,665923,Esteury Ruiz,Miami Marlins,Philadelphia Phillies,0,Aaron Nola,605400,R,37,175,82,2.13,2.02,0.99,1.06,1.0,0.2277,40.7,5.3,,-135,,,450,,+146,+1787,
2026-08-19,824640,682668,Luisangel Acuña,Chicago White Sox,Chicago Cubs,0,Clay Holmes,605280,R,44,199,86,2.31,2.19,1.01,0.96,1.0,0.20983,40.3,5.6,,,,,,,+148,+1686,
2026-08-19,824640,621438,Tyrone Taylor,Chicago Cubs,Chicago White Sox,1,Sean Newcomb,656794,L,39,183,78,2.35,2.23,1.0,0.96,1.0,0.20616,40.2,5.6,,,,,,,+149,+1686,
2026-08-19,823748,642215,Weston Wilson,Seattle Mariners,Milwaukee Brewers,0,Dustin May,669160,R,20,116,50,2.32,2.2,0.95,1.01,1.0,0.20803,40.1,5.5,,,,,,,+149,+1718,
2026-08-19,824476,663494,Bryan Torres,St. Louis Cardinals,Cincinnati Reds,0,Chase Burns,695505,R,25,121,52,2.33,2.21,0.99,0.95,1.01,0.20612,40.0,5.5,-119,-140,-134,447,400,450,+150,+1718,-111
2026-08-19,824722,642201,Eli White,Boston Red Sox,Arizona Diamondbacks,1,Brandon Pfaadt,694297,R,36,165,78,2.12,2.01,1.0,1.0,1.03,0.22261,39.7,5.0,,,,,,,+152,+1900,
2026-08-19,824076,686475,Tyler Tolbert,Kansas City Royals,Athletics,1,TBD,,,29,107,57,1.88,1.9,1.05,1.0,1.02,0.23255,39.5,4.7,,-150,-154,,390,380,+153,+2028,
2026-08-19,824155,642350,Jose Siri,Los Angeles Angels,Houston Astros,0,Ethan Pecko,814490,R,36,152,72,2.11,2.0,1.03,1.0,0.99,0.22097,39.3,4.9,,,,,,,+154,+1941,
2026-08-19,822937,622761,Jorge Mateo,Tampa Bay Rays,Toronto Blue Jays,1,Max Scherzer,453286,R,33,143,71,2.01,1.91,1.02,1.02,0.99,0.22243,38.2,4.4,,,,,,,+162,+2173,
2026-08-19,823587,823550,Sung-Mun Song,San Diego Padres,New York Mets,0,Robert Stock,476594,R,23,131,61,2.15,2.04,0.95,1.01,0.98,0.20554,37.5,4.5,-131,-135,-148,413,425,400,+167,+2122,-101
2026-08-19,823424,656537,Derek Hill,Philadelphia Phillies,Miami Marlins,1,Sandy Alcantara,645261,R,39,181,92,1.97,1.9,1.0,1.0,1.0,0.21673,37.1,4.1,,,,,,,+170,+2339,
2026-08-19,824722,663330,Jahmai Jones,Boston Red Sox,Arizona Diamondbacks,1,Brandon Pfaadt,694297,R,24,130,71,1.83,1.9,0.96,1.0,1.03,0.21408,36.7,4.0,,,,,,,+172,+2400,
2026-08-19,822937,664702,Myles Straw,Toronto Blue Jays,Tampa Bay Rays,0,Drew Rasmussen,656876,R,48,241,114,2.11,2.0,0.97,0.95,0.99,0.19834,35.7,3.9,,,,,,,+180,+2464,
2026-08-19,824155,669397,Nick Allen,Houston Astros,Los Angeles Angels,1,Walbert Ureña,700712,R,29,125,69,1.81,1.9,1.02,0.93,0.99,0.2034,35.1,3.6,,,,,,,+185,+2678,
2026-08-19,824722,678489,Jorge Barrosa,Arizona Diamondbacks,Boston Red Sox,0,Payton Tolle,801139,L,26,157,90,1.74,1.9,0.93,0.97,1.03,0.20209,34.9,3.5,,,,,,,+187,+2757,
