game_pk,date,home_team,away_team,home_sp,home_sp_hand,away_sp,away_sp_hand
823244,2026-03-25,SF,NYY,657277,R,608331,L
823081,2026-03-26,STL,TB,669461,L,656876,R
823163,2026-03-26,SEA,CLE,669302,R,676440,R
823325,2026-03-26,SD,DET,601713,R,669373,L
823486,2026-03-26,PHI,TEX,650911,L,543135,R
823649,2026-03-26,NYM,PIT,642547,R,694973,R
823812,2026-03-26,MIL,CWS,694819,R,681343,R
823974,2026-03-26,LAD,AZ,808967,R,668678,R
824218,2026-03-26,HOU,LAA,686613,R,667755,R
824541,2026-03-26,CIN,BOS,671096,L,676979,L
824704,2026-03-26,CHC,WSH,571510,L,676917,R
824865,2026-03-26,BAL,MIN,669432,L,657746,R
822839,2026-03-27,TOR,ATH,592332,R,622663,R
823162,2026-03-27,SEA,CLE,669923,R,668909,R
823243,2026-03-27,SF,NYY,592662,L,693645,R
823324,2026-03-27,SD,DET,650633,R,664285,L
823893,2026-03-27,MIA,COL,645261,R,607536,L
823971,2026-03-27,LAD,AZ,686218,R,669194,R
824216,2026-03-27,HOU,LAA,681347,R,579328,L
824946,2026-03-27,ATL,KC,519242,L,666142,L
822838,2026-03-28,TOR,ATH,656302,R,605488,L
823082,2026-03-28,STL,TB,700241,R,671212,R
823161,2026-03-28,SEA,CLE,693433,R,676282,L
823241,2026-03-28,SF,NYY,641816,R,701542,R
823323,2026-03-28,SD,DET,681190,R,656427,R
823488,2026-03-28,PHI,TEX,605400,R,656641,L
823651,2026-03-28,NYM,PIT,656849,L,656605,R
823811,2026-03-28,MIL,CWS,694477,R,680732,R
823892,2026-03-28,MIA,COL,691587,R,547179,R
823973,2026-03-28,LAD,AZ,607192,R,593958,L
824213,2026-03-28,HOU,LAA,664299,R,672282,L
824540,2026-03-28,CIN,BOS,663903,R,543243,R
824701,2026-03-28,CHC,WSH,690990,R,571945,R
824862,2026-03-28,BAL,MIN,680694,R,671737,R
824945,2026-03-28,ATL,KC,625643,R,608379,R
822837,2026-03-29,TOR,ATH,641778,L,806960,R
823079,2026-03-29,STL,TB,669160,R,571927,L
823160,2026-03-29,SEA,CLE,676106,R,677944,R
823487,2026-03-29,PHI,TEX,666200,L,669022,L
823647,2026-03-29,NYM,PIT,690997,R,669387,R
823810,2026-03-29,MIL,CWS,687075,R,641743,L
823891,2026-03-29,MIA,COL,676974,R,500779,L
824215,2026-03-29,HOU,LAA,837227,R,686799,R
824538,2026-03-29,CIN,BOS,695076,R,813349,L
824700,2026-03-29,CHC,WSH,684007,L,663623,R
824864,2026-03-29,BAL,MIN,669358,R,641927,R
824944,2026-03-29,ATL,KC,656550,R,607625,R
822834,2026-03-30,TOR,COL,664074,R,608372,R
823080,2026-03-30,STL,NYM,681517,R,605280,R
823159,2026-03-30,SEA,NYY,622491,R,677960,L
823320,2026-03-30,SD,SF,621111,R,694738,R
823484,2026-03-30,PHI,WSH,592836,R,656492,L
823809,2026-03-30,MIL,TB,690986,L,607259,R
823890,2026-03-30,MIA,CWS,663978,R,663436,R
823972,2026-03-30,LAD,CLE,808963,R,800048,L
824135,2026-03-30,KC,MIN,663460,L,680573,R
824214,2026-03-30,HOU,BOS,621121,R,624133,L
824539,2026-03-30,CIN,PIT,695505,R,677952,R
824702,2026-03-30,CHC,LAA,665795,R,696270,R
824863,2026-03-30,BAL,TEX,605135,R,683004,R
824943,2026-03-30,ATL,ATH,693821,R,682052,L
825108,2026-03-30,AZ,DET,647336,R,434378,R
822836,2026-03-31,TOR,COL,453286,R,663372,R
823077,2026-03-31,STL,NYM,669467,R,673540,R
823158,2026-03-31,SEA,NYY,669302,R,608331,L
823322,2026-03-31,SD,SF,608566,R,657277,R
823485,2026-03-31,PHI,WSH,691725,R,676571,L
823807,2026-03-31,MIL,TB,605540,R,663556,L
823888,2026-03-31,MIA,CWS,676083,R,607200,R
823969,2026-03-31,LAD,CLE,660271,R,676440,R
824212,2026-03-31,HOU,BOS,686613,R,678394,R
824537,2026-03-31,CIN,PIT,682227,L,696149,R
824699,2026-03-31,CHC,LAA,592791,R,667755,R
824861,2026-03-31,BAL,TEX,621107,R,594798,R
824942,2026-03-31,ATL,ATH,660761,L,650644,R
825107,2026-03-31,AZ,DET,694297,R,663554,R
822835,2026-04-01,TOR,COL,592332,R,607536,L
823078,2026-04-01,STL,NYM,669461,L,642547,R
823157,2026-04-01,SEA,NYY,669923,R,693645,R
823321,2026-04-01,SD,SF,601713,R,605288,R
823483,2026-04-01,PHI,WSH,650911,L,676917,R
823806,2026-04-01,MIL,TB,694819,R,656876,R
823889,2026-04-01,MIA,CWS,645261,R,681343,R
823970,2026-04-01,LAD,CLE,808967,R,668909,R
824136,2026-04-01,KC,MIN,702070,L,657746,R
824211,2026-04-01,HOU,BOS,681347,R,676979,L
824536,2026-04-01,CIN,PIT,671096,L,694973,R
824698,2026-04-01,CHC,LAA,571510,L,579328,L
824860,2026-04-01,BAL,TEX,669432,L,543135,R
824940,2026-04-01,ATL,ATH,519242,L,622663,R
825106,2026-04-01,AZ,DET,668678,R,669373,L
823242,2026-04-02,SF,NYM,592662,L,656849,L
824133,2026-04-02,KC,MIN,666142,L,671737,R
825105,2026-04-02,AZ,ATL,669194,R,625643,R
822758,2026-04-03,WSH,LAD,571945,R,686218,R
822919,2026-04-03,TEX,CIN,669022,L,663903,R
823240,2026-04-03,SF,NYM,641816,R,690997,R
823406,2026-04-03,PIT,BAL,656605,R,680694,R
823568,2026-04-03,NYY,MIA,701542,R,691587,R
823732,2026-04-03,MIN,TB,641927,R,671212,R
824056,2026-04-03,LAA,SEA,672282,L,693433,R
824299,2026-04-03,DET,STL,664285,L,700241,R
824377,2026-04-03,COL,PHI,547179,R,605400,R
824458,2026-04-03,CLE,CHC,676282,L,690990,R
824621,2026-04-03,CWS,TOR,691799,R,656302,R
824786,2026-04-03,BOS,SD,543243,R,650633,R
825026,2026-04-03,ATH,HOU,605488,L,664299,R
825103,2026-04-03,AZ,ATL,593958,L,656550,R
822757,2026-04-04,WSH,LAD,663623,R,607192,R
822920,2026-04-04,TEX,CIN,677958,R,695076,R
823239,2026-04-04,SF,NYM,694738,R,605280,R
823404,2026-04-04,PIT,BAL,669387,R,669358,R
823569,2026-04-04,NYY,MIA,677960,L,676974,R
823730,2026-04-04,MIN,TB,690953,R,571927,L
824054,2026-04-04,LAA,SEA,686799,R,676106,R
824132,2026-04-04,KC,MIL,679883,R,694477,R
824134,2026-04-04,KC,MIL,607625,R,701656,R
824295,2026-04-04,DET,STL,656427,R,669160,R
824378,2026-04-04,COL,PHI,657514,L,666200,L
824622,2026-04-04,CWS,TOR,691799,R,689254,L
824782,2026-04-04,BOS,SD,813349,L,681190,R
825027,2026-04-04,ATH,HOU,806960,R,837227,R
825104,2026-04-04,AZ,ATL,647336,R,693821,R
822756,2026-04-05,WSH,LAD,656492,L,808963,R
822917,2026-04-05,TEX,CIN,683004,R,695505,R
823238,2026-04-05,SF,NYM,657277,R,673540,R
823405,2026-04-05,PIT,BAL,677952,R,605135,R
823566,2026-04-05,NYY,MIA,608331,L,664126,R
823729,2026-04-05,MIN,TB,680573,R,607259,R
824053,2026-04-05,LAA,SEA,691946,R,622491,R
824131,2026-04-05,KC,MIL,663460,L,690986,L
824296,2026-04-05,DET,STL,672456,R,681517,R
824379,2026-04-05,COL,PHI,608372,R,592836,R
824459,2026-04-05,CLE,CHC,677944,R,665795,R
824460,2026-04-05,CLE,CHC,800048,L,684007,L
824620,2026-04-05,CWS,TOR,663436,R,641778,L
824781,2026-04-05,BOS,SD,624133,L,621111,R
825025,2026-04-05,ATH,HOU,682052,L,621121,R
825102,2026-04-05,AZ,ATL,694297,R,527048,L
822755,2026-04-06,WSH,STL,641793,R,669467,R
822832,2026-04-06,TOR,LAD,453286,R,680736,L
822918,2026-04-06,TEX,SEA,594798,R,669302,R
823002,2026-04-06,TB,CHC,663556,L,592791,R
823237,2026-04-06,SF,PHI,605288,R,691725,R
823401,2026-04-06,PIT,SD,696149,R,608566,R
823728,2026-04-06,MIN,DET,657746,R,663554,R
823886,2026-04-06,MIA,CIN,676083,R,682227,L
824052,2026-04-06,LAA,ATL,667755,R,519242,L
824376,2026-04-06,COL,HOU,663372,R,675989,R
824456,2026-04-06,CLE,KC,676440,R,608379,R
824619,2026-04-06,CWS,BAL,691799,R,687064,R
824783,2026-04-06,BOS,MIL,678394,R,605540,R
822754,2026-04-07,WSH,STL,676917,R,669461,L
822831,2026-04-07,TOR,LAD,592332,R,808967,R
822916,2026-04-07,TEX,SEA,543135,R,669923,R
822999,2026-04-07,TB,CHC,669438,R,665871,R
823235,2026-04-07,SF,PHI,592662,L,650911,L
823402,2026-04-07,PIT,SD,694973,R,601713,R
823567,2026-04-07,NYY,ATH,693645,R,650644,R
823648,2026-04-07,NYM,AZ,642547,R,668678,R
823727,2026-04-07,MIN,DET,671737,R,669373,L
823887,2026-04-07,MIA,CIN,645261,R,671096,L
824051,2026-04-07,LAA,ATL,579328,L,625643,R
824375,2026-04-07,COL,HOU,607536,L,681347,R
824457,2026-04-07,CLE,KC,668909,R,702070,L
824618,2026-04-07,CWS,BAL,681343,R,669432,L
824780,2026-04-07,BOS,MIL,676979,L,694819,R
822753,2026-04-08,WSH,STL,571945,R,700241,R
822833,2026-04-08,TOR,LAD,656302,R,660271,R
822915,2026-04-08,TEX,SEA,669022,L,693433,R
823000,2026-04-08,TB,CHC,671212,R,607067,R
823234,2026-04-08,SF,PHI,641816,R,605400,R
823403,2026-04-08,PIT,SD,656605,R,650633,R
823564,2026-04-08,NYY,ATH,701542,R,622663,R
823646,2026-04-08,NYM,AZ,656849,L,669194,R
823726,2026-04-08,MIN,DET,641927,R,664285,L
823885,2026-04-08,MIA,CIN,691587,R,663903,R
824050,2026-04-08,LAA,ATL,672282,L,656550,R
824374,2026-04-08,COL,HOU,547179,R,664299,R
824455,2026-04-08,CLE,KC,676282,L,666142,L
824617,2026-04-08,CWS,BAL,680732,R,680694,R
824779,2026-04-08,BOS,MIL,543243,R,675660,L
823319,2026-04-09,SD,COL,681190,R,623474,R
823565,2026-04-09,NYY,ATH,677960,L,605488,L
823645,2026-04-09,NYM,AZ,690997,R,593958,L
823724,2026-04-09,MIN,DET,690953,R,656427,R
823884,2026-04-09,MIA,CIN,676974,R,695076,R
824130,2026-04-09,KC,CWS,607625,R,641743,L
822829,2026-04-10,TOR,MIN,571578,L,680573,R
822997,2026-04-10,TB,NYY,571927,L,661563,R
823076,2026-04-10,STL,BOS,669160,R,813349,L
823156,2026-04-10,SEA,HOU,676106,R,837227,R
823318,2026-04-10,SD,COL,621111,R,608372,R
823482,2026-04-10,PHI,AZ,666200,L,647336,R
823643,2026-04-10,NYM,ATH,605280,R,669372,R
823808,2026-04-10,MIL,WSH,676879,L,663623,R
823968,2026-04-10,LAD,TEX,607192,R,677958,R
824128,2026-04-10,KC,CWS,663460,L,663436,R
824297,2026-04-10,DET,MIA,672456,R,663978,R
824534,2026-04-10,CIN,LAA,695505,R,686799,R
824695,2026-04-10,CHC,PIT,684007,L,669387,R
824858,2026-04-10,BAL,SF,669358,R,694738,R
824941,2026-04-10,ATL,CLE,693821,R,677944,R
822830,2026-04-11,TOR,MIN,641778,L,657746,R
822996,2026-04-11,TB,NYY,607259,R,608331,L
823074,2026-04-11,STL,BOS,681517,R,624133,L
823155,2026-04-11,SEA,HOU,622491,R,621121,R
823316,2026-04-11,SD,COL,608566,R,663372,R
823480,2026-04-11,PHI,AZ,592836,R,694297,R
823644,2026-04-11,NYM,ATH,673540,R,682052,L
823805,2026-04-11,MIL,WSH,690986,L,656492,L
823967,2026-04-11,LAD,TEX,686218,R,683004,R
824129,2026-04-11,KC,CWS,608379,R,607200,R
824294,2026-04-11,DET,MIA,663554,R,676083,R
824535,2026-04-11,CIN,LAA,682227,L,691946,R
824697,2026-04-11,CHC,PIT,665795,R,677952,R
824857,2026-04-11,BAL,SF,605135,R,657277,R
824939,2026-04-11,ATL,CLE,527048,L,800048,L
822828,2026-04-12,TOR,MIN,453286,R,671737,R
822998,2026-04-12,TB,NYY,656876,R,693645,R
823075,2026-04-12,STL,BOS,669467,R,678394,R
823154,2026-04-12,SEA,HOU,669302,R,675989,R
823317,2026-04-12,SD,COL,601713,R,607536,L
823479,2026-04-12,PHI,AZ,647315,R,668678,R
823642,2026-04-12,NYM,ATH,642547,R,650644,R
823804,2026-04-12,MIL,WSH,605540,R,641793,R
823966,2026-04-12,LAD,TEX,808963,R,594798,R
824126,2026-04-12,KC,CWS,702070,L,691799,R
824293,2026-04-12,DET,MIA,669373,L,645261,R
824533,2026-04-12,CIN,LAA,671096,L,667755,R
824696,2026-04-12,CHC,PIT,592791,R,696149,R
824859,2026-04-12,BAL,SF,700249,L,605288,R
824938,2026-04-12,ATL,CLE,519242,L,676440,R
823073,2026-04-13,STL,CLE,669461,L,668909,R
823153,2026-04-13,SEA,HOU,669923,R,681347,R
823400,2026-04-13,PIT,WSH,694973,R,676917,R
823481,2026-04-13,PHI,CHC,650911,L,665871,R
823563,2026-04-13,NYY,LAA,701542,R,579328,L
823725,2026-04-13,MIN,BOS,641927,R,676979,L
823964,2026-04-13,LAD,NYM,680736,L,656849,L
824856,2026-04-13,BAL,AZ,665152,R,669194,R
824937,2026-04-13,ATL,MIA,656550,R,691587,R
825024,2026-04-13,ATH,TEX,622663,R,543135,R
823072,2026-04-14,STL,CLE,700241,R,676282,L
823315,2026-04-14,SD,SEA,650633,R,693433,R
823398,2026-04-14,PIT,WSH,656605,R,676571,L
823478,2026-04-14,PHI,CHC,605400,R,702303,L
823562,2026-04-14,NYY,LAA,677960,L,672282,L
823723,2026-04-14,MIN,BOS,690953,R,543243,R
823802,2026-04-14,MIL,TOR,694819,R,592332,R
823965,2026-04-14,LAD,NYM,808967,R,690997,R
824210,2026-04-14,HOU,COL,676467,L,547179,R
824292,2026-04-14,DET,KC,664285,L,666142,L
824531,2026-04-14,CIN,SF,663903,R,592662,L
824616,2026-04-14,CWS,TB,702273,L,663556,L
824853,2026-04-14,BAL,AZ,669432,L,518876,R
824935,2026-04-14,ATL,MIA,625643,R,676974,R
825022,2026-04-14,ATH,TEX,605488,L,669022,L
823071,2026-04-15,STL,CLE,669160,R,677944,R
823314,2026-04-15,SD,SEA,681190,R,676106,R
823399,2026-04-15,PIT,WSH,682254,L,663623,R
823477,2026-04-15,PHI,CHC,666200,L,684007,L
823561,2026-04-15,NYY,LAA,661563,R,686799,R
823722,2026-04-15,MIN,BOS,680573,R,813349,L
823803,2026-04-15,MIL,TOR,694477,R,656302,R
823963,2026-04-15,LAD,NYM,660271,R,605280,R
824209,2026-04-15,HOU,COL,681293,R,500779,L
824291,2026-04-15,DET,KC,656427,R,607625,R
824532,2026-04-15,CIN,SF,695076,R,641816,R
824615,2026-04-15,CWS,TB,680732,R,642121,R
824855,2026-04-15,BAL,AZ,680694,R,593958,L
824936,2026-04-15,ATL,MIA,693821,R,663978,R
825021,2026-04-15,ATH,TEX,669372,R,677958,R
823313,2026-04-16,SD,SEA,621111,R,622491,R
823396,2026-04-16,PIT,WSH,677952,R,656492,L
823560,2026-04-16,NYY,LAA,608331,L,608718,L
823801,2026-04-16,MIL,TOR,687075,R,571578,L
824208,2026-04-16,HOU,COL,680802,R,675848,R
824289,2026-04-16,DET,KC,672456,R,663460,L
824453,2026-04-16,CLE,BAL,800048,L,669358,R
824530,2026-04-16,CIN,SF,695505,R,694738,R
824614,2026-04-16,CWS,TB,673929,R,571927,L
825023,2026-04-16,ATH,TEX,682052,L,683004,R
822752,2026-04-17,WSH,SF,641793,R,657277,R
823152,2026-04-17,SEA,TEX,669302,R,594798,R
823397,2026-04-17,PIT,TB,696149,R,607259,R
823476,2026-04-17,PHI,ATL,592836,R,527048,L
823559,2026-04-17,NYY,KC,693645,R,608379,R
823720,2026-04-17,MIN,CIN,657746,R,682227,L
823883,2026-04-17,MIA,MIL,676083,R,689441,R
824048,2026-04-17,LAA,SD,667755,R,663362,R
824207,2026-04-17,HOU,STL,663567,R,681517,R
824373,2026-04-17,COL,LAD,608372,R,607192,R
824454,2026-04-17,CLE,BAL,676440,R,605135,R
824693,2026-04-17,CHC,NYM,665795,R,673540,R
824778,2026-04-17,BOS,DET,624133,L,663554,R
825019,2026-04-17,ATH,CWS,650644,R,663436,R
825101,2026-04-17,AZ,TOR,647336,R,680755,R
822751,2026-04-18,WSH,SF,676917,R,605288,R
823151,2026-04-18,SEA,TEX,669923,R,543135,R
823394,2026-04-18,PIT,TB,694973,R,656876,R
823474,2026-04-18,PHI,ATL,650911,L,519242,L
823558,2026-04-18,NYY,KC,701542,R,702070,L
823721,2026-04-18,MIN,CIN,671737,R,671096,L
823882,2026-04-18,MIA,MIL,645261,R,605540,R
824049,2026-04-18,LAA,SD,579328,L,608566,R
824206,2026-04-18,HOU,STL,621121,R,669467,R
824372,2026-04-18,COL,LAD,663372,R,686218,R
824451,2026-04-18,CLE,BAL,668909,R,665152,R
824694,2026-04-18,CHC,NYM,592791,R,642547,R
824775,2026-04-18,BOS,DET,678394,R,669373,L
825020,2026-04-18,ATH,CWS,622663,R,607200,R
825098,2026-04-18,AZ,TOR,668678,R,453286,R
822750,2026-04-19,WSH,SF,676571,L,592662,L
823150,2026-04-19,SEA,TEX,693433,R,669022,L
823393,2026-04-19,PIT,TB,656605,R,663556,L
823475,2026-04-19,PHI,ATL,691725,R,656550,R
823556,2026-04-19,NYY,KC,677960,L,666142,L
823718,2026-04-19,MIN,CIN,641927,R,663903,R
823881,2026-04-19,MIA,MIL,691587,R,694819,R
824047,2026-04-19,LAA,SD,700712,R,650633,R
824205,2026-04-19,HOU,STL,681347,R,669461,L
824371,2026-04-19,COL,LAD,547179,R,808963,R
824452,2026-04-19,CLE,BAL,676282,L,669432,L
824691,2026-04-19,CHC,NYM,665871,R,668964,R
824777,2026-04-19,BOS,DET,676979,L,664285,L
825018,2026-04-19,ATH,CWS,605488,L,702273,L
825100,2026-04-19,AZ,TOR,669194,R,592332,R
822749,2026-04-20,WSH,ATL,663623,R,693821,R
822994,2026-04-20,TB,CIN,669947,R,695076,R
823149,2026-04-20,SEA,ATH,676106,R,669372,R
823879,2026-04-20,MIA,STL,676974,R,700241,R
824046,2026-04-20,LAA,TOR,672282,L,656302,R
824125,2026-04-20,KC,BAL,607625,R,680694,R
824370,2026-04-20,COL,LAD,500779,L,680736,L
824450,2026-04-20,CLE,HOU,677944,R,681293,R
824692,2026-04-20,CHC,PHI,607067,R,605400,R
824776,2026-04-20,BOS,DET,543243,R,656427,R
822747,2026-04-21,WSH,ATL,656492,L,625643,R
822914,2026-04-21,TEX,PIT,677958,R,669387,R
822995,2026-04-21,TB,CIN,571927,L,695505,R
823148,2026-04-21,SEA,ATH,622491,R,682052,L
823236,2026-04-21,SF,LAD,694738,R,808967,R
823640,2026-04-21,NYM,MIN,690997,R,680573,R
823880,2026-04-21,MIA,STL,663978,R,669160,R
824045,2026-04-21,LAA,TOR,686799,R,571578,L
824127,2026-04-21,KC,BAL,663460,L,669358,R
824290,2026-04-21,DET,MIL,672456,R,690986,L
824369,2026-04-21,COL,SD,623474,R,681190,R
824448,2026-04-21,CLE,HOU,800048,L,680802,R
824690,2026-04-21,CHC,PHI,684007,L,666200,L
824773,2026-04-21,BOS,NYY,813349,L,661563,R
825099,2026-04-21,AZ,CWS,518876,R,680732,R
822748,2026-04-22,WSH,ATL,641793,R,800311,R
822913,2026-04-22,TEX,PIT,683004,R,677952,R
822993,2026-04-22,TB,CIN,607259,R,682227,L
823147,2026-04-22,SEA,ATH,669302,R,650644,R
823231,2026-04-22,SF,LAD,641816,R,660271,R
823641,2026-04-22,NYM,MIN,605280,R,687570,L
823878,2026-04-22,MIA,STL,676083,R,681517,R
824044,2026-04-22,LAA,TOR,667755,R,641778,L
824123,2026-04-22,KC,BAL,608379,R,605135,R
824286,2026-04-22,DET,MIL,663554,R,669084,L
824367,2026-04-22,COL,SD,608372,R,621111,R
824449,2026-04-22,CLE,HOU,676440,R,663567,R
824688,2026-04-22,CHC,PHI,571510,L,679775,L
824774,2026-04-22,BOS,NYY,624133,L,608331,L
825097,2026-04-22,AZ,CWS,593958,L,641743,L
822745,2026-04-23,WSH,ATL,676917,R,702275,R
822912,2026-04-23,TEX,PIT,594798,R,696149,R
823233,2026-04-23,SF,LAD,657277,R,607192,R
823639,2026-04-23,NYM,MIN,681035,R,657746,R
824288,2026-04-23,DET,MIL,669373,L,687075,R
824368,2026-04-23,COL,SD,663372,R,663362,R
824689,2026-04-23,CHC,PHI,665795,R,650911,L
824770,2026-04-23,BOS,NYY,801139,L,693645,R
825096,2026-04-23,AZ,CWS,647336,R,663436,R
822827,2026-04-24,TOR,CLE,453286,R,668909,R
822909,2026-04-24,TEX,ATH,543135,R,622663,R
822992,2026-04-24,TB,MIN,656876,R,671737,R
823069,2026-04-24,STL,SEA,669467,R,669923,R
823232,2026-04-24,SF,MIA,605288,R,645261,R
823638,2026-04-24,NYM,COL,642547,R,547179,R
823800,2026-04-24,MIL,PIT,605540,R,694973,R
823962,2026-04-24,LAD,CHC,686218,R,592791,R
824124,2026-04-24,KC,LAA,702070,L,579328,L
824204,2026-04-24,HOU,NYY,621121,R,701542,R
824529,2026-04-24,CIN,DET,671096,L,664285,L
824611,2026-04-24,CWS,WSH,663542,L,676571,L
824854,2026-04-24,BAL,BOS,687064,R,678394,R
824932,2026-04-24,ATL,PHI,656550,R,691725,R
822826,2026-04-25,TOR,CLE,592332,R,676282,L
822910,2026-04-25,TEX,ATH,669022,L,605488,L
822989,2026-04-25,TB,MIN,663556,L,641927,R
823070,2026-04-25,STL,SEA,669461,L,693433,R
823229,2026-04-25,SF,MIA,592662,L,691587,R
823799,2026-04-25,MIL,PIT,694819,R,656605,R
823960,2026-04-25,LAD,CHC,808963,R,607067,R
824121,2026-04-25,KC,LAA,666142,L,700712,R
824203,2026-04-25,HOU,NYY,681347,R,677960,L
824527,2026-04-25,CIN,DET,663903,R,656427,R
824613,2026-04-25,CWS,WSH,702273,L,663623,R
824851,2026-04-25,BAL,BOS,669432,L,676979,L
824933,2026-04-25,ATL,PHI,693821,R,554430,R
825093,2026-04-25,AZ,SD,668678,R,608566,R
822824,2026-04-26,TOR,CLE,571578,L,677944,R
822911,2026-04-26,TEX,ATH,677958,R,669372,R
822991,2026-04-26,TB,MIN,643377,R,680573,R
823068,2026-04-26,STL,SEA,700241,R,676106,R
823230,2026-04-26,SF,MIA,694738,R,676974,R
823635,2026-04-26,NYM,COL,690997,R,500779,L
823637,2026-04-26,NYM,COL,673540,R,801403,R
823797,2026-04-26,MIL,PIT,690986,L,669387,R
823959,2026-04-26,LAD,CHC,680736,L,684007,L
824122,2026-04-26,KC,LAA,607625,R,672282,L
824202,2026-04-26,HOU,NYY,681293,R,661563,R
824528,2026-04-26,CIN,DET,695076,R,672456,R
824612,2026-04-26,CWS,WSH,663542,L,656492,L
824852,2026-04-26,BAL,BOS,680694,R,813349,L
824934,2026-04-26,ATL,PHI,519242,L,605400,R
825094,2026-04-26,AZ,SD,669194,R,650633,R
822825,2026-04-27,TOR,BOS,656302,R,624133,L
822906,2026-04-27,TEX,NYY,683004,R,608331,L
823311,2026-04-27,SD,CHC,681190,R,571510,L
823395,2026-04-27,PIT,STL,682254,L,669160,R
823719,2026-04-27,MIN,SEA,687570,L,622491,R
823961,2026-04-27,LAD,MIA,808967,R,663978,R
824446,2026-04-27,CLE,TB,800048,L,571927,L
824609,2026-04-27,CWS,LAA,641743,L,686799,R
822823,2026-04-28,TOR,BOS,702056,R,801139,L
822908,2026-04-28,TEX,NYY,594798,R,693645,R
823310,2026-04-28,SD,CHC,621111,R,665795,R
823390,2026-04-28,PIT,STL,677952,R,681517,R
823473,2026-04-28,PHI,SF,666200,L,641816,R
823636,2026-04-28,NYM,WSH,605280,R,641793,R
823716,2026-04-28,MIN,SEA,657746,R,669302,R
823798,2026-04-28,MIL,AZ,694477,R,518876,R
823956,2026-04-28,LAD,MIA,660271,R,676083,R
824447,2026-04-28,CLE,TB,676440,R,607259,R
824526,2026-04-28,CIN,COL,695505,R,607536,L
824610,2026-04-28,CWS,LAA,663436,R,667755,R
824849,2026-04-28,BAL,HOU,669358,R,678906,R
824931,2026-04-28,ATL,DET,527048,L,663554,R
825017,2026-04-28,ATH,KC,650644,R,663460,L
822821,2026-04-29,TOR,BOS,641778,L,678394,R
822907,2026-04-29,TEX,NYY,543135,R,695684,R
823312,2026-04-29,SD,CHC,663362,R,592791,R
823392,2026-04-29,PIT,STL,696149,R,669467,R
823633,2026-04-29,NYM,WSH,656849,L,676917,R
823717,2026-04-29,MIN,SEA,671737,R,669923,R
823796,2026-04-29,MIL,AZ,687075,R,593958,L
823958,2026-04-29,LAD,MIA,607192,R,645261,R
824445,2026-04-29,CLE,TB,668909,R,656876,R
824525,2026-04-29,CIN,COL,682227,L,608372,R
824608,2026-04-29,CWS,LAA,607200,R,579328,L
824930,2026-04-29,ATL,DET,702275,R,669373,L
825015,2026-04-29,ATH,KC,622663,R,608379,R
823391,2026-04-30,PIT,STL,694973,R,690928,R
823471,2026-04-30,PHI,SF,641835,L,605288,R
823472,2026-04-30,PHI,SF,650911,L,657277,R
823634,2026-04-30,NYM,WSH,642547,R,571945,R
823714,2026-04-30,MIN,TOR,641927,R,592332,R
823795,2026-04-30,MIL,AZ,605540,R,647336,R
824524,2026-04-30,CIN,COL,671096,L,547179,R
824848,2026-04-30,BAL,HOU,605135,R,663567,R
824850,2026-04-30,BAL,HOU,687064,R,621121,R
824929,2026-04-30,ATL,DET,693821,R,664285,L
825016,2026-04-30,ATH,KC,605488,L,702070,L
822744,2026-05-01,WSH,MIL,663623,R,694819,R
822990,2026-05-01,TB,SF,663556,L,592662,L
823066,2026-05-01,STL,LAD,669461,L,686218,R
823146,2026-05-01,SEA,KC,693433,R,666142,L
823309,2026-05-01,SD,CWS,608566,R,702273,L
823389,2026-05-01,PIT,CIN,656605,R,663903,R
823557,2026-05-01,NYY,BAL,701542,R,700249,L
823713,2026-05-01,MIN,TOR,680573,R,571578,L
823877,2026-05-01,MIA,PHI,691587,R,554430,R
824041,2026-05-01,LAA,NYM,700712,R,681035,R
824287,2026-05-01,DET,TEX,656427,R,669022,L
824366,2026-05-01,COL,ATL,500779,L,656550,R
824686,2026-05-01,CHC,AZ,607067,R,668678,R
824772,2026-05-01,BOS,HOU,687562,L,681347,R
825012,2026-05-01,ATH,CLE,669372,R,676282,L
822746,2026-05-02,WSH,MIL,656492,L,690986,L
822988,2026-05-02,TB,SF,643377,R,694738,R
823067,2026-05-02,STL,LAD,700241,R,808963,R
823144,2026-05-02,SEA,KC,676106,R,607625,R
823308,2026-05-02,SD,CWS,650633,R,680732,R
823388,2026-05-02,PIT,CIN,669387,R,695076,R
823554,2026-05-02,NYY,BAL,677960,L,680694,R
823715,2026-05-02,MIN,TOR,687570,L,656302,R
823876,2026-05-02,MIA,PHI,676974,R,691725,R
824042,2026-05-02,LAA,NYM,672282,L,690997,R
824284,2026-05-02,DET,TEX,672456,R,677958,R
824365,2026-05-02,COL,ATL,657514,L,519242,L
824685,2026-05-02,CHC,AZ,684007,L,669194,R
824771,2026-05-02,BOS,HOU,813349,L,681293,R
825014,2026-05-02,ATH,CLE,682052,L,677944,R
822742,2026-05-03,WSH,MIL,676571,L,701656,R
822987,2026-05-03,TB,SF,571927,L,641816,R
823065,2026-05-03,STL,LAD,669160,R,680736,L
823145,2026-05-03,SEA,KC,622491,R,663460,L
823307,2026-05-03,SD,CWS,656288,R,641743,L
823387,2026-05-03,PIT,CIN,677952,R,695505,R
823555,2026-05-03,NYY,BAL,608331,L,694346,R
823711,2026-05-03,MIN,TOR,657746,R,702056,R
823875,2026-05-03,MIA,PHI,663978,R,666200,L
824043,2026-05-03,LAA,NYM,686799,R,605280,R
824285,2026-05-03,DET,TEX,663947,L,683004,R
824364,2026-05-03,COL,ATL,607536,L,675911,R
824687,2026-05-03,CHC,AZ,571510,L,518876,R
824769,2026-05-03,BOS,HOU,624133,L,675989,R
825013,2026-05-03,ATH,CLE,650644,R,800048,L
822984,2026-05-04,TB,TOR,607259,R,641778,L
823064,2026-05-04,STL,MIL,681517,R,694477,R
823143,2026-05-04,SEA,ATL,669302,R,702275,R
823228,2026-05-04,SF,SD,686790,R,681190,R
823552,2026-05-04,NYY,BAL,693645,R,669358,R
823874,2026-05-04,MIA,PHI,676083,R,605400,R
824039,2026-05-04,LAA,CWS,667755,R,663436,R
824120,2026-05-04,KC,CLE,608379,R,676440,R
824201,2026-05-04,HOU,LAD,595345,L,808967,R
824283,2026-05-04,DET,BOS,663947,L,801139,L
824363,2026-05-04,COL,NYM,608372,R,623211,R
824684,2026-05-04,CHC,CIN,665795,R,695534,R
822743,2026-05-05,WSH,MIN,676917,R,671737,R
822986,2026-05-05,TB,TOR,656876,R,592332,R
823142,2026-05-05,SEA,ATL,669923,R,693821,R
823227,2026-05-05,SF,SD,657277,R,621111,R
823469,2026-05-05,PHI,ATH,650911,L,622663,R
823553,2026-05-05,NYY,TEX,695684,R,594798,R
823873,2026-05-05,MIA,BAL,645261,R,605135,R
824040,2026-05-05,LAA,CWS,691951,L,607200,R
824119,2026-05-05,KC,CLE,663568,R,668909,R
824200,2026-05-05,HOU,LAD,663567,R,660271,R
824281,2026-05-05,DET,BOS,664285,L,663558,L
824682,2026-05-05,CHC,CIN,592791,R,671096,L
825092,2026-05-05,AZ,PIT,593958,L,696149,R
822740,2026-05-06,WSH,MIN,571945,R,641927,R
822985,2026-05-06,TB,TOR,663556,L,571578,L
823063,2026-05-06,STL,MIL,669467,R,687075,R
823141,2026-05-06,SEA,ATL,693433,R,527048,L
823226,2026-05-06,SF,SD,605288,R,699134,R
823470,2026-05-06,PHI,ATH,554430,R,605488,L
823550,2026-05-06,NYY,TEX,701542,R,543135,R
823872,2026-05-06,MIA,BAL,691587,R,687064,R
824036,2026-05-06,LAA,CWS,700712,R,702273,L
824118,2026-05-06,KC,CLE,666142,L,676282,L
824198,2026-05-06,HOU,LAD,621121,R,607192,R
824282,2026-05-06,DET,BOS,656427,R,543243,R
824361,2026-05-06,COL,NYM,547179,R,642547,R
824683,2026-05-06,CHC,CIN,607067,R,663903,R
825091,2026-05-06,AZ,PIT,647336,R,694973,R
822741,2026-05-07,WSH,MIN,663623,R,680573,R
823306,2026-05-07,SD,STL,650633,R,669461,L
823467,2026-05-07,PHI,ATH,691725,R,669372,R
823551,2026-05-07,NYY,TEX,621112,R,669022,L
823870,2026-05-07,MIA,BAL,676974,R,700249,L
824117,2026-05-07,KC,CLE,607625,R,677944,R
824362,2026-05-07,COL,NYM,500779,L,681035,R
824681,2026-05-07,CHC,CIN,684007,L,695076,R
824767,2026-05-07,BOS,TB,687562,L,643377,R
825090,2026-05-07,AZ,PIT,668678,R,656605,R
822822,2026-05-08,TOR,LAA,656302,R,672282,L
822904,2026-05-08,TEX,CHC,677958,R,676962,R
823225,2026-05-08,SF,PIT,592662,L,669387,R
823303,2026-05-08,SD,STL,656288,R,700241,R
823466,2026-05-08,PHI,COL,666200,L,801403,R
823794,2026-05-08,MIL,NYY,694819,R,608331,L
823871,2026-05-08,MIA,WSH,702281,L,656492,L
823957,2026-05-08,LAD,ATL,686218,R,519242,L
824116,2026-05-08,KC,DET,663460,L,672456,R
824443,2026-05-08,CLE,MIN,800048,L,687570,L
824522,2026-05-08,CIN,HOU,666157,L,681347,R
824607,2026-05-08,CWS,SEA,680732,R,676106,R
824768,2026-05-08,BOS,TB,813349,L,669947,R
824846,2026-05-08,BAL,ATH,680694,R,682052,L
825088,2026-05-08,AZ,NYM,669194,R,690997,R
822820,2026-05-09,TOR,LAA,702056,R,686799,R
822905,2026-05-09,TEX,CHC,683004,R,665795,R
823224,2026-05-09,SF,PIT,694738,R,677952,R
823304,2026-05-09,SD,STL,681190,R,669160,R
823468,2026-05-09,PHI,COL,605400,R,607536,L
823792,2026-05-09,MIL,NYY,690986,L,693645,R
823869,2026-05-09,MIA,WSH,676083,R,663992,L
823955,2026-05-09,LAD,ATL,605483,L,675911,R
824115,2026-05-09,KC,DET,608379,R,572143,R
824444,2026-05-09,CLE,MIN,676440,R,657746,R
824523,2026-05-09,CIN,HOU,695505,R,681293,R
824606,2026-05-09,CWS,SEA,641743,L,622491,R
824847,2026-05-09,BAL,ATH,669358,R,650644,R
825089,2026-05-09,AZ,NYM,518876,R,605280,R
822819,2026-05-10,TOR,LAA,693686,R,667755,R
822902,2026-05-10,TEX,CHC,594798,R,592791,R
823221,2026-05-10,SF,PIT,641816,R,696149,R
823305,2026-05-10,SD,STL,621111,R,681517,R
823463,2026-05-10,PHI,COL,650911,L,608372,R
823793,2026-05-10,MIL,NYY,701656,R,607074,L
823868,2026-05-10,MIA,WSH,645261,R,676917,R
823954,2026-05-10,LAD,ATL,680736,L,693821,R
824113,2026-05-10,KC,DET,702070,L,669724,R
824440,2026-05-10,CLE,MIN,668909,R,702193,R
824520,2026-05-10,CIN,HOU,671096,L,678906,R
824605,2026-05-10,CWS,SEA,663436,R,669302,R
824765,2026-05-10,BOS,TB,801139,L,607259,R
824845,2026-05-10,BAL,ATH,669211,L,622663,R
825085,2026-05-10,AZ,NYM,593958,L,623211,R
822818,2026-05-11,TOR,TB,592332,R,656876,R
822901,2026-05-11,TEX,AZ,596001,R,647336,R
823953,2026-05-11,LAD,SF,808963,R,686790,R
824199,2026-05-11,HOU,SEA,663567,R,669923,R
824441,2026-05-11,CLE,LAA,676282,L,608718,L
824844,2026-05-11,BAL,NYY,687064,R,677960,L
822817,2026-05-12,TOR,TB,571578,L,663556,L
822903,2026-05-12,TEX,AZ,669022,L,668678,R
823385,2026-05-12,PIT,COL,694973,R,547179,R
823632,2026-05-12,NYM,DET,642547,R,656427,R
823712,2026-05-12,MIN,MIA,641927,R,691587,R
823790,2026-05-12,MIL,SD,687075,R,699134,R
823951,2026-05-12,LAD,SF,808967,R,605288,R
824197,2026-05-12,HOU,SEA,837227,R,693433,R
824442,2026-05-12,CLE,LAA,677944,R,700712,R
824521,2026-05-12,CIN,WSH,663903,R,571945,R
824604,2026-05-12,CWS,KC,607200,R,663568,R
824764,2026-05-12,BOS,PHI,663558,L,554430,R
824843,2026-05-12,BAL,NYY,669432,L,701542,R
824927,2026-05-12,ATL,CHC,656550,R,607067,R
825011,2026-05-12,ATH,STL,605488,L,669467,R
822815,2026-05-13,TOR,TB,656302,R,643377,R
822900,2026-05-13,TEX,AZ,677958,R,669194,R
823386,2026-05-13,PIT,COL,656605,R,500779,L
823631,2026-05-13,NYM,DET,681035,R,664285,L
823710,2026-05-13,MIN,MIA,680573,R,676974,R
823791,2026-05-13,MIL,SD,694819,R,650633,R
823952,2026-05-13,LAD,SF,660271,R,592662,L
824195,2026-05-13,HOU,SEA,621121,R,682243,R
824438,2026-05-13,CLE,LAA,800048,L,672282,L
824519,2026-05-13,CIN,WSH,666157,L,663623,R
824603,2026-05-13,CWS,KC,702273,L,607625,R
824763,2026-05-13,BOS,PHI,543243,R,691725,R
824841,2026-05-13,BAL,NYY,680694,R,608331,L
824928,2026-05-13,ATL,CHC,702275,R,684007,L
825010,2026-05-13,ATH,STL,669372,R,669461,L
823383,2026-05-14,PIT,COL,682254,L,801403,R
823630,2026-05-14,NYM,DET,690997,R,672456,R
823709,2026-05-14,MIN,MIA,805673,R,666129,L
823789,2026-05-14,MIL,SD,690986,L,656288,R
823950,2026-05-14,LAD,SF,686218,R,694738,R
824196,2026-05-14,HOU,SEA,681347,R,622491,R
824517,2026-05-14,CIN,WSH,695505,R,656492,L
824602,2026-05-14,CWS,KC,641743,L,663460,L
824762,2026-05-14,BOS,PHI,624133,L,666200,L
824926,2026-05-14,ATL,CHC,519242,L,676962,R
825008,2026-05-14,ATH,STL,682052,L,700241,R
822739,2026-05-15,WSH,BAL,641793,R,669358,R
822983,2026-05-15,TB,MIA,693855,L,676083,R
823061,2026-05-15,STL,KC,669160,R,608379,R
823140,2026-05-15,SEA,SD,676106,R,681190,R
823384,2026-05-15,PIT,PHI,677952,R,605400,R
823629,2026-05-15,NYM,NYY,605280,R,693645,R
823707,2026-05-15,MIN,MIL,657746,R,689441,R
824037,2026-05-15,LAA,LAD,686799,R,694361,R
824194,2026-05-15,HOU,TEX,681293,R,683004,R
824280,2026-05-15,DET,TOR,669724,R,702056,R
824360,2026-05-15,COL,AZ,607536,L,518876,R
824439,2026-05-15,CLE,CIN,676440,R,671096,L
824601,2026-05-15,CWS,CHC,680732,R,665795,R
824925,2026-05-15,ATL,BOS,675911,R,813349,L
825009,2026-05-15,ATH,SF,650644,R,641816,R
822737,2026-05-16,WSH,BAL,676917,R,605135,R
822981,2026-05-16,TB,MIA,607259,R,645261,R
823060,2026-05-16,STL,KC,681517,R,702070,L
823139,2026-05-16,SEA,SD,669302,R,621111,R
823382,2026-05-16,PIT,PHI,696149,R,650911,L
823627,2026-05-16,NYM,NYY,623211,R,607074,L
823706,2026-05-16,MIN,MIL,687570,L,701656,R
824038,2026-05-16,LAA,LAD,667755,R,680736,L
824193,2026-05-16,HOU,TEX,678906,R,594798,R
824278,2026-05-16,DET,TOR,663554,R,689254,L
824359,2026-05-16,COL,AZ,608372,R,593958,L
824435,2026-05-16,CLE,CIN,676282,L,663978,R
824600,2026-05-16,CWS,CHC,663436,R,592791,R
824924,2026-05-16,ATL,BOS,693821,R,801139,L
825007,2026-05-16,ATH,SF,622663,R,686790,R
822738,2026-05-17,WSH,BAL,663992,L,687064,R
822982,2026-05-17,TB,MIA,656876,R,691587,R
823058,2026-05-17,STL,KC,669467,R,663568,R
823138,2026-05-17,SEA,SD,669923,R,608337,R
823381,2026-05-17,PIT,PHI,694973,R,554430,R
823628,2026-05-17,NYM,NYY,642547,R,695684,R
823708,2026-05-17,MIN,MIL,641927,R,688107,L
824034,2026-05-17,LAA,LAD,680570,R,808963,R
824192,2026-05-17,HOU,TEX,663567,R,543135,R
824279,2026-05-17,DET,TOR,656427,R,592332,R
824358,2026-05-17,COL,AZ,547179,R,647336,R
824436,2026-05-17,CLE,CIN,668909,R,663903,R
824599,2026-05-17,CWS,CHC,607200,R,607067,R
824923,2026-05-17,ATL,BOS,656550,R,678394,R
825006,2026-05-17,ATH,SF,605488,L,605288,R
822734,2026-05-18,WSH,NYM,663623,R,681035,R
822980,2026-05-18,TB,BAL,663556,L,669432,L
823137,2026-05-18,SEA,CWS,693433,R,702273,L
823301,2026-05-18,SD,LAD,650633,R,808967,R
823465,2026-05-18,PHI,CIN,691725,R,666157,L
823549,2026-05-18,NYY,TOR,677960,L,571578,L
823705,2026-05-18,MIN,HOU,696070,L,837227,R
823867,2026-05-18,MIA,ATL,676974,R,702275,R
824035,2026-05-18,LAA,ATH,700712,R,669372,R
824114,2026-05-18,KC,BOS,607625,R,543243,R
824277,2026-05-18,DET,CLE,664285,L,677944,R
824357,2026-05-18,COL,TEX,500779,L,669022,L
824680,2026-05-18,CHC,MIL,684007,L,687075,R
825087,2026-05-18,AZ,SF,668678,R,592662,L
822736,2026-05-19,WSH,NYM,656492,L,690997,R
822979,2026-05-19,TB,BAL,643377,R,680694,R
823059,2026-05-19,STL,PIT,669461,L,656605,R
823136,2026-05-19,SEA,CWS,682243,R,641743,L
823302,2026-05-19,SD,LAD,656288,R,686218,R
823464,2026-05-19,PHI,CIN,666200,L,695505,R
823548,2026-05-19,NYY,TOR,701542,R,656302,R
823704,2026-05-19,MIN,HOU,805673,R,669920,R
823865,2026-05-19,MIA,ATL,666129,L,527048,L
824033,2026-05-19,LAA,ATH,672282,L,682052,L
824112,2026-05-19,KC,BOS,663559,L,624133,L
824276,2026-05-19,DET,CLE,672456,R,800048,L
824356,2026-05-19,COL,TEX,671111,L,641302,L
824677,2026-05-19,CHC,MIL,676962,R,694819,R
825086,2026-05-19,AZ,SF,669194,R,694738,R
822735,2026-05-20,WSH,NYM,641793,R,804267,L
822977,2026-05-20,TB,BAL,571927,L,669358,R
823057,2026-05-20,STL,PIT,700241,R,669387,R
823134,2026-05-20,SEA,CWS,676106,R,680732,R
823299,2026-05-20,SD,LAD,681190,R,660271,R
823462,2026-05-20,PHI,CIN,605400,R,671096,L
823547,2026-05-20,NYY,TOR,693645,R,702056,R
823703,2026-05-20,MIN,HOU,657746,R,681347,R
823866,2026-05-20,MIA,ATL,676083,R,519242,L
824032,2026-05-20,LAA,ATH,686799,R,650644,R
824111,2026-05-20,KC,BOS,608379,R,813349,L
824273,2026-05-20,DET,CLE,623454,R,676440,R
824355,2026-05-20,COL,TEX,607536,L,683004,R
824678,2026-05-20,CHC,MIL,665795,R,690986,L
825084,2026-05-20,AZ,SF,518876,R,641816,R
822733,2026-05-21,WSH,NYM,676917,R,656849,L
823056,2026-05-21,STL,PIT,669160,R,677952,R
823545,2026-05-21,NYY,TOR,607074,L,680755,R
823864,2026-05-21,MIA,ATL,645261,R,675911,R
824031,2026-05-21,LAA,ATH,667755,R,622663,R
824274,2026-05-21,DET,CLE,663554,R,676282,L
825083,2026-05-21,AZ,COL,593958,L,688642,R
822816,2026-05-22,TOR,PIT,592332,R,696149,R
823223,2026-05-22,SF,CWS,686790,R,663436,R
823298,2026-05-22,SD,ATH,621111,R,605488,L
823461,2026-05-22,PHI,CLE,650911,L,668909,R
823546,2026-05-22,NYY,TB,543037,R,607259,R
823788,2026-05-22,MIL,LAD,701656,R,680736,L
823863,2026-05-22,MIA,NYM,691587,R,668964,R
824029,2026-05-22,LAA,TEX,680570,R,594798,R
824110,2026-05-22,KC,SEA,702070,L,669302,R
824679,2026-05-22,CHC,HOU,592791,R,681293,R
824761,2026-05-22,BOS,MIN,801139,L,687570,L
824842,2026-05-22,BAL,DET,669211,L,656427,R
824922,2026-05-22,ATL,WSH,693821,R,663992,L
825082,2026-05-22,AZ,COL,647336,R,608372,R
822814,2026-05-23,TOR,PIT,571578,L,694973,R
823222,2026-05-23,SF,CWS,605288,R,663542,L
823300,2026-05-23,SD,ATH,608337,R,669372,R
823458,2026-05-23,PHI,CLE,554430,R,677944,R
823787,2026-05-23,MIL,LAD,688107,L,808963,R
823862,2026-05-23,MIA,NYM,676974,R,642547,R
824030,2026-05-23,LAA,TEX,700712,R,543135,R
824109,2026-05-23,KC,SEA,663568,R,669923,R
824516,2026-05-23,CIN,STL,695534,R,681517,R
824518,2026-05-23,CIN,STL,663978,R,669467,R
824674,2026-05-23,CHC,HOU,607067,R,678906,R
824760,2026-05-23,BOS,MIN,663558,L,671737,R
824920,2026-05-23,ATL,WSH,656550,R,663623,R
825080,2026-05-23,AZ,COL,668678,R,547179,R
822813,2026-05-24,TOR,PIT,656302,R,656605,R
823220,2026-05-24,SF,CWS,592662,L,702273,L
823297,2026-05-24,SD,ATH,650633,R,665622,R
823459,2026-05-24,PHI,CLE,691725,R,800048,L
823544,2026-05-24,NYY,TB,677960,L,656876,R
823786,2026-05-24,MIL,LAD,687075,R,808967,R
823861,2026-05-24,MIA,NYM,663969,R,681035,R
824028,2026-05-24,LAA,TEX,672282,L,669022,L
824108,2026-05-24,KC,SEA,607625,R,693433,R
824676,2026-05-24,CHC,HOU,684007,L,663567,R
824759,2026-05-24,BOS,MIN,543243,R,641927,R
824839,2026-05-24,BAL,DET,687064,R,664285,L
824840,2026-05-24,BAL,DET,669432,L,675512,R
824921,2026-05-24,ATL,WSH,527048,L,656492,L
825081,2026-05-24,AZ,COL,669194,R,500779,L
822812,2026-05-25,TOR,MIA,702056,R,676083,R
822899,2026-05-25,TEX,HOU,677958,R,837227,R
823219,2026-05-25,SF,AZ,694738,R,518876,R
823296,2026-05-25,SD,PHI,656288,R,666200,L
823380,2026-05-25,PIT,CHC,669387,R,676962,R
823625,2026-05-25,NYM,CIN,690997,R,666157,L
823784,2026-05-25,MIL,STL,694819,R,669461,L
823948,2026-05-25,LAD,COL,686218,R,685299,R
824107,2026-05-25,KC,NYY,608379,R,701542,R
824437,2026-05-25,CLE,WSH,676440,R,676571,L
824598,2026-05-25,CWS,MIN,641743,L,805673,R
824838,2026-05-25,BAL,TB,680694,R,663556,L
825005,2026-05-25,ATH,SEA,650644,R,622491,R
822811,2026-05-26,TOR,MIA,680755,R,645261,R
822898,2026-05-26,TEX,HOU,683004,R,669920,R
823216,2026-05-26,SF,AZ,641816,R,593958,L
823294,2026-05-26,SD,PHI,681190,R,605400,R
823379,2026-05-26,PIT,CHC,677952,R,696136,L
823624,2026-05-26,NYM,CIN,656849,L,695505,R
823785,2026-05-26,MIL,STL,690986,L,700241,R
823949,2026-05-26,LAD,COL,641778,L,607536,L
824106,2026-05-26,KC,NYY,663559,L,693645,R
824275,2026-05-26,DET,LAA,672456,R,686799,R
824434,2026-05-26,CLE,WSH,676282,L,676917,R
824597,2026-05-26,CWS,MIN,680732,R,657746,R
824758,2026-05-26,BOS,ATL,624133,L,675911,R
824837,2026-05-26,BAL,TB,669358,R,643377,R
825004,2026-05-26,ATH,SEA,695611,L,676106,R
822809,2026-05-27,TOR,MIA,592332,R,691587,R
822897,2026-05-27,TEX,HOU,594798,R,681347,R
823217,2026-05-27,SF,AZ,686790,R,647336,R
823295,2026-05-27,SD,PHI,621111,R,650911,L
823376,2026-05-27,PIT,CHC,696149,R,592791,R
823626,2026-05-27,NYM,CIN,623211,R,671096,L
823783,2026-05-27,MIL,STL,694477,R,669160,R
823947,2026-05-27,LAD,COL,660271,R,608372,R
824104,2026-05-27,KC,NYY,702070,L,543037,R
824270,2026-05-27,DET,LAA,663554,R,667755,R
824432,2026-05-27,CLE,WSH,668909,R,676571,L
824596,2026-05-27,CWS,MIN,689818,R,687570,L
824756,2026-05-27,BOS,ATL,813349,L,693821,R
824836,2026-05-27,BAL,TB,694346,R,571927,L
825003,2026-05-27,ATH,SEA,605488,L,669302,R
822896,2026-05-28,TEX,HOU,543135,R,681293,R
823378,2026-05-28,PIT,CHC,694973,R,607067,R
824272,2026-05-28,DET,LAA,656427,R,680570,R
824595,2026-05-28,CWS,MIN,663436,R,680573,R
824757,2026-05-28,BOS,ATL,801139,L,519242,L
824834,2026-05-28,BAL,TOR,605135,R,571578,L
822732,2026-05-29,WSH,SD,687606,R,608337,R
822894,2026-05-29,TEX,KC,669022,L,663568,R
822978,2026-05-29,TB,LAA,607259,R,700712,R
823055,2026-05-29,STL,CHC,669467,R,684007,L
823135,2026-05-29,SEA,AZ,669923,R,668678,R
823377,2026-05-29,PIT,MIN,683003,R,671737,R
823623,2026-05-29,NYM,MIA,642547,R,676974,R
823946,2026-05-29,LAD,PHI,680736,L,554430,R
824191,2026-05-29,HOU,MIL,678906,R,689441,R
824353,2026-05-29,COL,SF,547179,R,657277,R
824433,2026-05-29,CLE,BOS,677944,R,701719,L
824515,2026-05-29,CIN,ATL,663978,R,656550,R
824594,2026-05-29,CWS,DET,685126,L,675512,R
824835,2026-05-29,BAL,TOR,669432,L,671936,L
825002,2026-05-29,ATH,NYY,622663,R,607074,L
822731,2026-05-30,WSH,SD,656492,L,650633,R
822893,2026-05-30,TEX,KC,677958,R,607625,R
822975,2026-05-30,TB,LAA,656876,R,672282,L
823054,2026-05-30,STL,CHC,681517,R,676962,R
823132,2026-05-30,SEA,AZ,693433,R,669194,R
823375,2026-05-30,PIT,MIN,656605,R,641927,R
823622,2026-05-30,NYM,MIA,681035,R,663969,R
823945,2026-05-30,LAD,PHI,808963,R,666200,L
824190,2026-05-30,HOU,MIL,663567,R,687075,R
824352,2026-05-30,COL,SF,663372,R,605288,R
824431,2026-05-30,CLE,BOS,800048,L,543243,R
824513,2026-05-30,CIN,ATL,663903,R,527048,L
824593,2026-05-30,CWS,DET,641743,L,664285,L
824833,2026-05-30,BAL,TOR,687064,R,702056,R
825000,2026-05-30,ATH,NYY,669372,R,677960,L
822729,2026-05-31,WSH,SD,641793,R,656288,R
822895,2026-05-31,TEX,KC,683004,R,608379,R
822976,2026-05-31,TB,LAA,663556,L,686799,R
823053,2026-05-31,STL,CHC,669461,L,696136,L
823133,2026-05-31,SEA,AZ,682243,R,518876,R
823373,2026-05-31,PIT,MIN,677952,R,805673,R
823621,2026-05-31,NYM,MIA,690997,R,667463,L
823944,2026-05-31,LAD,PHI,808967,R,691725,R
824187,2026-05-31,HOU,MIL,837227,R,694819,R
824354,2026-05-31,COL,SF,685299,R,592662,L
824430,2026-05-31,CLE,BOS,676440,R,624133,L
824512,2026-05-31,CIN,ATL,666157,L,675911,R
824592,2026-05-31,CWS,DET,680732,R,672456,R
824832,2026-05-31,BAL,TOR,680694,R,693686,R
825001,2026-05-31,ATH,NYY,682052,L,701542,R
822730,2026-06-01,WSH,MIA,676917,R,645261,R
822974,2026-06-01,TB,DET,643377,R,680744,R
823050,2026-06-01,STL,TEX,700241,R,594798,R
823131,2026-06-01,SEA,NYM,676106,R,681810,R
823702,2026-06-01,MIN,CWS,657746,R,689818,R
823781,2026-06-01,MIL,SF,675660,L,694738,R
824027,2026-06-01,LAA,COL,667755,R,607536,L
824510,2026-06-01,CIN,KC,680689,R,679883,R
825078,2026-06-01,AZ,LAD,593958,L,686218,R
822728,2026-06-02,WSH,MIA,663992,L,669199,R
822971,2026-06-02,TB,DET,571927,L,656427,R
823052,2026-06-02,STL,TEX,669160,R,543135,R
823129,2026-06-02,SEA,NYM,669302,R,623211,R
823460,2026-06-02,PHI,SD,605400,R,681190,R
823541,2026-06-02,NYY,CLE,693645,R,676282,L
823700,2026-06-02,MIN,CWS,687570,L,663436,R
823782,2026-06-02,MIL,SF,690986,L,686790,R
824026,2026-06-02,LAA,COL,680570,R,608372,R
824189,2026-06-02,HOU,PIT,681347,R,696149,R
824511,2026-06-02,CIN,KC,671096,L,702070,L
824675,2026-06-02,CHC,ATH,592791,R,695611,L
824754,2026-06-02,BOS,BAL,813349,L,669358,R
824918,2026-06-02,ATL,TOR,693821,R,592332,R
825079,2026-06-02,AZ,LAD,647336,R,641778,L
822727,2026-06-03,WSH,MIA,674841,L,676974,R
822973,2026-06-03,TB,DET,607259,R,675512,R
823051,2026-06-03,STL,TEX,669467,R,669022,L
823130,2026-06-03,SEA,NYM,669923,R,642547,R
823456,2026-06-03,PHI,SD,650911,L,621111,R
823540,2026-06-03,NYY,CLE,543037,R,668909,R
823701,2026-06-03,MIN,CWS,671737,R,607200,R
823780,2026-06-03,MIL,SF,688107,L,657277,R
824024,2026-06-03,LAA,COL,700712,R,547179,R
824188,2026-06-03,HOU,PIT,681293,R,694973,R
824509,2026-06-03,CIN,KC,695505,R,663568,R
824671,2026-06-03,CHC,ATH,607067,R,605488,L
824755,2026-06-03,BOS,BAL,801139,L,605135,R
824917,2026-06-03,ATL,TOR,656550,R,571578,L
825077,2026-06-03,AZ,LAD,668678,R,660271,R
823457,2026-06-04,PHI,SD,554430,R,608337,R
823542,2026-06-04,NYY,CLE,607074,L,677944,R
823698,2026-06-04,MIN,KC,702193,R,607625,R
823779,2026-06-04,MIL,SF,689441,R,605288,R
824185,2026-06-04,HOU,PIT,678906,R,683003,R
824672,2026-06-04,CHC,ATH,684007,L,669372,R
824753,2026-06-04,BOS,BAL,678394,R,669432,L
824919,2026-06-04,ATL,TOR,519242,L,689254,L
825076,2026-06-04,AZ,LAD,669194,R,680736,L
822810,2026-06-05,TOR,BAL,702056,R,687064,R
822892,2026-06-05,TEX,CLE,677958,R,800048,L
823049,2026-06-05,STL,CIN,681517,R,663903,R
823293,2026-06-05,SD,NYM,650633,R,681035,R
823455,2026-06-05,PHI,CWS,666200,L,641743,L
823538,2026-06-05,NYY,BOS,677960,L,543243,R
823699,2026-06-05,MIN,KC,805673,R,608379,R
823860,2026-06-05,MIA,TB,687473,R,656876,R
823943,2026-06-05,LAD,LAA,808963,R,672282,L
824186,2026-06-05,HOU,ATH,663567,R,678022,R
824271,2026-06-05,DET,SEA,664285,L,693433,R
824350,2026-06-05,COL,MIL,663372,R,687075,R
824673,2026-06-05,CHC,SF,665795,R,592662,L
824914,2026-06-05,ATL,PIT,527048,L,656605,R
825073,2026-06-05,AZ,WSH,518876,R,656492,L
822808,2026-06-06,TOR,BAL,680755,R,680694,R
822891,2026-06-06,TEX,CLE,683004,R,676440,R
823048,2026-06-06,STL,CIN,669461,L,666157,L
823292,2026-06-06,SD,NYM,656288,R,690997,R
823454,2026-06-06,PHI,CWS,691725,R,685126,L
823697,2026-06-06,MIN,KC,657746,R,679883,R
823859,2026-06-06,MIA,TB,669199,R,663556,L
823942,2026-06-06,LAD,LAA,808967,R,686799,R
824184,2026-06-06,HOU,ATH,837227,R,695034,R
824269,2026-06-06,DET,SEA,672456,R,682243,R
824351,2026-06-06,COL,MIL,688642,R,694819,R
824669,2026-06-06,CHC,SF,676962,R,694738,R
824915,2026-06-06,ATL,PIT,675911,R,677952,R
825075,2026-06-06,AZ,WSH,593958,L,641793,R
822807,2026-06-07,TOR,BAL,592332,R,669358,R
822890,2026-06-07,TEX,CLE,594798,R,676282,L
823047,2026-06-07,STL,CIN,700241,R,695076,R
823291,2026-06-07,SD,NYM,681190,R,623211,R
823453,2026-06-07,PHI,CWS,605400,R,656457,L
823537,2026-06-07,NYY,BOS,693645,R,624133,L
823696,2026-06-07,MIN,KC,687570,L,702070,L
823857,2026-06-07,MIA,TB,645261,R,643377,R
823941,2026-06-07,LAD,LAA,686218,R,667755,R
824183,2026-06-07,HOU,ATH,681347,R,695611,L
824268,2026-06-07,DET,SEA,656427,R,622491,R
824349,2026-06-07,COL,MIL,607536,L,675660,L
824670,2026-06-07,CHC,SF,592791,R,686790,R
824916,2026-06-07,ATL,PIT,693821,R,682254,L
825074,2026-06-07,AZ,WSH,647336,R,676917,R
822806,2026-06-08,TOR,PHI,571578,L,650911,L
822972,2026-06-08,TB,BOS,693855,L,813349,L
823218,2026-06-08,SF,WSH,657277,R,663992,L
823289,2026-06-08,SD,CIN,621111,R,671096,L
824025,2026-06-08,LAA,HOU,680570,R,681293,R
824427,2026-06-08,CLE,NYY,668909,R,701542,R
824829,2026-06-08,BAL,SEA,694346,R,676106,R
824998,2026-06-08,ATH,MIL,605488,L,690986,L
822805,2026-06-09,TOR,PHI,656302,R,554430,R
822969,2026-06-09,TB,BOS,607259,R,801139,L
823214,2026-06-09,SF,WSH,605288,R,674841,L
823290,2026-06-09,SD,CIN,608337,R,695505,R
823374,2026-06-09,PIT,LAD,694973,R,641778,L
823620,2026-06-09,NYM,STL,642547,R,669160,R
823858,2026-06-09,MIA,AZ,676974,R,668678,R
824023,2026-06-09,LAA,HOU,700712,R,678906,R
824105,2026-06-09,KC,TEX,663568,R,543135,R
824267,2026-06-09,DET,MIN,675512,R,671737,R
824347,2026-06-09,COL,CHC,608372,R,607067,R
824429,2026-06-09,CLE,NYY,677944,R,543037,R
824591,2026-06-09,CWS,ATL,685126,L,656550,R
824830,2026-06-09,BAL,SEA,669432,L,669302,R
824999,2026-06-09,ATH,MIL,669372,R,688107,L
822804,2026-06-10,TOR,PHI,453286,R,666200,L
822970,2026-06-10,TB,BOS,656876,R,687562,L
823215,2026-06-10,SF,WSH,592662,L,656492,L
823287,2026-06-10,SD,CIN,650633,R,663903,R
823372,2026-06-10,PIT,LAD,683003,R,660271,R
823618,2026-06-10,NYM,STL,681810,R,669467,R
823856,2026-06-10,MIA,AZ,687473,R,669194,R
824022,2026-06-10,LAA,HOU,672282,L,663567,R
824103,2026-06-10,KC,TEX,607625,R,669022,L
824266,2026-06-10,DET,MIN,664285,L,702474,R
824348,2026-06-10,COL,CHC,547179,R,684007,L
824428,2026-06-10,CLE,NYY,800048,L,607074,L
824590,2026-06-10,CWS,ATL,663436,R,519242,L
824831,2026-06-10,BAL,SEA,687064,R,669923,R
824996,2026-06-10,ATH,MIL,678022,R,687075,R
823371,2026-06-11,PIT,LAD,656605,R,680736,L
823619,2026-06-11,NYM,STL,681035,R,690928,R
823855,2026-06-11,MIA,AZ,663969,R,518876,R
824101,2026-06-11,KC,TEX,608379,R,677958,R
824265,2026-06-11,DET,MIN,672456,R,805673,R
824346,2026-06-11,COL,CHC,663372,R,665795,R
824827,2026-06-11,BAL,SEA,680694,R,693433,R
822726,2026-06-12,WSH,SEA,641793,R,682243,R
822803,2026-06-12,TOR,NYY,702056,R,677960,L
823211,2026-06-12,SF,CHC,694738,R,665871,R
823370,2026-06-12,PIT,MIA,677952,R,645261,R
823617,2026-06-12,NYM,ATL,690997,R,675911,R
823695,2026-06-12,MIN,STL,657746,R,681517,R
823778,2026-06-12,MIL,PHI,694819,R,621383,L
824020,2026-06-12,LAA,TB,691951,L,663556,L
824102,2026-06-12,KC,HOU,679883,R,837227,R
824425,2026-06-12,CLE,DET,676440,R,656427,R
824507,2026-06-12,CIN,AZ,666157,L,593958,L
824588,2026-06-12,CWS,LAD,641743,L,808963,R
824752,2026-06-12,BOS,TEX,543243,R,683004,R
824826,2026-06-12,BAL,SD,669358,R,656288,R
824997,2026-06-12,ATH,COL,695611,L,807743,L
822725,2026-06-13,WSH,SEA,676917,R,622491,R
822802,2026-06-13,TOR,NYY,592332,R,693645,R
823213,2026-06-13,SF,CHC,686790,R,676962,R
823369,2026-06-13,PIT,MIA,696149,R,669199,R
823616,2026-06-13,NYM,ATL,640455,L,527048,L
823694,2026-06-13,MIN,STL,687570,L,669461,L
823776,2026-06-13,MIL,PHI,675660,L,605400,R
824019,2026-06-13,LAA,TB,667755,R,643377,R
824100,2026-06-13,KC,HOU,702070,L,681347,R
824426,2026-06-13,CLE,DET,676282,L,669373,L
824508,2026-06-13,CIN,AZ,695076,R,647336,R
824587,2026-06-13,CWS,LAD,680732,R,808967,R
824749,2026-06-13,BOS,TEX,624133,L,594798,R
824828,2026-06-13,BAL,SD,694346,R,681190,R
824995,2026-06-13,ATH,COL,683155,R,607536,L
822722,2026-06-14,WSH,SEA,676571,L,676106,R
822801,2026-06-14,TOR,NYY,571578,L,701542,R
823212,2026-06-14,SF,CHC,657277,R,669020,L
823368,2026-06-14,PIT,MIA,694973,R,676974,R
823615,2026-06-14,NYM,ATL,642547,R,693821,R
823693,2026-06-14,MIN,STL,671737,R,700241,R
823777,2026-06-14,MIL,PHI,690986,L,650911,L
824021,2026-06-14,LAA,TB,680570,R,668984,R
824099,2026-06-14,KC,HOU,663568,R,681293,R
824506,2026-06-14,CIN,AZ,671096,L,668678,R
824586,2026-06-14,CWS,LAD,663542,L,686218,R
824751,2026-06-14,BOS,TEX,813349,L,543135,R
824823,2026-06-14,BAL,SD,669432,L,621111,R
824994,2026-06-14,ATH,COL,605488,L,608372,R
822724,2026-06-15,WSH,KC,674841,L,687765,R
822887,2026-06-15,TEX,MIN,669022,L,702474,R
823046,2026-06-15,STL,SD,669160,R,593974,L
823452,2026-06-15,PHI,MIA,554430,R,687473,R
823938,2026-06-15,LAD,TB,641778,L,607259,R
824181,2026-06-15,HOU,DET,678906,R,623454,R
824505,2026-06-15,CIN,NYM,695505,R,668964,R
824666,2026-06-15,CHC,COL,684007,L,547179,R
824993,2026-06-15,ATH,PIT,669372,R,683003,R
825071,2026-06-15,AZ,LAA,669194,R,700712,R
822723,2026-06-16,WSH,KC,656492,L,608379,R
822888,2026-06-16,TEX,MIN,677958,R,805673,R
823045,2026-06-16,STL,SD,669467,R,650633,R
823128,2026-06-16,SEA,BAL,669302,R,687064,R
823451,2026-06-16,PHI,MIA,666200,L,663969,R
823535,2026-06-16,NYY,CWS,543037,R,663436,R
823775,2026-06-16,MIL,CLE,688107,L,677944,R
823939,2026-06-16,LAD,TB,680736,L,656876,R
824182,2026-06-16,HOU,DET,686613,R,664285,L
824504,2026-06-16,CIN,NYM,663903,R,673540,R
824667,2026-06-16,CHC,COL,665795,R,663372,R
824750,2026-06-16,BOS,TOR,801139,L,656302,R
824912,2026-06-16,ATL,SF,656550,R,605288,R
824991,2026-06-16,ATH,PIT,678022,R,656605,R
825070,2026-06-16,AZ,LAA,518876,R,672282,L
822721,2026-06-17,WSH,KC,641793,R,679883,R
823044,2026-06-17,STL,SD,681517,R,699134,R
823127,2026-06-17,SEA,BAL,669923,R,680694,R
823450,2026-06-17,PHI,MIA,691725,R,645261,R
823536,2026-06-17,NYY,CWS,607074,L,641743,L
823774,2026-06-17,MIL,CLE,687075,R,668909,R
823940,2026-06-17,LAD,TB,660271,R,663556,L
824178,2026-06-17,HOU,DET,663567,R,663554,R
824503,2026-06-17,CIN,NYM,666157,L,690997,R
824668,2026-06-17,CHC,COL,665871,R,807743,L
824746,2026-06-17,BOS,TOR,687562,L,680755,R
824912,2026-06-17,ATL,SF,656550,R,605288,R
824913,2026-06-17,ATL,SF,702275,R,687931,L
824992,2026-06-17,ATH,PIT,650644,R,677952,R
825072,2026-06-17,AZ,LAA,593958,L,691951,L
822889,2026-06-18,TEX,MIN,683004,R,657746,R
823125,2026-06-18,SEA,BAL,693433,R,669358,R
823448,2026-06-18,PHI,NYM,605400,R,640455,L
823533,2026-06-18,NYY,CWS,677960,L,663542,L
823772,2026-06-18,MIL,CLE,675660,L,800048,L
824098,2026-06-18,KC,STL,702070,L,669461,L
824748,2026-06-18,BOS,TOR,543243,R,702056,R
824989,2026-06-18,ATH,LAA,695611,L,696270,R
822886,2026-06-19,TEX,SD,594798,R,681190,R
822966,2026-06-19,TB,WSH,643377,R,676571,L
823124,2026-06-19,SEA,BOS,682243,R,624133,L
823534,2026-06-19,NYY,CIN,693645,R,695076,R
823853,2026-06-19,MIA,SF,669199,R,694738,R
823936,2026-06-19,LAD,BAL,808963,R,694346,R
824097,2026-06-19,KC,STL,607625,R,700241,R
824179,2026-06-19,HOU,CLE,837227,R,676440,R
824264,2026-06-19,DET,CWS,669373,L,685126,L
824345,2026-06-19,COL,PIT,607536,L,696149,R
824663,2026-06-19,CHC,TOR,676962,R,592332,R
824910,2026-06-19,ATL,MIL,527048,L,694819,R
824990,2026-06-19,ATH,LAA,605488,L,667755,R
825069,2026-06-19,AZ,MIN,647336,R,687570,L
822885,2026-06-20,TEX,SD,669022,L,621111,R
822967,2026-06-20,TB,WSH,693855,L,676917,R
823126,2026-06-20,SEA,BOS,676106,R,813349,L
823447,2026-06-20,PHI,NYM,650911,L,642547,R
823532,2026-06-20,NYY,CIN,701542,R,671096,L
823854,2026-06-20,MIA,SF,676974,R,686790,R
823937,2026-06-20,LAD,BAL,808967,R,669432,L
824180,2026-06-20,HOU,CLE,681293,R,676282,L
824263,2026-06-20,DET,CWS,675512,R,656794,L
824342,2026-06-20,COL,PIT,608372,R,694973,R
824665,2026-06-20,CHC,TOR,607067,R,571578,L
824909,2026-06-20,ATL,MIL,519242,L,690986,L
824988,2026-06-20,ATH,LAA,669372,R,700712,R
825068,2026-06-20,AZ,MIN,668678,R,671737,R
822883,2026-06-21,TEX,SD,543135,R,593974,L
822968,2026-06-21,TB,WSH,607259,R,674841,L
823123,2026-06-21,SEA,BOS,669302,R,801139,L
823449,2026-06-21,PHI,NYM,554430,R,656849,L
823531,2026-06-21,NYY,CIN,695684,R,695505,R
823852,2026-06-21,MIA,SF,687473,R,657277,R
823934,2026-06-21,LAD,BAL,686218,R,687064,R
824095,2026-06-21,KC,STL,663568,R,669160,R
824177,2026-06-21,HOU,CLE,678906,R,677944,R
824260,2026-06-21,DET,CWS,672456,R,663436,R
824343,2026-06-21,COL,PIT,547179,R,683003,R
824908,2026-06-21,ATL,MIL,693821,R,688107,L
824987,2026-06-21,ATH,LAA,678022,R,672282,L
825067,2026-06-21,AZ,MIN,703615,R,702474,R
822720,2026-06-22,WSH,PHI,656492,L,641835,L
822800,2026-06-22,TOR,HOU,656302,R,686613,R
822964,2026-06-22,TB,KC,656876,R,608379,R
823040,2026-06-22,STL,AZ,669467,R,518876,R
823288,2026-06-22,SD,ATL,650633,R,656550,R
823692,2026-06-22,MIN,LAD,805673,R,694361,R
823851,2026-06-22,MIA,TEX,663969,R,641302,L
824016,2026-06-22,LAA,BAL,691951,L,680694,R
824261,2026-06-22,DET,NYY,664285,L,543037,R
824344,2026-06-22,COL,BOS,663372,R,687562,L
824502,2026-06-22,CIN,MIL,663903,R,605540,R
824585,2026-06-22,CWS,CLE,641743,L,668909,R
822718,2026-06-23,WSH,PHI,676571,L,666200,L
822799,2026-06-23,TOR,HOU,669456,R,663567,R
822963,2026-06-23,TB,KC,663556,L,679883,R
823043,2026-06-23,STL,AZ,681517,R,593958,L
823210,2026-06-23,SF,ATH,592662,L,650644,R
823286,2026-06-23,SD,ATL,593974,L,702275,R
823365,2026-06-23,PIT,SEA,656605,R,669923,R
823614,2026-06-23,NYM,CHC,673540,R,665795,R
823690,2026-06-23,MIN,LAD,696070,L,680736,L
823849,2026-06-23,MIA,TEX,645261,R,615698,R
824017,2026-06-23,LAA,BAL,696270,R,669358,R
824262,2026-06-23,DET,NYY,663554,R,607074,L
824340,2026-06-23,COL,BOS,807743,L,543243,R
824501,2026-06-23,CIN,MIL,666157,L,687075,R
824584,2026-06-23,CWS,CLE,680732,R,800048,L
822719,2026-06-24,WSH,PHI,687223,L,605400,R
822798,2026-06-24,TOR,HOU,702056,R,681347,R
822965,2026-06-24,TB,KC,643377,R,702070,L
823041,2026-06-24,STL,AZ,669461,L,683352,L
823208,2026-06-24,SF,ATH,641816,R,695611,L
823284,2026-06-24,SD,ATL,676664,L,527048,L
823367,2026-06-24,PIT,SEA,677952,R,693433,R
823611,2026-06-24,NYM,CHC,640455,L,684007,L
823613,2026-06-24,NYM,CHC,690997,R,665871,R
823691,2026-06-24,MIN,LAD,657746,R,660271,R
823850,2026-06-24,MIA,TEX,691587,R,594798,R
824018,2026-06-24,LAA,BAL,667755,R,694346,R
824259,2026-06-24,DET,NYY,669373,L,677960,L
824341,2026-06-24,COL,BOS,607536,L,624133,L
824500,2026-06-24,CIN,MIL,695076,R,675660,L
824583,2026-06-24,CWS,CLE,669684,L,676440,R
822717,2026-06-25,WSH,PHI,676917,R,650911,L
822797,2026-06-25,TOR,TEX,592332,R,669022,L
822961,2026-06-25,TB,KC,668984,R,607625,R
823209,2026-06-25,SF,ATH,694738,R,605488,L
823366,2026-06-25,PIT,SEA,696149,R,682243,R
823612,2026-06-25,NYM,CHC,642547,R,571510,L
824258,2026-06-25,DET,HOU,675512,R,837227,R
824747,2026-06-25,BOS,NYY,813349,L,693645,R
822796,2026-06-26,TOR,TEX,571578,L,543135,R
822962,2026-06-26,TB,AZ,607259,R,668678,R
823039,2026-06-26,STL,MIA,700241,R,676974,R
823206,2026-06-26,SF,ATL,686790,R,625643,R
823285,2026-06-26,SD,LAD,621111,R,808963,R
823363,2026-06-26,PIT,CIN,694973,R,671096,L
823610,2026-06-26,NYM,PHI,804267,L,554430,R
823688,2026-06-26,MIN,COL,671737,R,608372,R
823773,2026-06-26,MIL,CHC,694819,R,607067,R
824014,2026-06-26,LAA,ATH,700712,R,669372,R
824255,2026-06-26,DET,HOU,672456,R,681293,R
824423,2026-06-26,CLE,SEA,676282,L,622491,R
824582,2026-06-26,CWS,KC,689818,R,674444,R
824743,2026-06-26,BOS,NYY,801139,L,701542,R
824824,2026-06-26,BAL,WSH,669432,L,674841,L
822794,2026-06-27,TOR,TEX,656302,R,615698,R
822960,2026-06-27,TB,AZ,642121,R,703615,R
823038,2026-06-27,STL,MIA,669467,R,687473,R
823207,2026-06-27,SF,ATL,657277,R,693821,R
823283,2026-06-27,SD,LAD,606996,L,808967,R
823364,2026-06-27,PIT,CIN,683003,R,695505,R
823609,2026-06-27,NYM,PHI,681035,R,641835,L
823689,2026-06-27,MIN,COL,702474,R,547179,R
823770,2026-06-27,MIL,CHC,690986,L,656849,L
824015,2026-06-27,LAA,ATH,672282,L,678022,R
824257,2026-06-27,DET,HOU,664285,L,678906,R
824421,2026-06-27,CLE,SEA,677944,R,669302,R
824581,2026-06-27,CWS,KC,663436,R,608379,R
824745,2026-06-27,BOS,NYY,687562,L,543037,R
824825,2026-06-27,BAL,WSH,687064,R,656492,L
822795,2026-06-28,TOR,TEX,669456,R,677958,R
822959,2026-06-28,TB,AZ,656876,R,518876,R
823037,2026-06-28,STL,MIA,681517,R,663969,R
823204,2026-06-28,SF,ATL,592662,L,519242,L
823281,2026-06-28,SD,LAD,650633,R,686218,R
823362,2026-06-28,PIT,CIN,656605,R,663903,R
823608,2026-06-28,NYM,PHI,672335,L,666200,L
823686,2026-06-28,MIN,COL,687570,L,663372,R
823769,2026-06-28,MIL,CHC,605540,R,669020,L
824011,2026-06-28,LAA,ATH,691951,L,650644,R
824256,2026-06-28,DET,HOU,656427,R,686613,R
824422,2026-06-28,CLE,SEA,668909,R,676106,R
824580,2026-06-28,CWS,KC,641743,L,679883,R
824744,2026-06-28,BOS,NYY,543243,R,607074,L
824821,2026-06-28,BAL,WSH,680694,R,641793,R
822792,2026-06-29,TOR,NYM,702056,R,640455,L
823121,2026-06-29,SEA,LAA,669923,R,696270,R
823444,2026-06-29,PHI,PIT,605400,R,677952,R
823529,2026-06-29,NYY,DET,677960,L,663554,R
823771,2026-06-29,MIL,CIN,688107,L,666157,L
824176,2026-06-29,HOU,MIN,663567,R,805673,R
824339,2026-06-29,COL,MIA,807743,L,645261,R
824420,2026-06-29,CLE,TEX,800048,L,641302,L
824662,2026-06-29,CHC,SD,684007,L,656288,R
824741,2026-06-29,BOS,WSH,624133,L,571945,R
824822,2026-06-29,BAL,CWS,669358,R,680732,R
824986,2026-06-29,ATH,LAD,695611,L,641778,L
825065,2026-06-29,AZ,SF,593958,L,641816,R
822793,2026-06-30,TOR,NYM,592332,R,690997,R
823122,2026-06-30,SEA,LAA,693433,R,667755,R
823445,2026-06-30,PHI,PIT,650911,L,696149,R
823528,2026-06-30,NYY,DET,693645,R,669373,L
823768,2026-06-30,MIL,CIN,687075,R,695076,R
824096,2026-06-30,KC,TB,702070,L,643377,R
824175,2026-06-30,HOU,MIN,681347,R,657746,R
824338,2026-06-30,COL,MIA,685299,R,691587,R
824418,2026-06-30,CLE,TEX,676440,R,594798,R
824661,2026-06-30,CHC,SD,571510,L,676664,L
824742,2026-06-30,BOS,WSH,813349,L,676917,R
824819,2026-06-30,BAL,CWS,694346,R,607200,R
824907,2026-06-30,ATL,STL,527048,L,669461,L
824984,2026-06-30,ATH,LAD,605488,L,680736,L
825066,2026-06-30,AZ,SF,694297,R,694738,R
822791,2026-07-01,TOR,NYM,680755,R,642547,R
823446,2026-07-01,PHI,PIT,554430,R,694973,R
823530,2026-07-01,NYY,DET,701542,R,675512,R
823767,2026-07-01,MIL,CIN,675660,L,671096,L
824094,2026-07-01,KC,TB,607625,R,663556,L
824174,2026-07-01,HOU,MIN,837227,R,671737,R
824337,2026-07-01,COL,MIA,607536,L,676974,R
824419,2026-07-01,CLE,TEX,676282,L,669022,L
824660,2026-07-01,CHC,SD,607067,R,621111,R
824740,2026-07-01,BOS,WSH,801139,L,695418,R
824818,2026-07-01,BAL,CWS,665152,R,702273,L
824905,2026-07-01,ATL,STL,625643,R,700241,R
824985,2026-07-01,ATH,LAD,669372,R,676263,L
825064,2026-07-01,AZ,SF,668678,R,686790,R
822884,2026-07-02,TEX,DET,543135,R,664285,L
823119,2026-07-02,SEA,LAA,682243,R,700712,R
823442,2026-07-02,PHI,PIT,660604,R,683003,R
823765,2026-07-02,MIL,CIN,694819,R,695505,R
823935,2026-07-02,LAD,SD,808963,R,681190,R
824093,2026-07-02,KC,TB,663568,R,693855,L
824335,2026-07-02,COL,MIA,547179,R,687473,R
824416,2026-07-02,CLE,CWS,677944,R,663436,R
824906,2026-07-02,ATL,STL,694462,R,669160,R
822714,2026-07-03,WSH,PIT,656492,L,656605,R
823120,2026-07-03,SEA,TOR,622491,R,656302,R
823527,2026-07-03,NYY,MIN,543037,R,702474,R
823933,2026-07-03,LAD,SD,660271,R,650633,R
824013,2026-07-03,LAA,BOS,672282,L,687562,L
824173,2026-07-03,HOU,TB,681293,R,607259,R
824336,2026-07-03,COL,SF,663372,R,657277,R
824417,2026-07-03,CLE,CWS,668909,R,641743,L
824498,2026-07-03,CIN,BAL,663903,R,669432,L
824659,2026-07-03,CHC,STL,656849,L,669467,R
824904,2026-07-03,ATL,NYM,656550,R,681035,R
824982,2026-07-03,ATH,MIA,678022,R,663969,R
825062,2026-07-03,AZ,MIL,703615,R,690986,L
822716,2026-07-04,WSH,PIT,687223,L,677952,R
822882,2026-07-04,TEX,DET,615698,R,656427,R
823118,2026-07-04,SEA,TOR,669302,R,669456,R
823526,2026-07-04,NYY,MIN,694341,R,805673,R
823932,2026-07-04,LAD,SD,808967,R,593974,L
824012,2026-07-04,LAA,BOS,691951,L,543243,R
824092,2026-07-04,KC,PHI,608379,R,666200,L
824171,2026-07-04,HOU,TB,686613,R,656876,R
824334,2026-07-04,COL,SF,807743,L,592662,L
824415,2026-07-04,CLE,CWS,800048,L,680732,R
824499,2026-07-04,CIN,BAL,668881,R,687064,R
824658,2026-07-04,CHC,STL,684007,L,681517,R
824903,2026-07-04,ATL,NYM,519242,L,640455,L
824983,2026-07-04,ATH,MIA,650644,R,645261,R
825063,2026-07-04,AZ,MIL,518876,R,605540,R
822715,2026-07-05,WSH,PIT,676917,R,696149,R
822879,2026-07-05,TEX,DET,677958,R,663554,R
823117,2026-07-05,SEA,TOR,676106,R,702056,R
823525,2026-07-05,NYY,MIN,677960,L,657746,R
823931,2026-07-05,LAD,SD,686218,R,676664,L
824010,2026-07-05,LAA,BOS,696270,R,624133,L
824091,2026-07-05,KC,PHI,679883,R,605400,R
824172,2026-07-05,HOU,TB,663567,R,669438,R
824333,2026-07-05,COL,SF,685299,R,641816,R
824413,2026-07-05,CLE,CWS,676440,R,669684,L
824497,2026-07-05,CIN,BAL,666157,L,680694,R
824656,2026-07-05,CHC,STL,665871,R,669461,L
824902,2026-07-05,ATL,NYM,527048,L,690997,R
824980,2026-07-05,ATH,MIA,695611,L,691587,R
825061,2026-07-05,AZ,MIL,593958,L,687075,R
822712,2026-07-06,WSH,HOU,571945,R,681347,R
822958,2026-07-06,TB,NYY,643377,R,693645,R
823036,2026-07-06,STL,MIL,669160,R,675660,L
823205,2026-07-06,SF,TOR,694738,R,592332,R
823282,2026-07-06,SD,AZ,621111,R,694297,R
823930,2026-07-06,LAD,COL,641778,L,607536,L
824089,2026-07-06,KC,PHI,702070,L,650911,L
824900,2026-07-06,ATL,NYM,625643,R,642547,R
822713,2026-07-07,WSH,HOU,674841,L,837227,R
822881,2026-07-07,TEX,LAA,594798,R,667755,R
822956,2026-07-07,TB,NYY,693855,L,701542,R
823035,2026-07-07,STL,MIL,690928,R,688107,L
823062,2026-07-07,STL,MIL,694335,R,694819,R
823203,2026-07-07,SF,TOR,686790,R,693686,R
823280,2026-07-07,SD,AZ,608566,R,668678,R
823361,2026-07-07,PIT,ATL,694973,R,694462,R
823607,2026-07-07,NYM,KC,672335,L,607625,R
823687,2026-07-07,MIN,CLE,671737,R,676282,L
823847,2026-07-07,MIA,SEA,676974,R,693433,R
823929,2026-07-07,LAD,COL,680736,L,547179,R
824254,2026-07-07,DET,ATH,669373,L,669372,R
824495,2026-07-07,CIN,PHI,671096,L,554430,R
824579,2026-07-07,CWS,BOS,702273,L,801139,L
824820,2026-07-07,BAL,CHC,669358,R,571510,L
822710,2026-07-08,WSH,HOU,656492,L,681293,R
822880,2026-07-08,TEX,LAA,669022,L,700712,R
822957,2026-07-08,TB,NYY,663556,L,543037,R
823032,2026-07-08,STL,MIL,700241,R,690986,L
823202,2026-07-08,SF,TOR,657277,R,656302,R
823279,2026-07-08,SD,AZ,650633,R,703615,R
823360,2026-07-08,PIT,ATL,683003,R,656550,R
823605,2026-07-08,NYM,KC,681035,R,674444,R
823684,2026-07-08,MIN,CLE,687570,L,677944,R
823848,2026-07-08,MIA,SEA,663969,R,669923,R
823928,2026-07-08,LAD,COL,808963,R,687312,R
824253,2026-07-08,DET,ATH,675512,R,605488,L
824496,2026-07-08,CIN,PHI,695505,R,660604,R
824578,2026-07-08,CWS,BOS,663436,R,687562,L
824815,2026-07-08,BAL,CHC,665152,R,607067,R
822877,2026-07-09,TEX,LAA,543135,R,672282,L
822954,2026-07-09,TB,NYY,656876,R,621112,R
823034,2026-07-09,STL,MIL,669467,R,701656,R
823201,2026-07-09,SF,COL,687931,L,663372,R
823277,2026-07-09,SD,AZ,656288,R,518876,R
823359,2026-07-09,PIT,ATL,656605,R,693821,R
823606,2026-07-09,NYM,KC,640455,L,608379,R
823683,2026-07-09,MIN,CLE,641927,R,668909,R
823846,2026-07-09,MIA,SEA,676083,R,682243,R
824251,2026-07-09,DET,ATH,664285,L,660761,L
824494,2026-07-09,CIN,PHI,663903,R,666200,L
824577,2026-07-09,CWS,BOS,641743,L,663776,L
824816,2026-07-09,BAL,CHC,669432,L,656849,L
822709,2026-07-10,WSH,NYY,687223,L,677960,L
822878,2026-07-10,TEX,HOU,615698,R,686613,R
822955,2026-07-10,TB,SEA,607259,R,622491,R
823033,2026-07-10,STL,ATL,681517,R,519242,L
823200,2026-07-10,SF,COL,592662,L,685299,R
823278,2026-07-10,SD,TOR,676664,L,669456,R
823604,2026-07-10,NYM,BOS,690997,R,543243,R
823685,2026-07-10,MIN,LAA,805673,R,680570,R
823845,2026-07-10,MIA,CLE,645261,R,800048,L
823927,2026-07-10,LAD,AZ,669165,R,593958,L
824252,2026-07-10,DET,PHI,656427,R,605400,R
824493,2026-07-10,CIN,CHC,668881,R,684007,L
824575,2026-07-10,CWS,ATH,680732,R,682052,L
824817,2026-07-10,BAL,KC,687064,R,679883,R
822711,2026-07-11,WSH,NYY,676571,L,693645,R
822875,2026-07-11,TEX,HOU,677958,R,663567,R
822953,2026-07-11,TB,SEA,643377,R,669302,R
823030,2026-07-11,STL,ATL,669461,L,625643,R
823198,2026-07-11,SF,COL,641816,R,607536,L
823276,2026-07-11,SD,TOR,621111,R,702056,R
823356,2026-07-11,PIT,MIL,696149,R,675660,L
823357,2026-07-11,PIT,MIL,677952,R,687075,R
823603,2026-07-11,NYM,BOS,642547,R,700842,L
823682,2026-07-11,MIN,LAA,657746,R,696270,R
823844,2026-07-11,MIA,CLE,691587,R,676440,R
823926,2026-07-11,LAD,AZ,808967,R,694297,R
824249,2026-07-11,DET,PHI,663554,R,650911,L
824492,2026-07-11,CIN,CHC,666157,L,665871,R
824576,2026-07-11,CWS,ATH,663542,L,695611,L
824813,2026-07-11,BAL,KC,680694,R,702070,L
822708,2026-07-12,WSH,NYY,676917,R,701542,R
822876,2026-07-12,TEX,HOU,669022,L,664299,R
822951,2026-07-12,TB,SEA,693855,L,676106,R
823029,2026-07-12,STL,ATL,669160,R,664849,L
823199,2026-07-12,SF,COL,686790,R,547179,R
823274,2026-07-12,SD,TOR,608566,R,592332,R
823358,2026-07-12,PIT,MIL,694973,R,688107,L
823602,2026-07-12,NYM,BOS,804267,L,801139,L
823681,2026-07-12,MIN,LAA,671737,R,667755,R
823842,2026-07-12,MIA,CLE,663969,R,676282,L
823925,2026-07-12,LAD,AZ,686218,R,683352,L
824250,2026-07-12,DET,PHI,669373,L,554430,R
824491,2026-07-12,CIN,CHC,671096,L,571510,L
824574,2026-07-12,CWS,ATH,702273,L,669372,R
824814,2026-07-12,BAL,KC,669358,R,607625,R
823440,2026-07-16,PHI,NYM,605400,R,681035,R
822789,2026-07-17,TOR,CWS,693686,R,641743,L
823115,2026-07-17,SEA,SF,682243,R,694738,R
823524,2026-07-17,NYY,LAD,543037,R,808963,R
823766,2026-07-17,MIL,MIA,701656,R,645261,R
824009,2026-07-17,LAA,DET,672282,L,675512,R
824090,2026-07-17,KC,SD,607625,R,650633,R
824170,2026-07-17,HOU,BAL,663567,R,665152,R
824332,2026-07-17,COL,CIN,687312,R,663903,R
824655,2026-07-17,CHC,MIN,607067,R,641927,R
824737,2026-07-17,BOS,TB,700842,L,669438,R
824766,2026-07-17,BOS,TB,687562,L,643377,R
824901,2026-07-17,ATL,TEX,519242,L,615698,R
824981,2026-07-17,ATH,WSH,695611,L,676917,R
825060,2026-07-17,AZ,STL,518876,R,700241,R
822790,2026-07-18,TOR,CWS,669456,R,663436,R
823116,2026-07-18,SEA,SF,693433,R,657277,R
823441,2026-07-18,PHI,NYM,666200,L,640455,L
823763,2026-07-18,MIL,MIA,675660,L,676974,R
824008,2026-07-18,LAA,DET,680570,R,669373,L
824088,2026-07-18,KC,SD,677976,R,656288,R
824169,2026-07-18,HOU,BAL,681293,R,669432,L
824331,2026-07-18,COL,CIN,608372,R,695076,R
824412,2026-07-18,CLE,PIT,671106,L,682254,L
824414,2026-07-18,CLE,PIT,668909,R,683003,R
824657,2026-07-18,CHC,MIN,571510,L,671737,R
824738,2026-07-18,BOS,TB,663776,L,693855,L
824899,2026-07-18,ATL,TEX,702566,R,669022,L
824979,2026-07-18,ATH,WSH,669372,R,641793,R
825059,2026-07-18,AZ,STL,694297,R,669160,R
822786,2026-07-19,TOR,CWS,702056,R,680732,R
823113,2026-07-19,SEA,SF,669302,R,592662,L
823439,2026-07-19,PHI,NYM,660604,R,690997,R
823521,2026-07-19,NYY,LAD,642232,L,694361,R
823523,2026-07-19,NYY,LAD,693645,R,808967,R
823764,2026-07-19,MIL,MIA,688107,L,691587,R
824007,2026-07-19,LAA,DET,696270,R,663554,R
824086,2026-07-19,KC,SD,702070,L,608566,R
824168,2026-07-19,HOU,BAL,686613,R,687064,R
824330,2026-07-19,COL,CIN,663372,R,668881,R
824411,2026-07-19,CLE,PIT,676282,L,694973,R
824653,2026-07-19,CHC,MIN,684007,L,805673,R
824739,2026-07-19,BOS,TB,543243,R,663556,L
824897,2026-07-19,ATL,TEX,656550,R,543135,R
824978,2026-07-19,ATH,WSH,682052,L,656492,L
825057,2026-07-19,AZ,STL,593958,L,669467,R
822788,2026-07-20,TOR,TB,656302,R,607259,R
822874,2026-07-20,TEX,CWS,594798,R,607200,R
823112,2026-07-20,SEA,CIN,669923,R,671096,L
823436,2026-07-20,PHI,LAD,650911,L,686218,R
823522,2026-07-20,NYY,PIT,677960,L,677952,R
823762,2026-07-20,MIL,NYM,694819,R,642547,R
824006,2026-07-20,LAA,STL,667755,R,681517,R
824087,2026-07-20,KC,SF,608379,R,686790,R
824167,2026-07-20,HOU,MIA,669854,R,676083,R
824328,2026-07-20,COL,WSH,607536,L,674841,L
824410,2026-07-20,CLE,MIN,676440,R,657746,R
824654,2026-07-20,CHC,DET,592791,R,656427,R
824736,2026-07-20,BOS,BAL,801139,L,669358,R
824898,2026-07-20,ATL,SD,693821,R,676664,L
825058,2026-07-20,AZ,ATH,683352,L,605488,L
822787,2026-07-21,TOR,TB,592332,R,656876,R
822871,2026-07-21,TEX,CWS,677958,R,702273,L
823114,2026-07-21,SEA,CIN,622491,R,695505,R
823437,2026-07-21,PHI,LAD,554430,R,680736,L
823760,2026-07-21,MIL,NYM,687075,R,804267,L
824005,2026-07-21,LAA,STL,700712,R,669461,L
824085,2026-07-21,KC,SF,679883,R,641816,R
824165,2026-07-21,HOU,MIA,837227,R,663969,R
824329,2026-07-21,COL,WSH,547179,R,687223,L
824409,2026-07-21,CLE,MIN,800048,L,696070,L
824652,2026-07-21,CHC,DET,656849,L,664285,L
824895,2026-07-21,ATL,SD,625643,R,621111,R
825056,2026-07-21,AZ,ATH,684442,L,678022,R
822784,2026-07-22,TOR,TB,680755,R,643377,R
822873,2026-07-22,TEX,CWS,641302,L,641743,L
823110,2026-07-22,SEA,CIN,676106,R,663903,R
823438,2026-07-22,PHI,LAD,605400,R,641778,L
823518,2026-07-22,NYY,PIT,543037,R,656605,R
823519,2026-07-22,NYY,PIT,608331,L,696149,R
823761,2026-07-22,MIL,NYM,701656,R,681035,R
824004,2026-07-22,LAA,STL,672282,L,690928,R
824083,2026-07-22,KC,SF,607625,R,694738,R
824166,2026-07-22,HOU,MIA,663567,R,645261,R
824327,2026-07-22,COL,WSH,687312,R,676917,R
824408,2026-07-22,CLE,MIN,677944,R,641927,R
824650,2026-07-22,CHC,DET,607067,R,672456,R
824732,2026-07-22,BOS,BAL,700842,L,680694,R
824735,2026-07-22,BOS,BAL,687562,L,665152,R
824896,2026-07-22,ATL,SD,527048,L,650633,R
825055,2026-07-22,AZ,ATH,518876,R,695611,L
822785,2026-07-23,TOR,TB,669456,R,668984,R
823042,2026-07-23,STL,AZ,700241,R,694297,R
824247,2026-07-23,DET,KC,675512,R,677976,R
824406,2026-07-23,CLE,MIN,668909,R,671737,R
824893,2026-07-23,ATL,SD,519242,L,606996,L
822707,2026-07-24,WSH,AZ,687223,L,593958,L
822872,2026-07-24,TEX,SEA,669022,L,682243,R
822952,2026-07-24,TB,CLE,663556,L,676282,L
823031,2026-07-24,STL,CIN,669160,R,695076,R
823196,2026-07-24,SF,LAA,657277,R,680570,R
823352,2026-07-24,PIT,CHC,683003,R,571510,L
823434,2026-07-24,PHI,NYY,666200,L,693645,R
823601,2026-07-24,NYM,LAD,640455,L,808963,R
823680,2026-07-24,MIN,ATH,805673,R,682052,L
823759,2026-07-24,MIL,COL,675660,L,608372,R
823843,2026-07-24,MIA,SD,687473,R,608566,R
824248,2026-07-24,DET,KC,669373,L,694360,R
824573,2026-07-24,CWS,HOU,663436,R,681293,R
824733,2026-07-24,BOS,TOR,663776,L,702056,R
824812,2026-07-24,BAL,ATL,669432,L,656550,R
822704,2026-07-25,WSH,AZ,656492,L,683352,L
822869,2026-07-25,TEX,SEA,543135,R,693433,R
822948,2026-07-25,TB,CLE,607259,R,676440,R
823027,2026-07-25,STL,CIN,669467,R,668881,R
823197,2026-07-25,SF,LAA,592662,L,696270,R
823355,2026-07-25,PIT,CHC,694973,R,684007,L
823435,2026-07-25,PHI,NYY,641835,L,677960,L
823600,2026-07-25,NYM,LAD,690997,R,808967,R
823679,2026-07-25,MIN,ATH,696070,L,669620,L
823758,2026-07-25,MIL,COL,688107,L,663372,R
823841,2026-07-25,MIA,SD,691587,R,681190,R
824244,2026-07-25,DET,KC,663554,R,608379,R
824571,2026-07-25,CWS,HOU,680732,R,686613,R
824734,2026-07-25,BOS,TOR,543243,R,656302,R
824811,2026-07-25,BAL,ATL,687064,R,693821,R
822706,2026-07-26,WSH,AZ,571945,R,684442,L
822870,2026-07-26,TEX,SEA,594798,R,669302,R
822950,2026-07-26,TB,CLE,656876,R,800048,L
823028,2026-07-26,STL,CIN,681517,R,671096,L
823194,2026-07-26,SF,LAA,687931,L,667755,R
823354,2026-07-26,PIT,CHC,677952,R,592791,R
823433,2026-07-26,PHI,NYY,650911,L,701542,R
823599,2026-07-26,NYM,LAD,642547,R,686218,R
823678,2026-07-26,MIN,ATH,687570,L,605488,L
823755,2026-07-26,MIL,COL,694819,R,607536,L
823840,2026-07-26,MIA,SD,676083,R,621111,R
824246,2026-07-26,DET,KC,664285,L,679883,R
824572,2026-07-26,CWS,HOU,607200,R,669854,R
824730,2026-07-26,BOS,TOR,624133,L,592332,R
824810,2026-07-26,BAL,ATL,669358,R,625643,R
822705,2026-07-27,WSH,TOR,678868,R,453286,R
822868,2026-07-27,TEX,SEA,677958,R,669923,R
823025,2026-07-27,STL,CHC,669461,L,656849,L
823195,2026-07-27,SF,MIL,641816,R,687075,R
823353,2026-07-27,PIT,AZ,656605,R,518876,R
823597,2026-07-27,NYM,ATL,804267,L,527048,L
823839,2026-07-27,MIA,PHI,663969,R,554430,R
824001,2026-07-27,LAA,HOU,700712,R,837227,R
824245,2026-07-27,DET,BAL,672456,R,680694,R
824570,2026-07-27,CWS,NYY,702273,L,608331,L
824977,2026-07-27,ATH,BOS,678022,R,801139,L
822703,2026-07-28,WSH,TOR,676917,R,669456,R
822949,2026-07-28,TB,TEX,643377,R,615698,R
823026,2026-07-28,STL,CHC,700241,R,607067,R
823193,2026-07-28,SF,MIL,694738,R,701656,R
823275,2026-07-28,SD,COL,650633,R,547179,R
823350,2026-07-28,PIT,AZ,696149,R,694297,R
823676,2026-07-28,MIN,KC,671737,R,607625,R
823838,2026-07-28,MIA,PHI,645261,R,605400,R
823923,2026-07-28,LAD,SEA,680736,L,622491,R
824003,2026-07-28,LAA,HOU,672282,L,663567,R
824243,2026-07-28,DET,BAL,675512,R,665152,R
824489,2026-07-28,CIN,CLE,657571,L,668909,R
824490,2026-07-28,CIN,CLE,695505,R,677944,R
824569,2026-07-28,CWS,NYY,641743,L,543037,R
824976,2026-07-28,ATH,BOS,695611,L,687562,L
822702,2026-07-29,WSH,TOR,641793,R,702056,R
822947,2026-07-29,TB,TEX,668984,R,669022,L
823022,2026-07-29,STL,CHC,669160,R,571510,L
823192,2026-07-29,SF,MIL,657277,R,623381,L
823273,2026-07-29,SD,COL,606996,L,687312,R
823351,2026-07-29,PIT,AZ,683003,R,593958,L
823596,2026-07-29,NYM,ATL,640455,L,700363,R
823598,2026-07-29,NYM,ATL,681035,R,519242,L
823677,2026-07-29,MIN,KC,657746,R,677976,R
823837,2026-07-29,MIA,PHI,687473,R,666200,L
823924,2026-07-29,LAD,SEA,641778,L,676106,R
824002,2026-07-29,LAA,HOU,680570,R,669713,R
824242,2026-07-29,DET,BAL,669373,L,669432,L
824487,2026-07-29,CIN,CLE,663903,R,676282,L
824567,2026-07-29,CWS,NYY,663436,R,693645,R
824973,2026-07-29,ATH,BOS,682052,L,663776,L
822946,2026-07-30,TB,TEX,663556,L,668390,R
823023,2026-07-30,STL,CHC,669467,R,665871,R
823271,2026-07-30,SD,SF,676664,L,592662,L
823595,2026-07-30,NYM,MIA,690997,R,691587,R
823674,2026-07-30,MIN,KC,641927,R,702070,L
823921,2026-07-30,LAD,SEA,808963,R,693433,R
824488,2026-07-30,CIN,PIT,695076,R,670990,R
824568,2026-07-30,CWS,NYY,680732,R,677960,L
824894,2026-07-30,ATL,WSH,656550,R,663623,R
824974,2026-07-30,ATH,BOS,686930,R,543243,R
822782,2026-07-31,TOR,STL,656302,R,681517,R
822945,2026-07-31,TB,CWS,607259,R,607200,R
823111,2026-07-31,SEA,MIN,682243,R,805673,R
823272,2026-07-31,SD,SF,699134,R,687931,L
823593,2026-07-31,NYM,MIA,673540,R,676083,R
823922,2026-07-31,LAD,BOS,683618,R,624133,L
823999,2026-07-31,LAA,MIL,696270,R,675660,L
824164,2026-07-31,HOU,TEX,686613,R,543135,R
824325,2026-07-31,COL,KC,608372,R,608379,R
824407,2026-07-31,CLE,AZ,676440,R,683352,L
824486,2026-07-31,CIN,PIT,668881,R,694973,R
824651,2026-07-31,CHC,NYY,684007,L,701542,R
824809,2026-07-31,BAL,PHI,687064,R,691725,R
824892,2026-07-31,ATL,WSH,693821,R,656492,L
824975,2026-07-31,ATH,DET,605488,L,663947,L
822781,2026-08-01,TOR,STL,592332,R,687273,L
822944,2026-08-01,TB,CWS,656876,R,663855,R
823109,2026-08-01,SEA,MIN,669302,R,687570,L
823269,2026-08-01,SD,SF,621111,R,641816,R
823594,2026-08-01,NYM,MIA,804267,L,663969,R
823920,2026-08-01,LAD,BOS,808967,R,801139,L
824000,2026-08-01,LAA,MIL,608718,L,688107,L
824162,2026-08-01,HOU,TEX,669854,R,594798,R
824326,2026-08-01,COL,KC,663372,R,679883,R
824405,2026-08-01,CLE,AZ,800048,L,684442,L
824485,2026-08-01,CIN,PIT,671096,L,677952,R
824649,2026-08-01,CHC,NYY,656849,L,608331,L
824808,2026-08-01,BAL,PHI,669358,R,650911,L
824890,2026-08-01,ATL,WSH,527048,L,571945,R
824972,2026-08-01,ATH,DET,678022,R,664285,L
822783,2026-08-02,TOR,STL,453286,R,669461,L
822943,2026-08-02,TB,CWS,643377,R,641743,L
823107,2026-08-02,SEA,MIN,669923,R,671737,R
823270,2026-08-02,SD,SF,606996,L,694738,R
823592,2026-08-02,NYM,MIA,476594,R,645261,R
823919,2026-08-02,LAD,BOS,686218,R,687562,L
823996,2026-08-02,LAA,MIL,700712,R,694819,R
824163,2026-08-02,HOU,TEX,663567,R,677958,R
824323,2026-08-02,COL,KC,607536,L,607625,R
824404,2026-08-02,CLE,AZ,668909,R,518876,R
824483,2026-08-02,CIN,PIT,695505,R,656605,R
824648,2026-08-02,CHC,NYY,607067,R,543037,R
824807,2026-08-02,BAL,PHI,680694,R,554430,R
824891,2026-08-02,ATL,WSH,702275,R,676917,R
824971,2026-08-02,ATH,DET,695611,L,672456,R
822867,2026-08-03,TEX,SF,615698,R,657277,R
823431,2026-08-03,PHI,WSH,605400,R,674841,L
823520,2026-08-03,NYY,STL,693645,R,700241,R
823757,2026-08-03,MIL,PIT,687075,R,696149,R
824160,2026-08-03,HOU,TOR,664299,R,669456,R
824324,2026-08-03,COL,TB,547179,R,693855,L
824647,2026-08-03,CHC,LAD,571510,L,680736,L
825095,2026-08-03,AZ,SD,694297,R,650633,R
822865,2026-08-04,TEX,SF,669022,L,694918,R
823108,2026-08-04,SEA,DET,676106,R,675512,R
823432,2026-08-04,PHI,WSH,666200,L,687223,L
823517,2026-08-04,NYY,STL,677960,L,690928,R
823756,2026-08-04,MIL,PIT,701656,R,683003,R
824084,2026-08-04,KC,MIN,677976,R,657746,R
824161,2026-08-04,HOU,TOR,669713,R,702056,R
824321,2026-08-04,COL,TB,687312,R,642547,R
824403,2026-08-04,CLE,NYM,676282,L,640455,L
824484,2026-08-04,CIN,ATH,663903,R,669372,R
824645,2026-08-04,CHC,LAD,665871,R,669373,L
824731,2026-08-04,BOS,CWS,663776,L,663436,R
824805,2026-08-04,BAL,LAA,700249,L,680570,R
824888,2026-08-04,ATL,MIA,656550,R,687473,R
825054,2026-08-04,AZ,SD,593958,L,681190,R
822866,2026-08-05,TEX,SF,674003,L,687931,L
823106,2026-08-05,SEA,DET,693433,R,623454,R
823429,2026-08-05,PHI,WSH,691725,R,663623,R
823516,2026-08-05,NYY,STL,701542,R,669467,R
823753,2026-08-05,MIL,PIT,690986,L,694973,R
824082,2026-08-05,KC,MIN,702070,L,665152,R
824158,2026-08-05,HOU,TOR,686613,R,592791,R
824322,2026-08-05,COL,TB,608372,R,607259,R
824402,2026-08-05,CLE,NYM,676440,R,681035,R
824482,2026-08-05,CIN,ATH,695076,R,682052,L
824646,2026-08-05,CHC,LAD,684007,L,641778,L
824728,2026-08-05,BOS,CWS,543243,R,680732,R
824806,2026-08-05,BAL,LAA,669432,L,672282,L
824889,2026-08-05,ATL,MIA,693821,R,691587,R
825052,2026-08-05,AZ,SD,683352,L,663554,R
823105,2026-08-06,SEA,DET,682243,R,664285,L
823430,2026-08-06,PHI,WSH,650911,L,571945,R
823754,2026-08-06,MIL,PIT,669160,R,677952,R
824080,2026-08-06,KC,MIN,608379,R,641927,R
824401,2026-08-06,CLE,NYM,656492,L,690997,R
824481,2026-08-06,CIN,ATH,671096,L,686930,R
824664,2026-08-06,CHC,TOR,656849,L,656302,R
824729,2026-08-06,BOS,CWS,624133,L,622491,R
824804,2026-08-06,BAL,LAA,687064,R,696270,R
824885,2026-08-06,ATL,MIA,527048,L,676083,R
825053,2026-08-06,AZ,SD,684442,L,621111,R
822699,2026-08-07,WSH,CIN,676917,R,695534,R
822863,2026-08-07,TEX,BAL,543135,R,669358,R
823024,2026-08-07,STL,COL,681517,R,663372,R
823103,2026-08-07,SEA,TB,669302,R,656876,R
823191,2026-08-07,SF,DET,664141,R,672456,R
823266,2026-08-07,SD,HOU,592662,L,669854,R
823349,2026-08-07,PIT,NYM,669387,R,804267,L
823428,2026-08-07,PHI,TOR,554430,R,667755,R
823515,2026-08-07,NYY,ATL,608331,L,641816,R
823750,2026-08-07,MIL,MIN,675660,L,805673,R
823836,2026-08-07,MIA,LAA,663969,R,691946,R
824081,2026-08-07,KC,CHC,663738,L,592332,R
824566,2026-08-07,CWS,CLE,702273,L,800048,L
824727,2026-08-07,BOS,ATH,801139,L,678022,R
825051,2026-08-07,AZ,LAD,518876,R,808963,R
822701,2026-08-08,WSH,CIN,674841,L,695505,R
822864,2026-08-08,TEX,BAL,594798,R,680694,R
823021,2026-08-08,STL,COL,669461,L,607536,L
823102,2026-08-08,SEA,TB,669923,R,668984,R
823188,2026-08-08,SF,DET,694738,R,695549,R
823267,2026-08-08,SD,HOU,650633,R,663567,R
823348,2026-08-08,PIT,NYM,696149,R,476594,R
823426,2026-08-08,PHI,TOR,605400,R,453286,R
823514,2026-08-08,NYY,ATL,543037,R,519242,L
823752,2026-08-08,MIL,MIN,688107,L,671737,R
823834,2026-08-08,MIA,LAA,645261,R,700712,R
824079,2026-08-08,KC,CHC,607625,R,605280,R
824565,2026-08-08,CWS,CLE,641743,L,668909,R
824726,2026-08-08,BOS,ATH,687562,L,695611,L
825049,2026-08-08,AZ,LAD,694297,R,808967,R
822700,2026-08-09,WSH,CIN,695418,R,663903,R
822862,2026-08-09,TEX,BAL,677958,R,700249,L
823020,2026-08-09,STL,COL,700241,R,547179,R
823104,2026-08-09,SEA,TB,676106,R,693855,L
823190,2026-08-09,SF,DET,657277,R,675512,R
823268,2026-08-09,SD,HOU,681190,R,664299,R
823345,2026-08-09,PIT,NYM,683003,R,640455,L
823425,2026-08-09,PHI,TOR,666200,L,669456,R
823513,2026-08-09,NYY,ATL,693645,R,656550,R
823751,2026-08-09,MIL,MIN,694819,R,687570,L
823835,2026-08-09,MIA,LAA,687473,R,680570,R
824078,2026-08-09,KC,CHC,677976,R,571510,L
824564,2026-08-09,CWS,CLE,663436,R,676282,L
824724,2026-08-09,BOS,ATH,669062,L,669372,R
825050,2026-08-09,AZ,LAD,593958,L,680736,L
822780,2026-08-10,TOR,BOS,592791,R,543243,R
823018,2026-08-10,STL,PHI,690928,R,691725,R
823189,2026-08-10,SF,HOU,694918,R,669713,R
823265,2026-08-10,SD,MIL,663554,R,701656,R
823675,2026-08-10,MIN,BAL,665152,R,669432,L
823918,2026-08-10,LAD,KC,669373,L,702070,L
823998,2026-08-10,LAA,TEX,672282,L,669022,L
824887,2026-08-10,ATL,NYM,693821,R,681035,R
824969,2026-08-10,ATH,TB,682052,L,642547,R
825048,2026-08-10,AZ,COL,647336,R,687312,R
822697,2026-08-11,WSH,CHC,663623,R,684007,L
822778,2026-08-11,TOR,BOS,656302,R,663776,L
823019,2026-08-11,STL,PHI,669467,R,650911,L
823186,2026-08-11,SF,HOU,687931,L,686613,R
823264,2026-08-11,SD,MIL,621111,R,690986,L
823512,2026-08-11,NYY,SEA,677960,L,693433,R
823673,2026-08-11,MIN,BAL,641927,R,687064,R
823832,2026-08-11,MIA,PIT,691587,R,694973,R
823917,2026-08-11,LAD,KC,605483,L,608379,R
823997,2026-08-11,LAA,TEX,696270,R,674003,L
824240,2026-08-11,DET,CLE,623454,R,676440,R
824563,2026-08-11,CWS,CIN,680732,R,666157,L
824886,2026-08-11,ATL,NYM,527048,L,690997,R
824970,2026-08-11,ATH,TB,686930,R,607259,R
825046,2026-08-11,AZ,COL,683352,L,608372,R
822698,2026-08-12,WSH,CHC,800600,L,656849,L
822779,2026-08-12,TOR,BOS,667755,R,624133,L
823017,2026-08-12,STL,PHI,681517,R,554430,R
823187,2026-08-12,SF,HOU,605288,R,687911,L
823263,2026-08-12,SD,MIL,592662,L,669160,R
823511,2026-08-12,NYY,SEA,701542,R,682243,R
823672,2026-08-12,MIN,BAL,805673,R,669358,R
823833,2026-08-12,MIA,PIT,676083,R,669387,R
823916,2026-08-12,LAD,KC,641778,L,663738,L
823994,2026-08-12,LAA,TEX,691946,R,615698,R
824241,2026-08-12,DET,CLE,664285,L,656492,L
824562,2026-08-12,CWS,CIN,622491,R,695076,R
824883,2026-08-12,ATL,NYM,641816,R,804267,L
824967,2026-08-12,ATH,TB,678022,R,656876,R
825047,2026-08-12,AZ,COL,518876,R,663372,R
822696,2026-08-13,WSH,CHC,676917,R,592332,R
822776,2026-08-13,TOR,BOS,453286,R,801139,L
823508,2026-08-13,NYY,SEA,608331,L,669302,R
823669,2026-08-13,MIN,PHI,671737,R,605400,R
823829,2026-08-13,MIA,PIT,663969,R,677952,R
823915,2026-08-13,LAD,MIL,808963,R,675660,L
823995,2026-08-13,LAA,TEX,700712,R,594798,R
824238,2026-08-13,DET,CLE,672456,R,800048,L
824561,2026-08-13,CWS,CIN,663436,R,671096,L
822777,2026-08-14,TOR,NYY,669456,R,543037,R
822942,2026-08-14,TB,BAL,571927,L,605135,R
823185,2026-08-14,SF,COL,694738,R,607536,L
823346,2026-08-14,PIT,BOS,696149,R,687562,L
823591,2026-08-14,NYM,WSH,476594,R,674841,L
823913,2026-08-14,LAD,MIL,808967,R,688107,L
823993,2026-08-14,LAA,KC,680570,R,607625,R
824159,2026-08-14,HOU,SEA,663567,R,669923,R
824237,2026-08-14,DET,CWS,695549,R,656794,L
824399,2026-08-14,CLE,SD,668909,R,650633,R
824479,2026-08-14,CIN,MIA,695505,R,645261,R
824643,2026-08-14,CHC,STL,605280,R,669461,L
824882,2026-08-14,ATL,AZ,519242,L,694297,R
824968,2026-08-14,ATH,TEX,695611,L,677958,R
822775,2026-08-15,TOR,NYY,680755,R,693645,R
822941,2026-08-15,TB,BAL,693855,L,680694,R
823184,2026-08-15,SF,COL,657277,R,547179,R
823347,2026-08-15,PIT,BOS,683003,R,543243,R
823588,2026-08-15,NYM,WSH,640455,L,695418,R
823671,2026-08-15,MIN,PHI,687570,L,666200,L
823914,2026-08-15,LAD,MIL,680736,L,694819,R
823990,2026-08-15,LAA,KC,672282,L,677976,R
824157,2026-08-15,HOU,SEA,669713,R,676106,R
824239,2026-08-15,DET,CWS,675512,R,641743,L
824400,2026-08-15,CLE,SD,676282,L,593974,L
824480,2026-08-15,CIN,MIA,663903,R,687473,R
824644,2026-08-15,CHC,STL,571510,L,700241,R
824884,2026-08-15,ATL,AZ,656550,R,593958,L
824966,2026-08-15,ATH,TEX,669372,R,669022,L
