game_pk,condition,temp,wind
823244,Partly Cloudy,63,"19 mph, Out To CF"
823081,Partly Cloudy,91,"16 mph, Out To LF"
823163,Clear,52,"5 mph, Out To CF"
823325,Sunny,74,"7 mph, L To R"
823486,Partly Cloudy,76,"16 mph, Out To CF"
823649,Sunny,67,"4 mph, Out To CF"
823812,Roof Closed,65,"0 mph, None"
823974,Clear,76,"7 mph, Out To RF"
824218,Roof Closed,73,"0 mph, None"
824541,Sunny,81,"15 mph, R To L"
824704,Cloudy,49,"22 mph, In From LF"
824865,Partly Cloudy,77,"10 mph, Out To LF"
822839,Roof Closed,68,"0 mph, None"
823162,Cloudy,52,"7 mph, In From LF"
823243,Partly Cloudy,64,"6 mph, Out To CF"
823324,Partly Cloudy,66,"7 mph, L To R"
823893,Partly Cloudy,79,"2 mph, In From LF"
823971,Partly Cloudy,67,"2 mph, Out To RF"
824216,Roof Closed,73,"0 mph, None"
824946,Partly Cloudy,77,"12 mph, R To L"
822838,Roof Closed,68,"0 mph, None"
823082,Sunny,51,"5 mph, Out To CF"
823161,Partly Cloudy,53,"6 mph, In From LF"
823241,Sunny,61,"13 mph, Varies"
823323,Partly Cloudy,71,"11 mph, L To R"
823488,Sunny,45,"18 mph, In From LF"
823651,Sunny,42,"4 mph, L To R"
823811,Roof Closed,63,"0 mph, None"
823892,Roof Closed,72,"0 mph, None"
823973,Partly Cloudy,76,"6 mph, L To R"
824213,Roof Closed,73,"0 mph, None"
824540,Sunny,49,"2 mph, L To R"
824701,Sunny,41,"9 mph, Out To CF"
824862,Sunny,46,"9 mph, In From LF"
824945,Clear,64,"10 mph, L To R"
822837,Roof Closed,68,"0 mph, None"
823079,Partly Cloudy,65,"11 mph, Out To LF"
823160,Roof Closed,43,"0 mph, None"
823487,Sunny,54,"13 mph, Out To CF"
823647,Sunny,49,"4 mph, Out To LF"
823810,Roof Closed,62,"0 mph, None"
823891,Roof Closed,72,"0 mph, None"
824215,Roof Closed,73,"0 mph, None"
824538,Partly Cloudy,60,"11 mph, R To L"
824700,Cloudy,59,"4 mph, Out To CF"
824864,Partly Cloudy,56,"13 mph, Out To LF"
824944,Cloudy,57,"10 mph, L To R"
822834,Roof Closed,68,"0 mph, None"
823080,Clear,84,"14 mph, Out To LF"
823159,Clear,48,"12 mph, L To R"
823320,Cloudy,68,"6 mph, Out To RF"
823484,Cloudy,67,"16 mph, Out To CF"
823809,Roof Closed,64,"0 mph, None"
823890,Roof Closed,72,"0 mph, None"
823972,Partly Cloudy,68,"1 mph, Calm"
824135,Sunny,85,"18 mph, R To L"
824214,Roof Closed,73,"0 mph, None"
824539,Partly Cloudy,74,"14 mph, In From RF"
824702,Partly Cloudy,77,"18 mph, Out To LF"
824863,Partly Cloudy,70,"8 mph, Out To RF"
824943,Cloudy,70,"5 mph, In From LF"
825108,Cloudy,88,"6 mph, Varies"
822836,Roof Closed,68,"0 mph, None"
823077,Partly Cloudy,80,"10 mph, Out To LF"
823158,Partly Cloudy,53,"0 mph, None"
823322,Overcast,67,"5 mph, L To R"
823485,Partly Cloudy,78,"16 mph, Out To CF"
823807,Roof Closed,65,"0 mph, None"
823888,Partly Cloudy,77,"13 mph, In From LF"
823969,Overcast,66,"4 mph, L To R"
824212,Roof Closed,73,"0 mph, None"
824537,Partly Cloudy,78,"16 mph, R To L"
824699,Cloudy,44,"14 mph, In From CF"
824861,Partly Cloudy,82,"17 mph, Out To CF"
824942,Partly Cloudy,79,"10 mph, R To L"
825107,Partly Cloudy,86,"1 mph, In From RF"
822835,Roof Closed,68,"0 mph, None"
823078,Overcast,58,"7 mph, L To R"
823157,Roof Closed,47,"0 mph, None"
823321,Partly Cloudy,70,"10 mph, L To R"
823483,Cloudy,79,"10 mph, L To R"
823806,Roof Closed,62,"0 mph, None"
823889,Roof Closed,72,"0 mph, None"
823970,Partly Cloudy,68,"12 mph, Varies"
824136,Cloudy,55,"6 mph, In From RF"
824211,Roof Closed,73,"0 mph, None"
824536,Partly Cloudy,73,"8 mph, R To L"
824698,Cloudy,39,"21 mph, In From LF"
824860,Partly Cloudy,81,"5 mph, Out To RF"
824940,Partly Cloudy,72,"3 mph, Out To LF"
825106,Partly Cloudy,80,"11 mph, Varies"
823242,Clear,56,"12 mph, Out To CF"
824133,Partly Cloudy,72,"14 mph, R To L"
825105,Partly Cloudy,80,"0 mph, None"
822758,Partly Cloudy,62,"4 mph, Out To RF"
822919,Roof Closed,74,"0 mph, None"
823240,Clear,59,"8 mph, Out To CF"
823406,Cloudy,75,"16 mph, Out To LF"
823568,Partly Cloudy,58,"8 mph, Out To LF"
823732,Overcast,38,"9 mph, In From LF"
824056,Partly Cloudy,77,"12 mph, Out To LF"
824299,Partly Cloudy,73,"18 mph, Out To LF"
824377,Sunny,51,"19 mph, In From LF"
824458,Cloudy,70,"10 mph, L To R"
824621,Partly Cloudy,53,"6 mph, L To R"
824786,Sunny,56,"6 mph, Out To CF"
825026,Clear,73,"3 mph, Out To RF"
825103,Partly Cloudy,83,"4 mph, In From CF"
822757,Partly Cloudy,87,"5 mph, Out To LF"
822920,Roof Closed,74,"0 mph, None"
823239,Partly Cloudy,67,"10 mph, Out To CF"
823404,Partly Cloudy,82,"15 mph, Out To LF"
823569,Partly Cloudy,52,"14 mph, L To R"
823730,Cloudy,39,"14 mph, Out To RF"
824054,Partly Cloudy,82,"8 mph, Out To LF"
824132,Partly Cloudy,47,"15 mph, L To R"
824134,Partly Cloudy,55,"15 mph, L To R"
824295,Partly Cloudy,56,"15 mph, In From RF"
824378,Clear,60,"7 mph, R To L"
824622,Cloudy,50,"16 mph, Out To LF"
824782,Cloudy,43,"13 mph, In From RF"
825027,Sunny,76,"4 mph, Out To RF"
825104,Partly Cloudy,89,"1 mph, Varies"
822756,Overcast,60,"4 mph, In From LF"
822917,Partly Cloudy,68,"12 mph, Varies"
823238,Sunny,74,"11 mph, Varies"
823405,Partly Cloudy,45,"16 mph, Out To LF"
823566,Rain,55,"6 mph, L To R"
823729,Partly Cloudy,50,"13 mph, R To L"
824053,Sunny,83,"2 mph, Calm"
824131,Sunny,56,"10 mph, L To R"
824296,Cloudy,44,"15 mph, Out To LF"
824379,Sunny,60,"9 mph, In From CF"
824459,Cloudy,44,"15 mph, L To R"
824460,Partly Cloudy,44,"16 mph, L To R"
824620,Partly Cloudy,50,"4 mph, Out To LF"
824781,Overcast,47,"2 mph, Out To RF"
825025,Partly Cloudy,78,"4 mph, Out To RF"
825102,Roof Closed,76,"0 mph, None"
822755,Partly Cloudy,61,"7 mph, In From CF"
822832,Roof Closed,68,"0 mph, None"
822918,Partly Cloudy,70,"6 mph, Varies"
823002,Dome,72,"0 mph, None"
823237,Partly Cloudy,55,"14 mph, Out To CF"
823401,Drizzle,52,"12 mph, Out To CF"
823728,Clear,37,"6 mph, R To L"
823886,Roof Closed,72,"0 mph, None"
824052,Clear,72,"8 mph, Out To CF"
824376,Cloudy,65,"12 mph, In From LF"
824456,Partly Cloudy,47,"5 mph, L To R"
824619,Cloudy,48,"3 mph, Out To CF"
824783,Partly Cloudy,46,"9 mph, Out To RF"
822754,Clear,51,"14 mph, In From LF"
822831,Roof Closed,68,"0 mph, None"
822916,Overcast,71,"8 mph, Varies"
822999,Dome,69,"0 mph, None"
823235,Partly Cloudy,59,"12 mph, Out To CF"
823402,Clear,41,"9 mph, Out To RF"
823567,Clear,43,"16 mph, Out To RF"
823648,Sunny,50,"17 mph, L To R"
823727,Partly Cloudy,44,"11 mph, R To L"
823887,Roof Closed,72,"0 mph, None"
824051,Clear,72,"9 mph, Out To LF"
824375,Partly Cloudy,71,"6 mph, In From CF"
824457,Sunny,33,"10 mph, L To R"
824618,Sunny,36,"9 mph, In From LF"
824780,Clear,42,"12 mph, L To R"
822753,Sunny,52,"6 mph, Out To LF"
822833,Roof Closed,68,"0 mph, None"
822915,Roof Closed,74,"0 mph, None"
823000,Dome,72,"0 mph, None"
823234,Partly Cloudy,63,"11 mph, Varies"
823403,Sunny,46,"8 mph, In From CF"
823564,Clear,44,"8 mph, R To L"
823646,Sunny,48,"6 mph, Out To LF"
823726,Partly Cloudy,51,"15 mph, Out To CF"
823885,Roof Closed,72,"0 mph, None"
824050,Sunny,74,"4 mph, Out To CF"
824374,Partly Cloudy,71,"13 mph, In From LF"
824455,Sunny,50,"8 mph, Out To LF"
824617,Partly Cloudy,58,"18 mph, In From RF"
824779,Sunny,43,"8 mph, In From RF"
823319,Cloudy,69,"7 mph, L To R"
823565,Sunny,50,"10 mph, Out To LF"
823645,Clear,45,"9 mph, Out To LF"
823724,Partly Cloudy,45,"6 mph, Out To RF"
823884,Roof Closed,72,"0 mph, None"
824130,Partly Cloudy,78,"9 mph, Out To LF"
822829,Roof Closed,68,"0 mph, None"
822997,Dome,72,"0 mph, None"
823076,Cloudy,63,"11 mph, In From RF"
823156,Overcast,64,"0 mph, None"
823318,Partly Cloudy,64,"8 mph, L To R"
823482,Clear,68,"12 mph, Out To CF"
823643,Clear,52,"11 mph, Out To CF"
823808,Roof Closed,65,"0 mph, None"
823968,Clear,65,"8 mph, L To R"
824128,Cloudy,57,"8 mph, In From RF"
824297,Cloudy,52,"7 mph, In From LF"
824534,Overcast,70,"12 mph, R To L"
824695,Sunny,49,"10 mph, In From LF"
824858,Partly Cloudy,66,"7 mph, Out To LF"
824941,Clear,76,"3 mph, L To R"
822830,Roof Closed,68,"0 mph, None"
822996,Dome,72,"0 mph, None"
823074,Cloudy,73,"9 mph, In From RF"
823155,Roof Closed,55,"0 mph, Calm"
823316,Clear,68,"11 mph, L To R"
823480,Sunny,62,"14 mph, In From LF"
823644,Sunny,62,"12 mph, L To R"
823805,Roof Closed,67,"0 mph, None"
823967,Partly Cloudy,67,"10 mph, Out To RF"
824129,Cloudy,75,"11 mph, In From RF"
824294,Sunny,52,"5 mph, In From LF"
824535,Partly Cloudy,68,"6 mph, L To R"
824697,Partly Cloudy,48,"7 mph, In From RF"
824857,Clear,68,"3 mph, In From LF"
824939,Clear,81,"5 mph, R To L"
822828,Roof Closed,68,"0 mph, None"
822998,Dome,72,"0 mph, None"
823075,Cloudy,78,"18 mph, Out To LF"
823154,Cloudy,56,"4 mph, L To R"
823317,Cloudy,67,"14 mph, L To R"
823479,Sunny,65,"9 mph, Out To CF"
823642,Sunny,55,"6 mph, Out To LF"
823804,Roof Closed,68,"0 mph, None"
823966,Overcast,65,"7 mph, Out To CF"
824126,Cloudy,68,"12 mph, In From RF"
824293,Partly Cloudy,62,"13 mph, In From RF"
824533,Partly Cloudy,79,"13 mph, In From RF"
824696,Partly Cloudy,80,"6 mph, Out To CF"
824859,Sunny,62,"11 mph, R To L"
824938,Clear,81,"7 mph, L To R"
823073,Partly Cloudy,80,"15 mph, Out To LF"
823153,Cloudy,53,"7 mph, Out To LF"
823400,Partly Cloudy,79,"14 mph, Out To LF"
823481,Clear,78,"16 mph, Out To RF"
823563,Partly Cloudy,77,"15 mph, Out To CF"
823725,Overcast,63,"14 mph, Out To LF"
823964,Partly Cloudy,62,"2 mph, Out To RF"
824856,Partly Cloudy,80,"8 mph, Out To RF"
824937,Clear,78,"7 mph, R To L"
825024,Clear,66,"5 mph, Out To RF"
823072,Clear,84,"15 mph, Out To LF"
823315,Clear,66,"11 mph, L To R"
823398,Cloudy,68,"10 mph, Varies"
823478,Partly Cloudy,85,"15 mph, Out To CF"
823562,Clear,81,"16 mph, R To L"
823723,Partly Cloudy,64,"4 mph, R To L"
823802,Roof Closed,76,"0 mph, None"
823965,Clear,65,"8 mph, Out To RF"
824210,Roof Closed,73,"0 mph, None"
824292,Partly Cloudy,77,"10 mph, Out To LF"
824531,Partly Cloudy,81,"13 mph, In From LF"
824616,Partly Cloudy,77,"21 mph, In From RF"
824853,Partly Cloudy,86,"7 mph, Out To CF"
824935,Clear,81,"6 mph, In From RF"
825022,Clear,66,"8 mph, Out To RF"
823071,Overcast,72,"10 mph, R To L"
823314,Clear,64,"9 mph, L To R"
823399,Partly Cloudy,82,"8 mph, Out To LF"
823477,Partly Cloudy,86,"14 mph, Out To RF"
823561,Partly Cloudy,83,"10 mph, R To L"
823722,Partly Cloudy,59,"3 mph, In From LF"
823803,Roof Closed,73,"0 mph, None"
823963,Partly Cloudy,66,"7 mph, Out To RF"
824209,Roof Closed,73,"0 mph, None"
824291,Partly Cloudy,70,"7 mph, R To L"
824532,Partly Cloudy,80,"13 mph, In From RF"
824615,Partly Cloudy,73,"14 mph, In From RF"
824855,Partly Cloudy,85,"5 mph, Out To RF"
824936,Partly Cloudy,81,"5 mph, Out To LF"
825021,Partly Cloudy,65,"9 mph, Out To CF"
823313,Partly Cloudy,66,"9 mph, Out To RF"
823396,Partly Cloudy,75,"13 mph, Out To LF"
823560,Cloudy,87,"10 mph, Out To LF"
823801,Roof Closed,71,"8 mph, In From LF"
824208,Roof Closed,73,"0 mph, None"
824289,Cloudy,67,"8 mph, Out To LF"
824453,Partly Cloudy,65,"9 mph, L To R"
824530,Partly Cloudy,74,"11 mph, R To L"
824614,Partly Cloudy,66,"15 mph, Out To LF"
825023,Sunny,64,"17 mph, L To R"
822752,Clear,80,"6 mph, In From LF"
823152,Partly Cloudy,55,"7 mph, L To R"
823397,Clear,77,"2 mph, Out To CF"
823476,Partly Cloudy,78,"11 mph, In From LF"
823559,Partly Cloudy,74,"8 mph, L To R"
823720,Cloudy,43,"14 mph, Out To RF"
823883,Partly Cloudy,79,"10 mph, In From LF"
824048,Clear,74,"9 mph, Out To RF"
824207,Roof Closed,73,"0 mph, None"
824373,Partly Cloudy,35,"3 mph, R To L"
824454,Partly Cloudy,64,"3 mph, In From RF"
824693,Partly Cloudy,68,"15 mph, Out To LF"
824778,Partly Cloudy,58,"3 mph, R To L"
825019,Partly Cloudy,72,"2 mph, L To R"
825101,Clear,81,"3 mph, R To L"
822751,Cloudy,76,"4 mph, R To L"
823151,Partly Cloudy,70,"6 mph, Out To RF"
823394,Cloudy,81,"17 mph, Out To LF"
823474,Partly Cloudy,67,"13 mph, Out To RF"
823558,Partly Cloudy,66,"8 mph, L To R"
823721,Partly Cloudy,39,"19 mph, Out To CF"
823882,Sunny,83,"10 mph, In From RF"
824049,Partly Cloudy,75,"8 mph, R To L"
824206,Roof Closed,73,"0 mph, None"
824372,Partly Cloudy,59,"6 mph, Out To CF"
824451,Overcast,53,"15 mph, L To R"
824694,Partly Cloudy,51,"16 mph, L To R"
824775,Cloudy,50,"9 mph, R To L"
825020,Partly Cloudy,74,"1 mph, Calm"
825098,Partly Cloudy,89,"1 mph, Varies"
822750,Cloudy,51,"8 mph, L To R"
823150,Partly Cloudy,66,"7 mph, L To R"
823393,Partly Cloudy,50,"15 mph, Out To CF"
823475,Cloudy,53,"13 mph, L To R"
823556,Rain,42,"14 mph, Out To RF"
823718,Partly Cloudy,42,"12 mph, Out To RF"
823881,Roof Closed,72,"0 mph, None"
824047,Cloudy,78,"8 mph, R To L"
824205,Roof Closed,73,"0 mph, None"
824371,Sunny,65,"7 mph, R To L"
824452,Partly Cloudy,46,"10 mph, L To R"
824691,Partly Cloudy,48,"4 mph, L To R"
824777,Overcast,45,"10 mph, Out To RF"
825018,Partly Cloudy,74,"7 mph, Out To LF"
825100,Roof Closed,78,"0 mph, None"
822749,Partly Cloudy,53,"13 mph, In From LF"
822994,Dome,72,"0 mph, None"
823149,Partly Cloudy,72,"5 mph, Out To CF"
823879,Roof Closed,72,"0 mph, None"
824046,Partly Cloudy,67,"9 mph, Out To CF"
824125,Clear,72,"13 mph, R To L"
824370,Clear,78,"7 mph, In From LF"
824450,Clear,39,"3 mph, In From LF"
824692,Partly Cloudy,50,"11 mph, R To L"
824776,Partly Cloudy,47,"9 mph, Out To RF"
822747,Clear,62,"9 mph, Out To CF"
822914,Roof Closed,74,"0 mph, None"
822995,Dome,72,"0 mph, None"
823148,Roof Closed,58,"6 mph, Out To LF"
823236,Cloudy,57,"14 mph, Out To CF"
823640,Partly Cloudy,46,"11 mph, Out To LF"
823880,Roof Closed,72,"0 mph, None"
824045,Partly Cloudy,67,"9 mph, Out To CF"
824127,Partly Cloudy,78,"14 mph, R To L"
824290,Cloudy,71,"9 mph, R To L"
824369,Cloudy,82,"8 mph, Out To LF"
824448,Cloudy,69,"11 mph, Out To RF"
824690,Partly Cloudy,72,"3 mph, Out To RF"
824773,Clear,47,"9 mph, Out To LF"
825099,Overcast,89,"9 mph, R To L"
822748,Partly Cloudy,72,"7 mph, Out To RF"
822913,Roof Closed,74,"0 mph, None"
822993,Roof Closed,72,"0 mph, None"
823147,Roof Closed,52,"0 mph, None"
823231,Partly Cloudy,61,"12 mph, Out To CF"
823641,Clear,53,"3 mph, In From RF"
823878,Roof Closed,72,"0 mph, None"
824044,Partly Cloudy,68,"6 mph, Out To RF"
824123,Partly Cloudy,66,"8 mph, R To L"
824286,Clear,73,"7 mph, In From LF"
824367,Clear,78,"11 mph, L To R"
824449,Sunny,62,"8 mph, In From LF"
824688,Clear,56,"9 mph, In From CF"
824774,Cloudy,47,"12 mph, Out To LF"
825097,Clear,82,"9 mph, Varies"
822745,Partly Cloudy,78,"4 mph, In From LF"
822912,Roof Closed,74,"0 mph, None"
823233,Partly Cloudy,60,"8 mph, Out To CF"
823639,Partly Cloudy,69,"8 mph, L To R"
824288,Sunny,73,"7 mph, In From RF"
824368,Partly Cloudy,64,"8 mph, In From CF"
824689,Partly Cloudy,68,"14 mph, R To L"
824770,Clear,59,"14 mph, R To L"
825096,Roof Closed,72,"0 mph, None"
822827,Roof Closed,68,"0 mph, None"
822909,Roof Closed,74,"0 mph, None"
822992,Dome,72,"0 mph, None"
823069,Partly Cloudy,68,"2 mph, In From RF"
823232,Partly Cloudy,56,"12 mph, Out To CF"
823638,Clear,57,"8 mph, Out To LF"
823800,Roof Closed,71,"0 mph, None"
823962,Partly Cloudy,66,"3 mph, L To R"
824124,Clear,69,"8 mph, L To R"
824204,Roof Closed,73,"0 mph, None"
824529,Overcast,74,"10 mph, R To L"
824611,Partly Cloudy,72,"9 mph, Out To CF"
824854,Cloudy,69,"3 mph, R To L"
824932,Partly Cloudy,79,"4 mph, R To L"
822826,Roof Closed,68,"0 mph, None"
822910,Roof Closed,74,"0 mph, None"
822989,Dome,72,"0 mph, None"
823070,Sunny,73,"6 mph, In From LF"
823229,Overcast,56,"10 mph, Out To CF"
823799,Roof Closed,62,"0 mph, None"
823960,Cloudy,63,"11 mph, Out To CF"
824121,Cloudy,74,"7 mph, In From RF"
824203,Roof Closed,73,"0 mph, None"
824527,Partly Cloudy,72,"7 mph, Out To RF"
824613,Sunny,49,"13 mph, Out To RF"
824851,Partly Cloudy,57,"13 mph, In From RF"
824933,Cloudy,68,"3 mph, Calm"
825093,Partly Cloudy,84,"11 mph, L To R"
822824,Roof Closed,72,"0 mph, None"
822911,Roof Closed,74,"0 mph, None"
822991,Dome,72,"0 mph, None"
823068,Sunny,77,"9 mph, R To L"
823230,Partly Cloudy,57,"13 mph, Varies"
823635,Partly Cloudy,54,"9 mph, In From RF"
823637,Clear,57,"8 mph, In From RF"
823797,Roof Closed,62,"0 mph, None"
823959,Partly Cloudy,66,"12 mph, Out To RF"
824122,Cloudy,76,"15 mph, R To L"
824202,Roof Closed,73,"0 mph, None"
824528,Partly Cloudy,64,"6 mph, In From LF"
824612,Partly Cloudy,55,"3 mph, L To R"
824852,Partly Cloudy,53,"14 mph, In From LF"
824934,Partly Cloudy,72,"5 mph, Out To CF"
825094,Cloudy,85,"1 mph, Varies"
822825,Roof Closed,68,"0 mph, None"
822906,Roof Closed,74,"0 mph, None"
823311,Clear,64,"13 mph, L To R"
823395,Partly Cloudy,72,"10 mph, In From CF"
823719,Overcast,51,"13 mph, Out To RF"
823961,Clear,62,"2 mph, Calm"
824446,Cloudy,71,"13 mph, Out To LF"
824609,Clear,61,"12 mph, R To L"
822823,Roof Closed,68,"0 mph, None"
822908,Roof Closed,74,"0 mph, None"
823310,Clear,66,"10 mph, L To R"
823390,Partly Cloudy,71,"7 mph, Out To LF"
823473,Partly Cloudy,60,"6 mph, Out To LF"
823636,Cloudy,57,"7 mph, Out To LF"
823716,Clear,55,"11 mph, Out To LF"
823798,Roof Closed,67,"0 mph, None"
823956,Clear,66,"9 mph, Out To RF"
824447,Partly Cloudy,61,"8 mph, L To R"
824526,Partly Cloudy,72,"7 mph, Out To LF"
824610,Partly Cloudy,64,"2 mph, Out To RF"
824849,Partly Cloudy,59,"8 mph, Out To LF"
824931,Cloudy,65,"6 mph, In From RF"
825017,Clear,74,"3 mph, In From LF"
822821,Roof Closed,68,"0 mph, None"
822907,Roof Closed,74,"0 mph, None"
823312,Sunny,70,"13 mph, L To R"
823392,Overcast,57,"7 mph, Out To CF"
823633,Cloudy,53,"8 mph, Out To LF"
823717,Partly Cloudy,51,"12 mph, R To L"
823796,Roof Closed,64,"0 mph, None"
823958,Sunny,74,"2 mph, Calm"
824445,Overcast,49,"11 mph, In From CF"
824525,Partly Cloudy,63,"11 mph, Out To CF"
824608,Partly Cloudy,51,"12 mph, Out To RF"
824930,Cloudy,77,"9 mph, Out To LF"
825015,Clear,80,"5 mph, R To L"
823391,Partly Cloudy,46,"11 mph, Out To CF"
823471,Partly Cloudy,63,"9 mph, L To R"
823472,Cloudy,59,"10 mph, In From LF"
823634,Cloudy,54,"4 mph, Out To RF"
823714,Partly Cloudy,50,"11 mph, R To L"
823795,Roof Closed,64,"0 mph, None"
824524,Partly Cloudy,54,"8 mph, Out To RF"
824848,Partly Cloudy,63,"13 mph, L To R"
824850,Partly Cloudy,65,"14 mph, Out To RF"
824929,Cloudy,62,"9 mph, R To L"
825016,Sunny,74,"2 mph, Out To RF"
822744,Clear,66,"9 mph, Out To LF"
822990,Dome,72,"0 mph, None"
823066,Clear,60,"5 mph, L To R"
823146,Partly Cloudy,68,"8 mph, L To R"
823309,Partly Cloudy,66,"6 mph, L To R"
823389,Cloudy,47,"11 mph, Out To CF"
823557,Clear,63,"15 mph, R To L"
823713,Partly Cloudy,53,"7 mph, Out To RF"
823877,Roof Closed,72,"0 mph, None"
824041,Clear,73,"8 mph, Out To RF"
824287,Partly Cloudy,48,"5 mph, Out To CF"
824366,Partly Cloudy,62,"10 mph, In From LF"
824686,Partly Cloudy,44,"13 mph, In From CF"
824772,Clear,59,"3 mph, Out To RF"
825012,Partly Cloudy,76,"8 mph, Out To LF"
822746,Partly Cloudy,58,"7 mph, In From LF"
822988,Dome,72,"0 mph, None"
823067,Partly Cloudy,60,"7 mph, In From LF"
823144,Clear,70,"0 mph, Calm"
823308,Partly Cloudy,66,"9 mph, L To R"
823388,Overcast,43,"10 mph, Out To RF"
823554,Cloudy,63,"8 mph, Out To LF"
823715,Partly Cloudy,60,"8 mph, Out To LF"
823876,Roof Closed,72,"0 mph, None"
824042,Clear,70,"6 mph, R To L"
824284,Partly Cloudy,48,"8 mph, Out To LF"
824365,Clear,71,"12 mph, In From CF"
824685,Partly Cloudy,50,"5 mph, In From CF"
824771,Overcast,57,"6 mph, Out To LF"
825014,Partly Cloudy,70,"6 mph, Out To LF"
822742,Partly Cloudy,55,"13 mph, L To R"
822987,Dome,72,"0 mph, None"
823065,Sunny,68,"16 mph, Out To LF"
823145,Sunny,75,"10 mph, L To R"
823307,Cloudy,66,"8 mph, L To R"
823387,Partly Cloudy,56,"13 mph, Out To LF"
823555,Partly Cloudy,60,"18 mph, Varies"
823711,Sunny,65,"13 mph, Out To RF"
823875,Roof Closed,72,"0 mph, None"
824043,Cloudy,69,"8 mph, Out To CF"
824285,Partly Cloudy,60,"12 mph, Out To LF"
824364,Cloudy,73,"8 mph, In From RF"
824687,Partly Cloudy,58,"5 mph, Out To LF"
824769,Cloudy,50,"6 mph, In From LF"
825013,Cloudy,64,"11 mph, Out To LF"
822984,Dome,72,"0 mph, None"
823064,Cloudy,72,"11 mph, R To L"
823143,Partly Cloudy,76,"6 mph, Out To RF"
823228,Cloudy,58,"13 mph, Varies"
823552,Clear,70,"13 mph, Out To LF"
823874,Roof Closed,72,"0 mph, None"
824039,Cloudy,64,"9 mph, Out To CF"
824120,Partly Cloudy,80,"8 mph, Out To RF"
824201,Roof Closed,73,"0 mph, None"
824283,Partly Cloudy,72,"18 mph, R To L"
824363,Cloudy,68,"13 mph, In From CF"
824684,Partly Cloudy,65,"4 mph, Out To CF"
822743,Partly Cloudy,82,"16 mph, Out To RF"
822986,Dome,72,"0 mph, None"
823142,Clear,64,"5 mph, In From LF"
823227,Partly Cloudy,59,"11 mph, Out To CF"
823469,Partly Cloudy,79,"20 mph, Out To LF"
823553,Clear,76,"15 mph, R To L"
823873,Roof Closed,72,"0 mph, None"
824040,Partly Cloudy,64,"10 mph, Varies"
824119,Cloudy,53,"0 mph, Calm"
824200,Roof Closed,73,"0 mph, None"
824281,Partly Cloudy,54,"9 mph, Out To LF"
824682,Cloudy,57,"8 mph, L To R"
825092,Partly Cloudy,76,"11 mph, Varies"
822740,Cloudy,72,"10 mph, Out To RF"
822985,Dome,72,"0 mph, None"
823063,Cloudy,58,"7 mph, In From RF"
823141,Cloudy,58,"7 mph, Out To CF"
823226,Partly Cloudy,67,"8 mph, Varies"
823470,Cloudy,69,"12 mph, Out To RF"
823550,Overcast,67,"11 mph, Out To LF"
823872,Roof Closed,72,"0 mph, None"
824036,Sunny,74,"8 mph, Out To LF"
824118,Clear,61,"3 mph, L To R"
824198,Roof Closed,73,"0 mph, None"
824282,Partly Cloudy,54,"8 mph, Out To LF"
824361,Clear,41,"8 mph, Out To LF"
824683,Partly Cloudy,56,"14 mph, In From LF"
825091,Clear,83,"9 mph, Varies"
822741,Cloudy,59,"6 mph, In From CF"
823306,Partly Cloudy,64,"7 mph, L To R"
823467,Clear,65,"7 mph, L To R"
823551,Sunny,60,"9 mph, Out To RF"
823870,Roof Closed,72,"0 mph, None"
824117,Partly Cloudy,63,"10 mph, Out To RF"
824362,Cloudy,64,"7 mph, Out To CF"
824681,Partly Cloudy,54,"8 mph, R To L"
824767,Clear,62,"16 mph, Out To RF"
825090,Roof Closed,78,"0 mph, None"
822822,Roof Closed,68,"0 mph, None"
822904,Roof Closed,74,"0 mph, None"
823225,Clear,58,"13 mph, Out To CF"
823303,Partly Cloudy,68,"8 mph, L To R"
823466,Partly Cloudy,68,"12 mph, Out To CF"
823794,Roof Closed,67,"0 mph, None"
823871,Roof Closed,72,"0 mph, None"
823957,Clear,69,"6 mph, L To R"
824116,Partly Cloudy,64,"0 mph, Calm"
824443,Drizzle,55,"13 mph, Out To RF"
824522,Partly Cloudy,67,"10 mph, R To L"
824607,Partly Cloudy,58,"10 mph, L To R"
824768,Clear,58,"5 mph, Out To RF"
824846,Cloudy,70,"4 mph, L To R"
825088,Clear,99,"12 mph, Varies"
822820,Roof Closed,68,"0 mph, None"
822905,Roof Closed,74,"0 mph, None"
823224,Clear,59,"13 mph, Varies"
823304,Sunny,68,"7 mph, L To R"
823468,Cloudy,61,"7 mph, In From RF"
823792,Roof Closed,69,"0 mph, None"
823869,Roof Closed,72,"0 mph, None"
823955,Clear,70,"8 mph, Out To RF"
824115,Partly Cloudy,82,"10 mph, L To R"
824444,Partly Cloudy,60,"11 mph, Out To RF"
824523,Sunny,72,"9 mph, Out To LF"
824606,Partly Cloudy,74,"16 mph, Out To RF"
824847,Cloudy,68,"4 mph, R To L"
825089,Roof Closed,78,"0 mph, None"
822819,Roof Closed,68,"0 mph, None"
822902,Roof Closed,74,"0 mph, None"
823221,Partly Cloudy,59,"9 mph, Out To LF"
823305,Sunny,68,"8 mph, L To R"
823463,Partly Cloudy,73,"6 mph, Out To RF"
823793,Roof Closed,64,"12 mph, Calm"
823868,Roof Closed,72,"0 mph, None"
823954,Sunny,79,"6 mph, Varies"
824113,Clear,69,"7 mph, L To R"
824440,Sunny,56,"5 mph, In From CF"
824520,Partly Cloudy,68,"3 mph, Out To RF"
824605,Partly Cloudy,57,"3 mph, In From LF"
824765,Partly Cloudy,69,"4 mph, Out To CF"
824845,Partly Cloudy,77,"3 mph, R To L"
825085,Roof Closed,78,"0 mph, None"
822818,Roof Closed,68,"0 mph, None"
822901,Roof Closed,74,"0 mph, None"
823953,Clear,72,"4 mph, Out To RF"
824199,Roof Closed,73,"0 mph, None"
824441,Clear,53,"7 mph, In From RF"
824844,Clear,62,"4 mph, In From LF"
822817,Roof Closed,68,"0 mph, None"
822903,Clear,84,"8 mph, Out To LF"
823385,Partly Cloudy,66,"9 mph, Out To LF"
823632,Clear,59,"12 mph, Out To LF"
823712,Partly Cloudy,68,"21 mph, Out To RF"
823790,Roof Closed,66,"0 mph, None"
823951,Partly Cloudy,66,"8 mph, Out To LF"
824197,Roof Closed,73,"0 mph, None"
824442,Cloudy,63,"6 mph, Calm"
824521,Clear,76,"7 mph, R To L"
824604,Cloudy,68,"13 mph, Out To LF"
824764,Partly Cloudy,62,"3 mph, L To R"
824843,Clear,65,"8 mph, Out To LF"
824927,Clear,70,"6 mph, L To R"
825011,Partly Cloudy,78,"13 mph, Out To CF"
822815,Roof Closed,68,"0 mph, None"
822900,Clear,89,"6 mph, Out To LF"
823386,Partly Cloudy,61,"13 mph, Out To RF"
823631,Cloudy,60,"16 mph, Out To LF"
823710,Clear,70,"8 mph, L To R"
823791,Roof Closed,65,"0 mph, None"
823952,Clear,65,"6 mph, L To R"
824195,Roof Closed,73,"0 mph, None"
824438,Partly Cloudy,55,"18 mph, L To R"
824519,Partly Cloudy,61,"12 mph, Out To CF"
824603,Partly Cloudy,53,"8 mph, Out To RF"
824763,Overcast,62,"6 mph, R To L"
824841,Sunny,71,"14 mph, Out To LF"
824928,Clear,76,"7 mph, R To L"
825010,Clear,78,"3 mph, Out To RF"
823383,Partly Cloudy,49,"12 mph, Out To CF"
823630,Cloudy,62,"2 mph, In From LF"
823709,Partly Cloudy,75,"9 mph, R To L"
823789,Sunny,63,"8 mph, In From LF"
823950,Clear,66,"2 mph, Calm"
824196,Roof Closed,73,"0 mph, None"
824517,Sunny,58,"9 mph, Out To RF"
824602,Clear,62,"11 mph, In From CF"
824762,Rain,54,"2 mph, Varies"
824926,Clear,70,"11 mph, Out To LF"
825008,Sunny,79,"9 mph, Out To RF"
822739,Partly Cloudy,71,"4 mph, In From LF"
822983,Dome,72,"0 mph, None"
823061,Cloudy,79,"11 mph, R To L"
823140,Roof Closed,53,"12 mph, In From LF"
823384,Partly Cloudy,66,"6 mph, Out To CF"
823629,Partly Cloudy,66,"8 mph, L To R"
823707,Partly Cloudy,85,"7 mph, Out To CF"
824037,Clear,68,"7 mph, R To L"
824194,Roof Closed,73,"0 mph, None"
824280,Partly Cloudy,68,"9 mph, In From RF"
824360,Cloudy,80,"4 mph, In From CF"
824439,Partly Cloudy,64,"4 mph, In From CF"
824601,Clear,74,"14 mph, R To L"
824925,Clear,77,"5 mph, In From RF"
825009,Clear,84,"7 mph, L To R"
822737,Sunny,83,"7 mph, Out To RF"
822981,Dome,72,"0 mph, None"
823060,Overcast,78,"8 mph, R To L"
823139,Roof Closed,57,"0 mph, Calm"
823382,Overcast,66,"12 mph, R To L"
823627,Clear,75,"10 mph, Out To CF"
823706,Clear,81,"9 mph, Out To RF"
824038,Partly Cloudy,68,"8 mph, Out To RF"
824193,Roof Closed,73,"0 mph, None"
824278,Cloudy,63,"10 mph, R To L"
824359,Cloudy,76,"9 mph, In From LF"
824435,Partly Cloudy,72,"11 mph, Out To RF"
824600,Cloudy,81,"10 mph, R To L"
824924,Cloudy,82,"3 mph, Calm"
825007,Clear,79,"10 mph, Out To RF"
822738,Partly Cloudy,81,"5 mph, L To R"
822982,Dome,72,"0 mph, None"
823058,Partly Cloudy,82,"17 mph, Out To LF"
823138,Partly Cloudy,61,"5 mph, In From LF"
823381,Partly Cloudy,81,"10 mph, Out To LF"
823628,Sunny,85,"2 mph, Out To CF"
823708,Cloudy,62,"13 mph, In From CF"
824034,Partly Cloudy,70,"8 mph, R To L"
824192,Roof Closed,73,"0 mph, None"
824279,Sunny,83,"8 mph, In From RF"
824358,Partly Cloudy,56,"14 mph, In From CF"
824436,Partly Cloudy,79,"7 mph, Out To RF"
824599,Partly Cloudy,75,"2 mph, Out To RF"
824923,Partly Cloudy,85,"8 mph, L To R"
825006,Sunny,74,"26 mph, Out To RF"
822734,Clear,94,"8 mph, Out To CF"
822980,Dome,72,"0 mph, None"
823137,Partly Cloudy,64,"4 mph, In From LF"
823301,Partly Cloudy,66,"8 mph, L To R"
823465,Clear,93,"13 mph, Out To CF"
823549,Clear,80,"10 mph, In From RF"
823705,Overcast,61,"2 mph, Calm"
823867,Dome,72,"0 mph, None"
824035,Clear,71,"8 mph, Out To CF"
824114,Partly Cloudy,82,"10 mph, R To L"
824277,Partly Cloudy,75,"12 mph, Out To LF"
824357,Overcast,44,"7 mph, In From LF"
824680,Partly Cloudy,77,"15 mph, Out To CF"
825087,Clear,85,"5 mph, Varies"
822736,Partly Cloudy,81,"9 mph, Out To CF"
822979,Dome,72,"0 mph, None"
823059,Cloudy,73,"8 mph, L To R"
823136,Cloudy,63,"5 mph, L To R"
823302,Partly Cloudy,71,"8 mph, L To R"
823464,Partly Cloudy,95,"15 mph, Out To RF"
823548,Partly Cloudy,90,"16 mph, Out To CF"
823704,Overcast,55,"10 mph, Out To RF"
823865,Roof Closed,72,"0 mph, None"
824033,Clear,80,"7 mph, R To L"
824112,Overcast,58,"6 mph, L To R"
824276,Partly Cloudy,76,"8 mph, Out To LF"
824356,Cloudy,51,"6 mph, R To L"
824677,Cloudy,72,"15 mph, Out To RF"
825086,Overcast,88,"8 mph, Out To RF"
822735,Cloudy,79,"3 mph, Out To LF"
822977,Dome,72,"0 mph, None"
823057,Cloudy,66,"9 mph, In From LF"
823134,Partly Cloudy,61,"10 mph, In From LF"
823299,Clear,74,"8 mph, L To R"
823462,Sunny,92,"11 mph, Out To RF"
823547,Drizzle,72,"7 mph, Out To RF"
823703,Partly Cloudy,57,"4 mph, L To R"
823866,Roof Closed,72,"0 mph, None"
824032,Clear,83,"9 mph, Out To RF"
824111,Partly Cloudy,65,"4 mph, In From RF"
824273,Partly Cloudy,56,"8 mph, In From LF"
824355,Overcast,55,"9 mph, In From LF"
824678,Clear,56,"15 mph, In From RF"
825084,Roof Closed,78,"0 mph, None"
822733,Cloudy,61,"10 mph, In From CF"
823056,Partly Cloudy,67,"8 mph, L To R"
823545,Cloudy,64,"2 mph, Calm"
823864,Roof Closed,72,"0 mph, None"
824031,Clear,71,"9 mph, L To R"
824274,Sunny,60,"9 mph, In From LF"
825083,Clear,94,"3 mph, R To L"
822816,Roof Closed,68,"0 mph, None"
823223,Partly Cloudy,59,"12 mph, Out To CF"
823298,Clear,66,"7 mph, L To R"
823461,Rain,58,"9 mph, R To L"
823546,Partly Cloudy,66,"10 mph, Out To LF"
823788,Roof Closed,57,"0 mph, None"
823863,Roof Closed,72,"0 mph, None"
824029,Partly Cloudy,69,"9 mph, Out To CF"
824110,Cloudy,70,"5 mph, In From RF"
824679,Sunny,60,"12 mph, In From CF"
824761,Cloudy,64,"3 mph, R To L"
824842,Drizzle,55,"6 mph, In From RF"
824922,Cloudy,73,"7 mph, In From CF"
825082,Clear,95,"1 mph, Varies"
822814,Roof Closed,68,"0 mph, None"
823222,Sunny,61,"10 mph, Out To RF"
823300,Partly Cloudy,66,"8 mph, L To R"
823458,Cloudy,53,"13 mph, In From RF"
823787,Roof Closed,65,"0 mph, None"
823862,Roof Closed,72,"0 mph, None"
824030,Clear,68,"7 mph, R To L"
824109,Partly Cloudy,77,"8 mph, L To R"
824516,Partly Cloudy,74,"5 mph, Out To LF"
824518,Cloudy,71,"10 mph, R To L"
824674,Partly Cloudy,60,"7 mph, In From CF"
824760,Cloudy,61,"8 mph, In From RF"
824920,Cloudy,78,"3 mph, Out To RF"
825080,Clear,94,"1 mph, Varies"
822813,Roof Closed,68,"0 mph, None"
823220,Partly Cloudy,60,"11 mph, Out To CF"
823297,Partly Cloudy,66,"9 mph, L To R"
823459,Overcast,62,"9 mph, In From RF"
823544,Rain,57,"8 mph, R To L"
823786,Sunny,73,"5 mph, In From CF"
823861,Roof Closed,72,"0 mph, None"
824028,Sunny,73,"6 mph, Out To CF"
824108,Sunny,78,"4 mph, In From RF"
824676,Partly Cloudy,64,"3 mph, In From LF"
824759,Overcast,57,"7 mph, In From RF"
824839,Overcast,58,"3 mph, In From CF"
824840,Partly Cloudy,62,"5 mph, In From RF"
824921,Cloudy,79,"7 mph, L To R"
825081,Roof Closed,73,"0 mph, None"
822812,Clear,62,"5 mph, Out To RF"
822899,Roof Closed,74,"0 mph, None"
823219,Partly Cloudy,60,"12 mph, Out To LF"
823296,Partly Cloudy,67,"14 mph, L To R"
823380,Cloudy,73,"5 mph, Out To CF"
823625,Partly Cloudy,71,"4 mph, Out To CF"
823784,Partly Cloudy,80,"8 mph, In From RF"
823948,Clear,69,"3 mph, Out To RF"
824107,Sunny,83,"4 mph, R To L"
824437,Clear,64,"5 mph, In From CF"
824598,Partly Cloudy,80,"2 mph, Out To LF"
824838,Rain,69,"2 mph, Out To LF"
825005,Partly Cloudy,68,"18 mph, Varies"
822811,Partly Cloudy,60,"8 mph, R To L"
822898,Roof Closed,74,"0 mph, None"
823216,Clear,59,"22 mph, Varies"
823294,Partly Cloudy,64,"9 mph, L To R"
823379,Cloudy,79,"6 mph, Out To LF"
823624,Cloudy,72,"8 mph, Out To LF"
823785,Partly Cloudy,81,"7 mph, R To L"
823949,Cloudy,63,"8 mph, L To R"
824106,Partly Cloudy,82,"4 mph, R To L"
824275,Cloudy,79,"3 mph, In From RF"
824434,Cloudy,70,"4 mph, In From CF"
824597,Partly Cloudy,77,"7 mph, In From CF"
824758,Partly Cloudy,82,"4 mph, Out To CF"
824837,Partly Cloudy,74,"2 mph, Out To LF"
825004,Cloudy,62,"8 mph, Out To LF"
822809,Sunny,60,"8 mph, Out To RF"
822897,Roof Closed,74,"0 mph, None"
823217,Partly Cloudy,63,"7 mph, Varies"
823295,Partly Cloudy,67,"10 mph, L To R"
823376,Partly Cloudy,77,"6 mph, Out To CF"
823626,Partly Cloudy,81,"9 mph, Out To RF"
823783,Partly Cloudy,74,"7 mph, L To R"
823947,Partly Cloudy,61,"8 mph, Out To CF"
824104,Partly Cloudy,84,"4 mph, R To L"
824270,Clear,76,"9 mph, L To R"
824432,Partly Cloudy,70,"5 mph, In From CF"
824596,Clear,72,"8 mph, L To R"
824756,Clear,87,"8 mph, L To R"
824836,Partly Cloudy,80,"2 mph, Out To RF"
825003,Partly Cloudy,67,"5 mph, Out To LF"
822896,Roof Closed,74,"0 mph, None"
823378,Clear,73,"10 mph, L To R"
824272,Sunny,70,"7 mph, Out To RF"
824595,Sunny,66,"14 mph, Out To RF"
824757,Partly Cloudy,68,"4 mph, In From CF"
824834,Partly Cloudy,77,"9 mph, In From LF"
822732,Clear,78,"11 mph, Out To RF"
822894,Roof Closed,74,"0 mph, None"
822978,Dome,72,"0 mph, None"
823055,Cloudy,79,"7 mph, Out To LF"
823135,Roof Closed,58,"5 mph, In From LF"
823377,Clear,79,"11 mph, Out To LF"
823623,Partly Cloudy,74,"7 mph, Out To CF"
823946,Clear,66,"8 mph, L To R"
824191,Roof Closed,73,"0 mph, None"
824353,Partly Cloudy,72,"10 mph, In From LF"
824433,Clear,70,"2 mph, Varies"
824515,Partly Cloudy,79,"2 mph, In From LF"
824594,Partly Cloudy,75,"8 mph, In From LF"
824835,Clear,80,"6 mph, Out To RF"
825002,Partly Cloudy,72,"3 mph, Out To CF"
822731,Sunny,71,"10 mph, In From LF"
822893,Roof Closed,74,"0 mph, None"
822975,Dome,72,"0 mph, None"
823054,Cloudy,78,"5 mph, Out To LF"
823132,Clear,62,"6 mph, In From LF"
823375,Sunny,72,"9 mph, L To R"
823622,Cloudy,57,"14 mph, In From CF"
823945,Clear,68,"3 mph, L To R"
824190,Roof Closed,73,"0 mph, None"
824352,Partly Cloudy,76,"4 mph, Out To CF"
824431,Sunny,61,"24 mph, In From RF"
824513,Partly Cloudy,77,"9 mph, In From RF"
824593,Partly Cloudy,68,"13 mph, L To R"
824833,Sunny,67,"14 mph, In From LF"
825000,Clear,80,"6 mph, Out To RF"
822729,Sunny,71,"4 mph, L To R"
822895,Roof Closed,74,"0 mph, None"
822976,Dome,72,"0 mph, None"
823053,Cloudy,79,"5 mph, R To L"
823133,Sunny,63,"10 mph, In From LF"
823373,Sunny,68,"3 mph, In From CF"
823621,Partly Cloudy,75,"9 mph, L To R"
823944,Sunny,82,"6 mph, Out To RF"
824187,Roof Closed,73,"0 mph, None"
824354,Partly Cloudy,76,"6 mph, In From LF"
824430,Sunny,70,"4 mph, R To L"
824512,Partly Cloudy,73,"3 mph, In From LF"
824592,Partly Cloudy,66,"7 mph, In From LF"
824832,Sunny,69,"6 mph, R To L"
825001,Sunny,83,"5 mph, L To R"
822730,Partly Cloudy,77,"8 mph, In From RF"
822974,Dome,72,"0 mph, None"
823050,Partly Cloudy,81,"4 mph, L To R"
823131,Partly Cloudy,74,"7 mph, L To R"
823702,Clear,78,"6 mph, In From CF"
823781,Clear,70,"5 mph, Out To CF"
824027,Clear,70,"8 mph, Out To LF"
824510,Partly Cloudy,74,"6 mph, L To R"
825078,Roof Closed,75,"0 mph, None"
822728,Partly Cloudy,75,"6 mph, In From LF"
822971,Dome,72,"0 mph, None"
823052,Clear,77,"8 mph, In From RF"
823129,Clear,81,"0 mph, Calm"
823460,Partly Cloudy,75,"8 mph, In From CF"
823541,Partly Cloudy,75,"10 mph, L To R"
823700,Partly Cloudy,81,"6 mph, R To L"
823782,Clear,68,"6 mph, L To R"
824026,Partly Cloudy,76,"9 mph, Out To CF"
824189,Roof Closed,73,"0 mph, None"
824511,Partly Cloudy,74,"9 mph, L To R"
824675,Clear,65,"10 mph, In From LF"
824754,Partly Cloudy,73,"2 mph, L To R"
824918,Partly Cloudy,72,"10 mph, L To R"
825079,Roof Closed,74,"0 mph, None"
822727,Sunny,79,"8 mph, In From CF"
822973,Dome,72,"0 mph, None"
823051,Clear,79,"6 mph, In From RF"
823130,Partly Cloudy,69,"8 mph, Out To LF"
823456,Clear,83,"6 mph, L To R"
823540,Clear,76,"11 mph, Out To LF"
823701,Partly Cloudy,81,"9 mph, Out To LF"
823780,Partly Cloudy,77,"6 mph, In From RF"
824024,Clear,72,"7 mph, R To L"
824188,Roof Closed,73,"0 mph, None"
824509,Clear,79,"3 mph, In From LF"
824671,Partly Cloudy,71,"9 mph, In From CF"
824755,Clear,80,"10 mph, Out To LF"
824917,Clear,77,"3 mph, L To R"
825077,Roof Closed,74,"0 mph, None"
823457,Sunny,87,"7 mph, L To R"
823542,Sunny,87,"3 mph, Out To LF"
823698,Cloudy,83,"9 mph, Out To LF"
823779,Partly Cloudy,83,"15 mph, R To L"
824185,Roof Closed,73,"0 mph, None"
824672,Partly Cloudy,83,"12 mph, Out To CF"
824753,Sunny,87,"10 mph, Out To LF"
824919,Clear,80,"5 mph, In From LF"
825076,Roof Closed,74,"0 mph, None"
822810,Cloudy,72,"11 mph, Out To RF"
822892,Roof Closed,74,"0 mph, None"
823049,Partly Cloudy,83,"11 mph, Out To LF"
823293,Cloudy,67,"7 mph, L To R"
823455,Clear,90,"10 mph, L To R"
823538,Partly Cloudy,85,"9 mph, R To L"
823699,Partly Cloudy,75,"6 mph, Out To RF"
823860,Roof Closed,72,"0 mph, None"
823943,Clear,70,"7 mph, Out To RF"
824186,Roof Closed,73,"0 mph, None"
824271,Partly Cloudy,79,"6 mph, R To L"
824350,Partly Cloudy,87,"5 mph, R To L"
824673,Overcast,78,"4 mph, Out To LF"
824914,Partly Cloudy,82,"5 mph, R To L"
825073,Roof Closed,75,"0 mph, None"
822808,Sunny,77,"22 mph, L To R"
822891,Roof Closed,74,"0 mph, None"
823048,Partly Cloudy,85,"9 mph, R To L"
823292,Cloudy,68,"6 mph, L To R"
823454,Partly Cloudy,91,"16 mph, Out To RF"
823697,Sunny,82,"3 mph, L To R"
823859,Roof Closed,72,"0 mph, None"
823942,Clear,70,"4 mph, Out To RF"
824184,Roof Closed,73,"0 mph, None"
824269,Partly Cloudy,81,"15 mph, Out To LF"
824351,Partly Cloudy,87,"10 mph, Out To CF"
824669,Partly Cloudy,76,"7 mph, In From RF"
824915,Cloudy,84,"4 mph, In From RF"
825075,Roof Closed,75,"0 mph, None"
822807,Cloudy,72,"7 mph, In From LF"
822890,Roof Closed,74,"0 mph, None"
823047,Partly Cloudy,85,"12 mph, R To L"
823291,Partly Cloudy,70,"9 mph, L To R"
823453,Partly Cloudy,85,"15 mph, Out To RF"
823537,Partly Cloudy,81,"14 mph, Out To RF"
823696,Cloudy,85,"12 mph, In From LF"
823857,Roof Closed,72,"0 mph, None"
823941,Sunny,75,"7 mph, Out To CF"
824183,Roof Closed,73,"0 mph, None"
824268,Sunny,80,"7 mph, L To R"
824349,Sunny,91,"9 mph, In From CF"
824670,Partly Cloudy,70,"5 mph, In From CF"
824916,Cloudy,78,"4 mph, Calm"
825074,Roof Closed,74,"0 mph, None"
822806,Clear,68,"12 mph, R To L"
822972,Dome,72,"0 mph, None"
823218,Partly Cloudy,59,"13 mph, Out To CF"
823289,Partly Cloudy,68,"7 mph, L To R"
824025,Partly Cloudy,72,"9 mph, Out To LF"
824427,Partly Cloudy,81,"10 mph, Varies"
824829,Partly Cloudy,74,"6 mph, In From RF"
824998,Partly Cloudy,87,"9 mph, R To L"
822805,Roof Closed,68,"0 mph, None"
822969,Dome,72,"0 mph, None"
823214,Clear,64,"14 mph, Out To CF"
823290,Clear,70,"7 mph, Varies"
823374,Partly Cloudy,81,"8 mph, R To L"
823620,Clear,72,"10 mph, Out To LF"
823858,Roof Closed,72,"0 mph, None"
824023,Clear,74,"5 mph, R To L"
824105,Partly Cloudy,91,"9 mph, L To R"
824267,Partly Cloudy,78,"12 mph, In From RF"
824347,Partly Cloudy,84,"8 mph, In From LF"
824429,Cloudy,86,"10 mph, Out To CF"
824591,Partly Cloudy,88,"5 mph, Out To RF"
824830,Partly Cloudy,78,"15 mph, Out To LF"
824999,Clear,94,"8 mph, Out To RF"
822804,Partly Cloudy,81,"9 mph, R To L"
822970,Dome,72,"0 mph, None"
823215,Sunny,72,"11 mph, Out To CF"
823287,Sunny,74,"9 mph, L To R"
823372,Partly Cloudy,87,"11 mph, Out To LF"
823618,Cloudy,79,"9 mph, Out To LF"
823856,Roof Closed,72,"0 mph, None"
824022,Clear,75,"9 mph, Out To LF"
824103,Partly Cloudy,88,"12 mph, Out To LF"
824266,Partly Cloudy,87,"13 mph, R To L"
824348,Partly Cloudy,88,"6 mph, R To L"
824428,Partly Cloudy,81,"9 mph, L To R"
824590,Cloudy,71,"11 mph, In From RF"
824831,Cloudy,76,"11 mph, Out To CF"
824996,Clear,102,"6 mph, Out To RF"
823371,Overcast,72,"11 mph, Out To LF"
823619,Partly Cloudy,91,"8 mph, Out To RF"
823855,Roof Closed,72,"0 mph, None"
824101,Partly Cloudy,84,"10 mph, L To R"
824265,Partly Cloudy,82,"8 mph, L To R"
824346,Sunny,73,"15 mph, In From CF"
824827,Cloudy,94,"6 mph, Out To RF"
822726,Cloudy,81,"6 mph, Out To CF"
822803,Clear,77,"10 mph, L To R"
823211,Clear,62,"14 mph, Out To CF"
823370,Partly Cloudy,81,"8 mph, Out To LF"
823617,Partly Cloudy,76,"5 mph, Out To RF"
823695,Partly Cloudy,79,"12 mph, Out To CF"
823778,Partly Cloudy,79,"4 mph, In From RF"
824020,Clear,80,"8 mph, R To L"
824102,Partly Cloudy,83,"6 mph, R To L"
824425,Clear,76,"7 mph, L To R"
824507,Clear,80,"8 mph, Out To CF"
824588,Partly Cloudy,79,"14 mph, Out To LF"
824752,Partly Cloudy,82,"2 mph, L To R"
824826,Partly Cloudy,89,"9 mph, Out To RF"
824997,Clear,103,"5 mph, Out To RF"
822725,Partly Cloudy,88,"7 mph, Out To RF"
822802,Sunny,71,"11 mph, Out To CF"
823213,Clear,62,"10 mph, Out To CF"
823369,Sunny,86,"9 mph, L To R"
823616,Sunny,88,"8 mph, Out To RF"
823694,Sunny,71,"13 mph, Out To LF"
823776,Partly Cloudy,82,"14 mph, R To L"
824019,Clear,76,"8 mph, Out To RF"
824100,Partly Cloudy,84,"5 mph, R To L"
824426,Partly Cloudy,82,"8 mph, L To R"
824508,Partly Cloudy,85,"4 mph, L To R"
824587,Partly Cloudy,86,"14 mph, R To L"
824749,Partly Cloudy,87,"5 mph, L To R"
824828,Cloudy,86,"7 mph, L To R"
824995,Clear,102,"7 mph, Out To RF"
822722,Partly Cloudy,90,"10 mph, R To L"
822801,Roof Closed,68,"0 mph, None"
823212,Sunny,67,"9 mph, Varies"
823368,Overcast,75,"13 mph, Out To LF"
823615,Partly Cloudy,87,"12 mph, Out To LF"
823693,Partly Cloudy,67,"16 mph, Out To RF"
823777,Overcast,64,"14 mph, In From RF"
824021,Sunny,81,"8 mph, R To L"
824099,Sunny,74,"13 mph, L To R"
824506,Cloudy,79,"11 mph, Out To LF"
824586,Cloudy,69,"9 mph, Out To CF"
824751,Overcast,81,"12 mph, Out To LF"
824823,Partly Cloudy,87,"9 mph, Out To CF"
824994,Sunny,101,"8 mph, Out To LF"
822724,Partly Cloudy,76,"11 mph, In From LF"
822887,Roof Closed,74,"0 mph, None"
823046,Clear,76,"5 mph, L To R"
823452,Partly Cloudy,75,"14 mph, L To R"
823938,Partly Cloudy,71,"9 mph, Out To RF"
824181,Roof Closed,73,"0 mph, None"
824505,Partly Cloudy,74,"3 mph, Out To LF"
824666,Partly Cloudy,76,"10 mph, Out To RF"
824993,Clear,86,"11 mph, Out To LF"
825071,Roof Closed,78,"0 mph, None"
822723,Clear,78,"7 mph, Out To RF"
822888,Roof Closed,74,"0 mph, None"
823045,Partly Cloudy,77,"10 mph, Out To RF"
823128,Partly Cloudy,71,"11 mph, In From LF"
823451,Clear,78,"8 mph, Out To CF"
823535,Clear,72,"8 mph, Out To LF"
823775,Roof Closed,74,"0 mph, None"
823939,Partly Cloudy,70,"4 mph, L To R"
824182,Roof Closed,73,"0 mph, None"
824504,Cloudy,74,"9 mph, R To L"
824667,Partly Cloudy,71,"15 mph, Out To RF"
824750,Partly Cloudy,77,"3 mph, Out To RF"
824912,Rain,69,"4 mph, L To R"
824991,Clear,85,"10 mph, Out To CF"
825070,Roof Closed,77,"0 mph, None"
822721,Partly Cloudy,84,"6 mph, Out To CF"
823044,Cloudy,85,"22 mph, R To L"
823127,Clear,73,"5 mph, L To R"
823450,Partly Cloudy,81,"10 mph, Out To CF"
823536,Partly Cloudy,72,"12 mph, R To L"
823774,Roof Closed,69,"0 mph, None"
823940,Sunny,78,"4 mph, Out To CF"
824178,Roof Closed,73,"0 mph, None"
824503,Partly Cloudy,78,"7 mph, R To L"
824668,Overcast,70,"13 mph, Out To CF"
824746,Clear,76,"12 mph, Out To CF"
824913,Partly Cloudy,82,"7 mph, Out To LF"
824992,Partly Cloudy,82,"6 mph, Out To CF"
825072,Roof Closed,77,"0 mph, None"
822889,Roof Closed,74,"0 mph, None"
823125,Sunny,72,"11 mph, L To R"
823448,Partly Cloudy,89,"21 mph, Out To RF"
823533,Partly Cloudy,86,"6 mph, Varies"
823772,Partly Cloudy,70,"11 mph, In From RF"
824098,Partly Cloudy,76,"7 mph, L To R"
824748,Overcast,77,"8 mph, Out To LF"
824989,Clear,75,"15 mph, Out To CF"
822886,Roof Closed,74,"0 mph, None"
822966,Dome,72,"0 mph, None"
823124,Clear,80,"5 mph, L To R"
823534,Partly Cloudy,77,"15 mph, Out To RF"
823853,Roof Closed,72,"0 mph, None"
823936,Clear,69,"5 mph, Out To CF"
824097,Cloudy,80,"0 mph, Calm"
824179,Roof Closed,73,"0 mph, None"
824264,Clear,75,"10 mph, R To L"
824345,Partly Cloudy,81,"8 mph, In From LF"
824663,Sunny,71,"6 mph, L To R"
824910,Partly Cloudy,83,"9 mph, Out To CF"
824990,Clear,77,"11 mph, Out To CF"
825069,Roof Closed,77,"0 mph, None"
822885,Roof Closed,74,"0 mph, None"
822967,Dome,72,"0 mph, None"
823126,Clear,70,"8 mph, Out To CF"
823447,Partly Cloudy,80,"13 mph, Out To RF"
823532,Partly Cloudy,79,"16 mph, Out To RF"
823854,Roof Closed,72,"0 mph, None"
823937,Clear,67,"7 mph, L To R"
824180,Roof Closed,73,"0 mph, None"
824263,Partly Cloudy,74,"13 mph, Out To LF"
824342,Clear,85,"4 mph, In From CF"
824665,Partly Cloudy,71,"6 mph, In From RF"
824909,Cloudy,82,"5 mph, In From RF"
824988,Clear,79,"7 mph, R To L"
825068,Roof Closed,75,"0 mph, None"
822883,Roof Closed,74,"0 mph, None"
822968,Dome,72,"0 mph, None"
823123,Sunny,70,"5 mph, Out To RF"
823449,Partly Cloudy,83,"10 mph, Out To RF"
823531,Partly Cloudy,79,"6 mph, In From LF"
823852,Roof Closed,72,"0 mph, None"
823934,Sunny,74,"6 mph, Out To CF"
824095,Partly Cloudy,77,"12 mph, L To R"
824177,Roof Closed,73,"0 mph, None"
824260,Cloudy,74,"4 mph, In From LF"
824343,Partly Cloudy,88,"17 mph, In From LF"
824908,Partly Cloudy,77,"8 mph, R To L"
824987,Sunny,83,"4 mph, Out To RF"
825067,Roof Closed,74,"0 mph, None"
822720,Cloudy,73,"2 mph, Out To RF"
822800,Partly Cloudy,61,"10 mph, R To L"
822964,Dome,72,"0 mph, None"
823040,Cloudy,71,"6 mph, In From LF"
823288,Clear,69,"8 mph, L To R"
823692,Partly Cloudy,77,"4 mph, In From LF"
823851,Roof Closed,72,"0 mph, None"
824016,Clear,74,"10 mph, Out To CF"
824261,Partly Cloudy,75,"13 mph, In From CF"
824344,Partly Cloudy,89,"3 mph, Out To CF"
824502,Partly Cloudy,70,"11 mph, Out To RF"
824585,Clear,68,"15 mph, Out To RF"
822718,Partly Cloudy,74,"10 mph, L To R"
822799,Partly Cloudy,76,"14 mph, R To L"
822963,Dome,72,"0 mph, None"
823043,Partly Cloudy,79,"6 mph, In From LF"
823210,Clear,60,"9 mph, Out To CF"
823286,Partly Cloudy,70,"7 mph, L To R"
823365,Clear,73,"11 mph, Calm"
823614,Cloudy,68,"4 mph, In From LF"
823690,Overcast,68,"6 mph, In From CF"
823849,Roof Closed,72,"0 mph, None"
824017,Partly Cloudy,73,"8 mph, Out To CF"
824262,Partly Cloudy,74,"10 mph, L To R"
824340,Partly Cloudy,81,"9 mph, In From CF"
824501,Partly Cloudy,77,"6 mph, Out To RF"
824584,Clear,72,"6 mph, In From LF"
822719,Clear,83,"4 mph, In From LF"
822798,Cloudy,60,"6 mph, Out To RF"
822965,Dome,72,"0 mph, None"
823041,Cloudy,80,"6 mph, Out To CF"
823208,Cloudy,59,"12 mph, Varies"
823284,Partly Cloudy,71,"10 mph, L To R"
823367,Clear,78,"7 mph, Out To LF"
823611,Clear,81,"6 mph, L To R"
823613,Sunny,81,"9 mph, L To R"
823691,Partly Cloudy,74,"11 mph, Out To RF"
823850,Roof Closed,72,"0 mph, None"
824018,Sunny,81,"9 mph, Out To CF"
824259,Partly Cloudy,74,"6 mph, In From LF"
824341,Sunny,76,"12 mph, In From CF"
824500,Partly Cloudy,79,"3 mph, Out To LF"
824583,Overcast,65,"5 mph, In From CF"
822717,Partly Cloudy,86,"6 mph, Out To CF"
822797,Cloudy,62,"11 mph, L To R"
822961,Dome,72,"0 mph, None"
823209,Partly Cloudy,64,"12 mph, Varies"
823366,Overcast,75,"11 mph, Out To LF"
823612,Partly Cloudy,76,"12 mph, Out To LF"
824258,Partly Cloudy,77,"9 mph, Out To LF"
824747,Partly Cloudy,85,"3 mph, Out To LF"
822796,Partly Cloudy,68,"5 mph, Out To RF"
822962,Dome,72,"0 mph, None"
823039,Overcast,77,"6 mph, Out To LF"
823206,Overcast,62,"15 mph, Out To CF"
823285,Partly Cloudy,70,"9 mph, L To R"
823363,Partly Cloudy,73,"6 mph, Out To LF"
823610,Partly Cloudy,81,"7 mph, Out To RF"
823688,Partly Cloudy,78,"7 mph, R To L"
823773,Roof Closed,71,"6 mph, Calm"
824014,Clear,72,"4 mph, R To L"
824255,Partly Cloudy,73,"5 mph, In From LF"
824423,Partly Cloudy,70,"3 mph, In From CF"
824582,Cloudy,66,"8 mph, L To R"
824743,Partly Cloudy,78,"5 mph, Out To LF"
824824,Cloudy,83,"5 mph, In From LF"
822794,Sunny,73,"7 mph, R To L"
822960,Dome,72,"0 mph, None"
823038,Cloudy,83,"7 mph, R To L"
823207,Clear,63,"19 mph, Out To CF"
823283,Partly Cloudy,69,"9 mph, L To R"
823364,Overcast,73,"5 mph, In From RF"
823609,Drizzle,73,"4 mph, In From LF"
823689,Partly Cloudy,83,"12 mph, In From LF"
823770,Clear,72,"7 mph, L To R"
824015,Clear,73,"10 mph, Varies"
824257,Partly Cloudy,77,"7 mph, In From LF"
824421,Cloudy,75,"7 mph, In From RF"
824581,Sunny,74,"12 mph, L To R"
824745,Sunny,75,"9 mph, In From RF"
824825,Overcast,75,"5 mph, In From RF"
822795,Sunny,74,"7 mph, L To R"
822959,Dome,72,"0 mph, None"
823037,Sunny,92,"7 mph, Out To LF"
823204,Sunny,69,"10 mph, Varies"
823281,Partly Cloudy,70,"10 mph, L To R"
823362,Partly Cloudy,77,"3 mph, In From CF"
823608,Partly Cloudy,82,"4 mph, In From RF"
823686,Overcast,74,"17 mph, In From RF"
823769,Overcast,76,"10 mph, In From LF"
824011,Partly Cloudy,72,"10 mph, Out To CF"
824256,Sunny,82,"8 mph, In From LF"
824422,Partly Cloudy,79,"6 mph, Varies"
824580,Partly Cloudy,79,"7 mph, In From LF"
824744,Clear,72,"5 mph, In From RF"
824821,Partly Cloudy,76,"5 mph, In From RF"
822792,Clear,73,"11 mph, R To L"
823121,Cloudy,64,"6 mph, Out To CF"
823444,Cloudy,84,"4 mph, Out To CF"
823529,Clear,83,"12 mph, R To L"
823771,Clear,91,"14 mph, In From RF"
824176,Roof Closed,73,"0 mph, None"
824339,Partly Cloudy,88,"6 mph, R To L"
824420,Partly Cloudy,88,"3 mph, In From RF"
824662,Partly Cloudy,91,"15 mph, Out To CF"
824741,Clear,79,"5 mph, R To L"
824822,Clear,86,"6 mph, R To L"
824986,Partly Cloudy,87,"5 mph, Out To RF"
825065,Roof Closed,76,"0 mph, None"
822793,Clear,77,"15 mph, Out To CF"
823122,Cloudy,63,"8 mph, Out To LF"
823445,Partly Cloudy,91,"15 mph, Out To CF"
823528,Partly Cloudy,86,"9 mph, R To L"
823768,Partly Cloudy,92,"14 mph, R To L"
824096,Clear,93,"12 mph, R To L"
824175,Roof Closed,73,"0 mph, None"
824338,Cloudy,83,"6 mph, In From CF"
824418,Partly Cloudy,90,"10 mph, Out To RF"
824661,Clear,92,"19 mph, Out To CF"
824742,Overcast,78,"6 mph, Out To LF"
824819,Partly Cloudy,86,"13 mph, Out To LF"
824907,Partly Cloudy,92,"5 mph, L To R"
824984,Clear,83,"10 mph, Out To CF"
825066,Roof Closed,74,"0 mph, None"
822791,Partly Cloudy,86,"10 mph, Out To RF"
823446,Partly Cloudy,96,"10 mph, Out To CF"
823530,Sunny,95,"2 mph, Out To LF"
823767,Partly Cloudy,91,"14 mph, R To L"
824094,Partly Cloudy,92,"9 mph, R To L"
824174,Roof Closed,73,"0 mph, None"
824337,Partly Cloudy,86,"13 mph, In From RF"
824419,Sunny,90,"8 mph, In From LF"
824660,Sunny,92,"12 mph, Out To CF"
824740,Partly Cloudy,95,"2 mph, Out To RF"
824818,Partly Cloudy,91,"5 mph, Out To LF"
824905,Cloudy,89,"5 mph, In From LF"
824985,Partly Cloudy,83,"8 mph, Out To CF"
825064,Roof Closed,74,"0 mph, None"
822884,Roof Closed,74,"0 mph, None"
823119,Cloudy,64,"8 mph, Out To LF"
823442,Partly Cloudy,98,"8 mph, Out To RF"
823765,Sunny,88,"9 mph, In From RF"
823935,Clear,71,"8 mph, Out To RF"
824093,Partly Cloudy,92,"10 mph, R To L"
824335,Partly Cloudy,86,"4 mph, Out To LF"
824416,Clear,91,"8 mph, L To R"
824906,Partly Cloudy,93,"6 mph, L To R"
822714,Clear,100,"5 mph, In From LF"
823120,Partly Cloudy,70,"7 mph, L To R"
823527,Partly Cloudy,92,"11 mph, Out To CF"
823933,Partly Cloudy,73,"4 mph, Out To CF"
824013,Partly Cloudy,77,"8 mph, Out To CF"
824173,Roof Closed,73,"0 mph, None"
824336,Cloudy,88,"5 mph, R To L"
824417,Partly Cloudy,89,"7 mph, L To R"
824498,Clear,93,"2 mph, Out To LF"
824659,Cloudy,77,"7 mph, Out To LF"
824904,Overcast,79,"3 mph, L To R"
824982,Clear,89,"10 mph, Out To LF"
825062,Roof Closed,75,"0 mph, None"
822716,Sunny,93,"5 mph, In From LF"
822882,Roof Closed,74,"0 mph, None"
823118,Partly Cloudy,66,"7 mph, Out To LF"
823526,Sunny,95,"10 mph, Out To RF"
823932,Partly Cloudy,77,"2 mph, L To R"
824012,Partly Cloudy,78,"8 mph, Out To CF"
824092,Partly Cloudy,82,"4 mph, L To R"
824171,Roof Closed,73,"0 mph, None"
824334,Partly Cloudy,83,"4 mph, Out To LF"
824415,Clear,82,"5 mph, In From CF"
824499,Partly Cloudy,89,"5 mph, R To L"
824658,Cloudy,70,"6 mph, In From CF"
824903,Partly Cloudy,86,"3 mph, L To R"
824983,Clear,89,"8 mph, Out To RF"
825063,Roof Closed,73,"0 mph, None"
822715,Partly Cloudy,92,"2 mph, Out To LF"
822879,Roof Closed,74,"0 mph, None"
823117,Sunny,70,"9 mph, L To R"
823525,Overcast,77,"6 mph, In From LF"
823931,Sunny,81,"3 mph, L To R"
824010,Clear,79,"8 mph, Out To RF"
824091,Partly Cloudy,87,"7 mph, R To L"
824172,Roof Closed,73,"0 mph, None"
824333,Sunny,94,"3 mph, R To L"
824413,Partly Cloudy,80,"8 mph, R To L"
824497,Partly Cloudy,83,"5 mph, Out To LF"
824656,Partly Cloudy,70,"8 mph, L To R"
824902,Partly Cloudy,89,"5 mph, Out To LF"
824980,Partly Cloudy,83,"9 mph, Out To CF"
825061,Roof Closed,73,"0 mph, None"
822712,Overcast,80,"2 mph, Out To LF"
822958,Dome,72,"0 mph, None"
823036,Partly Cloudy,83,"9 mph, In From LF"
823205,Partly Cloudy,59,"15 mph, Out To CF"
823282,Clear,72,"11 mph, L To R"
823930,Clear,74,"4 mph, Out To CF"
824089,Sunny,85,"4 mph, L To R"
824900,Partly Cloudy,88,"7 mph, R To L"
822713,Cloudy,82,"4 mph, In From RF"
822881,Roof Closed,74,"0 mph, None"
822956,Dome,72,"0 mph, None"
823035,Partly Cloudy,84,"7 mph, In From LF"
823062,Cloudy,84,"8 mph, L To R"
823203,Partly Cloudy,59,"17 mph, Out To CF"
823280,Clear,71,"9 mph, L To R"
823361,Partly Cloudy,86,"5 mph, Out To RF"
823607,Cloudy,69,"3 mph, In From LF"
823687,Cloudy,82,"5 mph, R To L"
823847,Roof Closed,72,"0 mph, None"
823929,Clear,76,"4 mph, Varies"
824254,Clear,85,"5 mph, In From LF"
824495,Partly Cloudy,85,"5 mph, Out To RF"
824579,Clear,80,"8 mph, In From LF"
824820,Cloudy,78,"4 mph, In From RF"
822710,Partly Cloudy,84,"5 mph, R To L"
822880,Roof Closed,74,"0 mph, None"
822957,Dome,72,"0 mph, None"
823032,Partly Cloudy,87,"5 mph, Out To LF"
823202,Overcast,62,"11 mph, Out To CF"
823279,Clear,72,"8 mph, L To R"
823360,Partly Cloudy,84,"7 mph, Out To CF"
823605,Clear,79,"10 mph, Out To LF"
823684,Partly Cloudy,77,"6 mph, Out To RF"
823848,Roof Closed,72,"0 mph, None"
823928,Clear,77,"7 mph, Out To RF"
824253,Partly Cloudy,87,"7 mph, In From CF"
824496,Cloudy,84,"2 mph, In From RF"
824578,Clear,83,"8 mph, Out To LF"
824815,Partly Cloudy,82,"6 mph, Out To LF"
822877,Roof Closed,74,"0 mph, None"
822954,Dome,72,"0 mph, None"
823034,Overcast,82,"9 mph, Out To RF"
823201,Clear,59,"13 mph, Varies"
823277,Clear,70,"6 mph, L To R"
823359,Partly Cloudy,82,"7 mph, Out To LF"
823606,Cloudy,83,"11 mph, In From CF"
823683,Sunny,79,"6 mph, In From LF"
823846,Roof Closed,72,"0 mph, None"
824251,Partly Cloudy,80,"7 mph, Out To LF"
824494,Partly Cloudy,86,"6 mph, Out To LF"
824577,Partly Cloudy,80,"8 mph, Out To LF"
824816,Partly Cloudy,83,"4 mph, In From CF"
822709,Partly Cloudy,79,"5 mph, Out To CF"
822878,Roof Closed,74,"0 mph, None"
822955,Dome,72,"0 mph, None"
823033,Cloudy,85,"1 mph, In From RF"
823200,Clear,58,"13 mph, Varies"
823278,Partly Cloudy,70,"6 mph, L To R"
823604,Cloudy,82,"6 mph, Out To RF"
823685,Partly Cloudy,85,"4 mph, R To L"
823845,Roof Closed,72,"0 mph, None"
823927,Partly Cloudy,77,"8 mph, Out To CF"
824252,Partly Cloudy,82,"5 mph, In From LF"
824493,Partly Cloudy,84,"6 mph, Out To LF"
824575,Cloudy,77,"12 mph, Out To RF"
824817,Partly Cloudy,84,"5 mph, Out To RF"
822711,Partly Cloudy,86,"3 mph, In From LF"
822875,Roof Closed,74,"0 mph, None"
822953,Dome,72,"0 mph, None"
823030,Partly Cloudy,79,"11 mph, In From LF"
823198,Partly Cloudy,70,"8 mph, Varies"
823276,Cloudy,71,"8 mph, L To R"
823356,Partly Cloudy,82,"5 mph, R To L"
823357,Overcast,73,"1 mph, Out To CF"
823603,Cloudy,82,"7 mph, In From RF"
823682,Partly Cloudy,86,"7 mph, Out To LF"
823844,Roof Closed,72,"0 mph, None"
823926,Cloudy,81,"4 mph, In From CF"
824249,Partly Cloudy,83,"11 mph, In From CF"
824492,Cloudy,78,"5 mph, L To R"
824576,Partly Cloudy,79,"6 mph, In From LF"
824813,Cloudy,81,"8 mph, Out To LF"
822708,Partly Cloudy,83,"7 mph, In From RF"
822876,Roof Closed,74,"0 mph, None"
822951,Dome,72,"0 mph, None"
823029,Cloudy,86,"8 mph, Out To CF"
823199,Cloudy,67,"6 mph, Out To RF"
823274,Partly Cloudy,73,"6 mph, L To R"
823358,Sunny,81,"5 mph, L To R"
823602,Sunny,83,"2 mph, In From RF"
823681,Sunny,90,"11 mph, Out To LF"
823842,Roof Closed,72,"0 mph, None"
823925,Cloudy,83,"4 mph, Out To CF"
824250,Sunny,83,"8 mph, In From RF"
824491,Partly Cloudy,81,"6 mph, In From RF"
824574,Sunny,83,"9 mph, In From LF"
824814,Cloudy,81,"7 mph, R To L"
823440,Cloudy,94,"2 mph, Out To CF"
822789,Roof Closed,68,"0 mph, None"
823115,Clear,72,"6 mph, Out To CF"
823524,Partly Cloudy,81,"7 mph, Out To CF"
823766,Partly Cloudy,92,"5 mph, R To L"
824009,Clear,80,"9 mph, Out To RF"
824090,Clear,86,"10 mph, Out To CF"
824170,Roof Closed,73,"0 mph, None"
824332,Partly Cloudy,90,"5 mph, Out To CF"
824655,Cloudy,87,"7 mph, Out To LF"
824737,Clear,84,"7 mph, L To R"
824766,Sunny,82,"10 mph, In From LF"
824901,Cloudy,75,"5 mph, Out To RF"
824981,Clear,85,"11 mph, Out To LF"
825060,Roof Closed,77,"0 mph, None"
822790,Roof Closed,68,"0 mph, None"
823116,Clear,74,"8 mph, L To R"
823441,Overcast,87,"8 mph, Out To RF"
823763,Sunny,86,"7 mph, In From CF"
824008,Clear,79,"6 mph, R To L"
824088,Partly Cloudy,90,"6 mph, R To L"
824169,Roof Closed,73,"0 mph, None"
824331,Sunny,89,"3 mph, R To L"
824412,Cloudy,79,"6 mph, L To R"
824414,Partly Cloudy,89,"14 mph, Out To RF"
824657,Partly Cloudy,81,"12 mph, L To R"
824738,Cloudy,71,"10 mph, Out To LF"
824899,Partly Cloudy,92,"5 mph, Out To LF"
824979,Clear,88,"9 mph, Out To CF"
825059,Roof Closed,76,"0 mph, None"
822786,Sunny,68,"3 mph, Out To CF"
823113,Sunny,71,"8 mph, L To R"
823439,Partly Cloudy,80,"14 mph, In From LF"
823521,Partly Cloudy,76,"10 mph, Varies"
823523,Sunny,76,"15 mph, Out To RF"
823764,Sunny,77,"6 mph, In From LF"
824007,Sunny,84,"9 mph, Out To CF"
824086,Partly Cloudy,90,"2 mph, R To L"
824168,Roof Closed,73,"0 mph, None"
824330,Sunny,92,"4 mph, Out To LF"
824411,Sunny,76,"10 mph, In From CF"
824653,Sunny,78,"7 mph, In From CF"
824739,Sunny,76,"5 mph, L To R"
824897,Partly Cloudy,91,"5 mph, Out To LF"
824978,Partly Cloudy,86,"3 mph, Out To RF"
825057,Roof Closed,75,"0 mph, None"
822788,Clear,72,"15 mph, Out To CF"
822874,Roof Closed,74,"0 mph, None"
823112,Partly Cloudy,80,"4 mph, L To R"
823436,Clear,82,"7 mph, Out To CF"
823522,Clear,79,"11 mph, R To L"
823762,Cloudy,82,"14 mph, R To L"
824006,Partly Cloudy,79,"8 mph, Out To RF"
824087,Clear,97,"6 mph, R To L"
824167,Roof Closed,73,"0 mph, None"
824328,Partly Cloudy,90,"7 mph, R To L"
824410,Partly Cloudy,78,"3 mph, In From CF"
824654,Partly Cloudy,79,"7 mph, Out To CF"
824736,Clear,79,"9 mph, Out To CF"
824898,Partly Cloudy,91,"5 mph, L To R"
825058,Roof Closed,75,"0 mph, None"
822787,Roof Closed,68,"0 mph, None"
822871,Roof Closed,74,"0 mph, None"
823114,Clear,88,"3 mph, L To R"
823437,Cloudy,73,"11 mph, Out To CF"
823760,Roof Closed,81,"0 mph, Calm"
824005,Clear,83,"9 mph, Out To CF"
824085,Partly Cloudy,87,"6 mph, L To R"
824165,Roof Closed,73,"0 mph, None"
824329,Partly Cloudy,94,"11 mph, Out To LF"
824409,Partly Cloudy,83,"13 mph, L To R"
824652,Cloudy,82,"14 mph, In From LF"
824895,Partly Cloudy,87,"9 mph, In From CF"
825056,Roof Closed,75,"0 mph, None"
822784,Partly Cloudy,70,"10 mph, L To R"
822873,Roof Closed,74,"0 mph, None"
823110,Sunny,84,"8 mph, L To R"
823438,Partly Cloudy,89,"12 mph, L To R"
823518,Partly Cloudy,83,"14 mph, Out To CF"
823519,Partly Cloudy,82,"15 mph, Out To RF"
823761,Partly Cloudy,72,"2 mph, In From RF"
824004,Sunny,84,"8 mph, Out To RF"
824083,Sunny,79,"9 mph, L To R"
824166,Roof Closed,73,"0 mph, None"
824327,Sunny,89,"10 mph, In From LF"
824408,Partly Cloudy,70,"6 mph, L To R"
824650,Clear,72,"10 mph, In From CF"
824732,Overcast,77,"2 mph, Out To RF"
824735,Partly Cloudy,82,"11 mph, Out To CF"
824896,Clear,87,"6 mph, L To R"
825055,Roof Closed,74,"0 mph, None"
822785,Sunny,68,"13 mph, Out To CF"
823042,Partly Cloudy,78,"4 mph, In From CF"
824247,Clear,76,"7 mph, In From LF"
824406,Sunny,72,"6 mph, In From CF"
824893,Cloudy,82,"6 mph, Out To LF"
822707,Cloudy,79,"7 mph, In From RF"
822872,Roof Closed,74,"0 mph, None"
822952,Dome,72,"0 mph, None"
823031,Cloudy,74,"7 mph, R To L"
823196,Clear,64,"14 mph, Varies"
823352,Cloudy,78,"7 mph, In From LF"
823434,Partly Cloudy,80,"9 mph, Out To CF"
823601,Cloudy,77,"7 mph, Out To LF"
823680,Cloudy,79,"12 mph, Out To LF"
823759,Partly Cloudy,79,"9 mph, In From CF"
823843,Roof Closed,72,"0 mph, None"
824248,Partly Cloudy,78,"8 mph, In From CF"
824573,Partly Cloudy,76,"8 mph, In From RF"
824733,Clear,76,"3 mph, R To L"
824812,Partly Cloudy,77,"8 mph, Out To LF"
822704,Partly Cloudy,82,"2 mph, In From RF"
822869,Roof Closed,74,"0 mph, None"
822948,Dome,72,"0 mph, None"
823027,Clear,90,"2 mph, In From RF"
823197,Sunny,68,"13 mph, Varies"
823355,Partly Cloudy,79,"8 mph, Out To LF"
823435,Clear,81,"9 mph, R To L"
823600,Clear,77,"12 mph, R To L"
823679,Clear,93,"5 mph, Out To RF"
823758,Cloudy,79,"5 mph, R To L"
823841,Roof Closed,72,"0 mph, None"
824244,Partly Cloudy,78,"5 mph, R To L"
824571,Cloudy,78,"9 mph, R To L"
824734,Sunny,78,"8 mph, In From RF"
824811,Clear,80,"3 mph, In From RF"
822706,Cloudy,83,"5 mph, Out To RF"
822870,Roof Closed,74,"0 mph, None"
822950,Dome,72,"0 mph, None"
823028,Partly Cloudy,94,"5 mph, Out To RF"
823194,Partly Cloudy,68,"12 mph, Out To CF"
823354,Partly Cloudy,79,"3 mph, Out To LF"
823433,Partly Cloudy,81,"7 mph, Out To LF"
823599,Sunny,79,"5 mph, In From CF"
823678,Partly Cloudy,92,"7 mph, Out To LF"
823755,Cloudy,86,"6 mph, In From LF"
823840,Roof Closed,72,"0 mph, None"
824246,Partly Cloudy,82,"5 mph, R To L"
824572,Partly Cloudy,90,"4 mph, In From RF"
824730,Sunny,75,"9 mph, In From RF"
824810,Partly Cloudy,80,"5 mph, L To R"
822705,Partly Cloudy,91,"2 mph, Out To LF"
822868,Roof Closed,74,"0 mph, None"
823025,Partly Cloudy,90,"11 mph, Out To CF"
823195,Clear,63,"13 mph, Varies"
823353,Partly Cloudy,85,"8 mph, Out To LF"
823597,Cloudy,79,"9 mph, Out To LF"
823839,Roof Closed,72,"0 mph, None"
824001,Clear,82,"9 mph, Out To RF"
824245,Partly Cloudy,84,"6 mph, Out To LF"
824570,Clear,74,"12 mph, R To L"
824977,Clear,88,"8 mph, R To L"
822703,Overcast,69,"5 mph, Out To LF"
822949,Dome,72,"0 mph, None"
823026,Cloudy,87,"6 mph, In From LF"
823193,Clear,65,"11 mph, Varies"
823275,Clear,74,"7 mph, L To R"
823350,Partly Cloudy,79,"9 mph, Out To CF"
823676,Partly Cloudy,89,"6 mph, Out To RF"
823838,Roof Closed,72,"0 mph, None"
823923,Clear,77,"6 mph, Out To CF"
824003,Clear,81,"6 mph, R To L"
824243,Partly Cloudy,79,"7 mph, Out To RF"
824489,Partly Cloudy,84,"9 mph, Out To RF"
824490,Partly Cloudy,84,"10 mph, Varies"
824569,Partly Cloudy,73,"15 mph, Out To RF"
824976,Clear,92,"6 mph, Out To CF"
822702,Partly Cloudy,81,"4 mph, In From LF"
822947,Dome,72,"0 mph, None"
823022,Partly Cloudy,84,"7 mph, In From RF"
823192,Sunny,67,"9 mph, Out To CF"
823273,Sunny,77,"9 mph, L To R"
823351,Cloudy,73,"10 mph, Out To RF"
823596,Cloudy,78,"7 mph, L To R"
823598,Cloudy,77,"6 mph, Out To RF"
823677,Partly Cloudy,90,"8 mph, Out To LF"
823837,Roof Closed,72,"0 mph, None"
823924,Clear,77,"6 mph, Out To RF"
824002,Partly Cloudy,81,"8 mph, R To L"
824242,Sunny,79,"11 mph, Out To RF"
824487,Clear,82,"8 mph, Out To RF"
824567,Clear,75,"9 mph, Out To RF"
824973,Clear,91,"10 mph, Out To LF"
822946,Dome,72,"0 mph, None"
823023,Partly Cloudy,85,"4 mph, In From CF"
823271,Clear,75,"7 mph, L To R"
823595,Cloudy,72,"2 mph, R To L"
823674,Partly Cloudy,84,"10 mph, Out To LF"
823921,Clear,78,"3 mph, Out To RF"
824488,Partly Cloudy,84,"4 mph, L To R"
824568,Partly Cloudy,84,"4 mph, L To R"
824894,Clear,87,"8 mph, Out To LF"
824974,Clear,90,"10 mph, Out To LF"
822782,Clear,77,"2 mph, R To L"
822945,Dome,72,"0 mph, None"
823111,Clear,80,"5 mph, In From LF"
823272,Clear,75,"7 mph, L To R"
823593,Partly Cloudy,79,"7 mph, Out To LF"
823922,Clear,78,"4 mph, Out To CF"
823999,Clear,84,"8 mph, Out To CF"
824164,Roof Closed,73,"0 mph, None"
824325,Partly Cloudy,85,"15 mph, L To R"
824407,Partly Cloudy,79,"2 mph, In From CF"
824486,Clear,84,"1 mph, Calm"
824651,Cloudy,77,"11 mph, R To L"
824809,Partly Cloudy,82,"6 mph, R To L"
824892,Clear,89,"3 mph, R To L"
824975,Clear,95,"6 mph, Out To CF"
822781,Partly Cloudy,77,"6 mph, R To L"
822944,Dome,72,"0 mph, None"
823109,Partly Cloudy,73,"8 mph, Out To LF"
823269,Clear,79,"7 mph, L To R"
823594,Sunny,87,"4 mph, Out To LF"
823920,Clear,85,"7 mph, Out To CF"
824000,Clear,84,"8 mph, Out To CF"
824162,Roof Closed,73,"0 mph, None"
824326,Clear,94,"4 mph, R To L"
824405,Partly Cloudy,80,"6 mph, R To L"
824485,Overcast,76,"10 mph, In From CF"
824649,Overcast,71,"21 mph, In From CF"
824808,Cloudy,82,"13 mph, Out To LF"
824890,Clear,88,"8 mph, L To R"
824972,Clear,98,"6 mph, Out To RF"
822783,Roof Closed,68,"0 mph, None"
822943,Dome,72,"0 mph, None"
823107,Cloudy,67,"4 mph, L To R"
823270,Sunny,82,"9 mph, L To R"
823592,Partly Cloudy,82,"13 mph, Out To LF"
823919,Sunny,87,"2 mph, Calm"
823996,Sunny,87,"7 mph, R To L"
824163,Roof Closed,73,"0 mph, None"
824323,Sunny,99,"11 mph, R To L"
824404,Overcast,81,"5 mph, In From RF"
824483,Partly Cloudy,74,"5 mph, In From RF"
824648,Overcast,71,"13 mph, In From LF"
824807,Cloudy,82,"11 mph, R To L"
824891,Partly Cloudy,86,"8 mph, R To L"
824971,Sunny,95,"3 mph, L To R"
822867,Roof Closed,74,"0 mph, None"
823431,Partly Cloudy,89,"7 mph, L To R"
823520,Clear,80,"13 mph, L To R"
823757,Clear,76,"10 mph, In From RF"
824160,Roof Closed,73,"0 mph, None"
824324,Cloudy,89,"6 mph, R To L"
824647,Clear,76,"10 mph, In From RF"
825095,Roof Closed,78,"0 mph, None"
822865,Roof Closed,74,"0 mph, None"
823108,Cloudy,77,"9 mph, L To R"
823432,Partly Cloudy,84,"4 mph, Out To CF"
823517,Partly Cloudy,80,"6 mph, R To L"
823756,Cloudy,82,"8 mph, In From RF"
824084,Overcast,91,"6 mph, R To L"
824161,Roof Closed,73,"0 mph, None"
824321,Partly Cloudy,76,"9 mph, In From LF"
824403,Clear,78,"6 mph, In From CF"
824484,Clear,86,"3 mph, L To R"
824645,Partly Cloudy,83,"8 mph, Out To CF"
824731,Clear,82,"2 mph, Out To CF"
824805,Partly Cloudy,88,"7 mph, In From CF"
824888,Partly Cloudy,85,"3 mph, L To R"
825054,Roof Closed,76,"0 mph, None"
822866,Roof Closed,74,"0 mph, None"
823106,Clear,83,"6 mph, In From LF"
823429,Overcast,81,"7 mph, Out To LF"
823516,Cloudy,77,"8 mph, R To L"
823753,Cloudy,75,"6 mph, In From CF"
824082,Cloudy,81,"4 mph, R To L"
824158,Roof Closed,73,"0 mph, None"
824322,Partly Cloudy,69,"10 mph, In From CF"
824402,Partly Cloudy,81,"5 mph, In From RF"
824482,Partly Cloudy,85,"3 mph, R To L"
824646,Overcast,80,"9 mph, Out To CF"
824728,Partly Cloudy,84,"4 mph, Out To CF"
824806,Partly Cloudy,83,"7 mph, R To L"
824889,Cloudy,76,"7 mph, Out To RF"
825052,Roof Closed,76,"0 mph, None"
823105,Sunny,77,"6 mph, L To R"
823430,Partly Cloudy,90,"9 mph, Out To CF"
823754,Cloudy,76,"7 mph, In From LF"
824080,Cloudy,82,"5 mph, R To L"
824401,Partly Cloudy,84,"7 mph, L To R"
824481,Partly Cloudy,84,"5 mph, R To L"
824664,Cloudy,76,"5 mph, Out To LF"
824729,Partly Cloudy,89,"7 mph, Out To CF"
824804,Partly Cloudy,89,"5 mph, Out To CF"
824885,Cloudy,87,"6 mph, L To R"
825053,Roof Closed,76,"0 mph, None"
822699,Cloudy,86,"7 mph, Out To RF"
822863,Roof Closed,74,"0 mph, None"
823024,Cloudy,85,"7 mph, R To L"
823103,Clear,81,"6 mph, L To R"
823191,Cloudy,60,"14 mph, Varies"
823266,Clear,77,"8 mph, L To R"
823349,Partly Cloudy,80,"7 mph, Out To LF"
823428,Partly Cloudy,78,"13 mph, Out To CF"
823515,Cloudy,76,"2 mph, Out To RF"
823750,Partly Cloudy,83,"6 mph, In From RF"
823836,Roof Closed,72,"0 mph, None"
824081,Clear,85,"5 mph, R To L"
824566,Partly Cloudy,87,"8 mph, R To L"
824727,Clear,92,"5 mph, L To R"
825051,Roof Closed,76,"0 mph, None"
822701,Partly Cloudy,90,"6 mph, Out To CF"
822864,Roof Closed,74,"0 mph, None"
823021,Clear,87,"3 mph, R To L"
823102,Clear,80,"6 mph, L To R"
823188,Partly Cloudy,68,"16 mph, Varies"
823267,Sunny,82,"9 mph, L To R"
823348,Partly Cloudy,84,"11 mph, Out To LF"
823426,Partly Cloudy,84,"11 mph, Out To RF"
823514,Partly Cloudy,89,"9 mph, Out To RF"
823752,Clear,82,"2 mph, In From RF"
823834,Roof Closed,72,"0 mph, None"
824079,Clear,87,"6 mph, R To L"
824565,Clear,82,"8 mph, In From LF"
824726,Partly Cloudy,91,"5 mph, Out To RF"
825049,Roof Closed,76,"0 mph, None"
822700,Partly Cloudy,92,"3 mph, L To R"
822862,Roof Closed,74,"0 mph, None"
823020,Partly Cloudy,90,"10 mph, Out To LF"
823104,Partly Cloudy,71,"2 mph, Out To RF"
823190,Sunny,70,"7 mph, Out To CF"
823268,Partly Cloudy,79,"8 mph, L To R"
823345,Sunny,81,"7 mph, Calm"
823425,Partly Cloudy,90,"7 mph, L To R"
823513,Partly Cloudy,90,"8 mph, Out To RF"
823751,Roof Closed,78,"4 mph, In From LF"
823835,Roof Closed,72,"0 mph, None"
824078,Partly Cloudy,90,"15 mph, R To L"
824564,Cloudy,86,"9 mph, R To L"
824724,Partly Cloudy,88,"6 mph, Out To RF"
825050,Roof Closed,77,"0 mph, None"
822780,Cloudy,82,"17 mph, Out To RF"
823018,Clear,91,"6 mph, R To L"
823189,Clear,65,"13 mph, Varies"
823265,Cloudy,75,"6 mph, L To R"
823675,Clear,86,"3 mph, L To R"
823918,Partly Cloudy,77,"4 mph, Out To RF"
823998,Partly Cloudy,81,"7 mph, R To L"
824887,Partly Cloudy,90,"4 mph, R To L"
824969,Clear,87,"8 mph, R To L"
825048,Roof Closed,77,"0 mph, None"
822697,Partly Cloudy,87,"7 mph, L To R"
822778,Overcast,76,"3 mph, Out To LF"
823019,Partly Cloudy,91,"10 mph, Out To LF"
823186,Clear,62,"13 mph, Out To CF"
823264,Partly Cloudy,77,"9 mph, L To R"
823512,Cloudy,79,"4 mph, Out To CF"
823673,Clear,86,"5 mph, L To R"
823832,Roof Closed,72,"0 mph, None"
823917,Clear,78,"2 mph, Calm"
823997,Clear,83,"7 mph, R To L"
824240,Partly Cloudy,78,"1 mph, In From RF"
824563,Partly Cloudy,79,"6 mph, In From CF"
824886,Overcast,75,"6 mph, R To L"
824970,Clear,86,"11 mph, R To L"
825046,Roof Closed,75,"0 mph, None"
822698,Cloudy,86,"6 mph, Out To RF"
822779,Roof Closed,68,"0 mph, None"
823017,Overcast,94,"11 mph, Out To CF"
823187,Overcast,64,"6 mph, Varies"
823263,Partly Cloudy,79,"8 mph, L To R"
823511,Partly Cloudy,85,"5 mph, Out To CF"
823672,Sunny,86,"7 mph, In From CF"
823833,Roof Closed,72,"0 mph, None"
823916,Cloudy,75,"7 mph, Out To CF"
823994,Partly Cloudy,78,"8 mph, Out To CF"
824241,Overcast,78,"7 mph, R To L"
824562,Cloudy,80,"3 mph, Out To RF"
824883,Partly Cloudy,90,"7 mph, R To L"
824967,Partly Cloudy,82,"5 mph, Calm"
825047,Roof Closed,75,"0 mph, None"
