date,pk,player_id,name,team,opp,home,opp_sp,opp_sp_id,sp_hand,season_hr,season_pa,exp_pa,f_bat,f_platoon,f_arsenal,f_pit,f_park,f_wind,f_temp,wind,hr_pa,p,odds_dk,odds_mgm,odds_czr,fair
2026-08-21,823420,656941,Kyle Schwarber,Philadelphia Phillies,St. Louis Cardinals,1,TBD,,,37,545,4.5,1.8,1.0,1.0,1.0,1.06,1.0,1.0,,0.05812,23.6,223,195,210,+324
2026-08-21,824559,808959,Munetaka Murakami,Chicago White Sox,New York Mets,1,Sean Manaea,640455,L,29,402,4.4,1.79,0.96,1.01,1.03,1.05,1.0,1.0,,0.05884,23.4,328,280,320,+327
2026-08-21,823510,700250,Ben Rice,New York Yankees,Toronto Blue Jays,1,Mason Fluharty,689254,L,34,523,4.3,1.72,1.03,0.85,0.98,1.08,1.0,1.0,,0.05589,21.9,366,280,350,+357
2026-08-21,824152,670541,Yordan Alvarez,Houston Astros,Athletics,1,J.T. Ginn,669372,R,36,553,4.4,1.74,1.14,0.95,0.95,1.04,1.0,1.0,,0.05238,21.1,261,250,255,+374
2026-08-21,823746,621566,Matt Olson,Atlanta Braves,Milwaukee Brewers,0,Jacob Misiorowski,694819,R,36,557,4.4,1.73,1.16,1.06,0.93,1.05,1.0,1.0,ROOF,0.05188,20.9,397,325,350,+378
2026-08-21,824800,691406,Junior Caminero,Tampa Bay Rays,Baltimore Orioles,0,Trevor Rogers,669432,L,35,555,4.4,1.7,0.97,0.97,0.93,1.03,1.0,1.0,,0.04958,20.0,288,280,280,+400
2026-08-21,823262,621439,Byron Buxton,Minnesota Twins,San Diego Padres,0,TBD,,,25,387,4.4,1.63,1.0,1.0,1.0,0.98,1.0,1.0,,0.04867,19.7,267,250,255,+408
2026-08-21,824800,624413,Pete Alonso,Baltimore Orioles,Tampa Bay Rays,1,Freddy Peralta,642547,R,29,555,4.3,1.47,1.15,1.15,1.05,1.03,1.0,1.0,,0.04838,19.2,315,250,305,+421
2026-08-21,824559,678246,Miguel Vargas,Chicago White Sox,New York Mets,1,Sean Manaea,640455,L,28,551,4.4,1.44,1.18,1.08,1.03,1.05,1.0,1.0,,0.04726,19.2,329,325,320,+421
2026-08-21,823101,691718,Pete Crow-Armstrong,Chicago Cubs,Seattle Mariners,0,Emerson Hancock,676106,R,31,570,4.5,1.52,1.13,0.94,1.01,0.99,1.0,1.0,,0.04621,19.2,309,250,305,+421
2026-08-21,823911,664040,Brandon Lowe,Pittsburgh Pirates,Los Angeles Dodgers,0,Yoshinobu Yamamoto,808967,R,27,531,4.4,1.43,1.2,0.96,0.96,1.1,1.0,1.0,,0.04589,18.7,443,325,390,+435
2026-08-21,824559,695657,Colson Montgomery,Chicago White Sox,New York Mets,1,Sean Manaea,640455,L,26,506,4.2,1.43,1.05,0.85,1.03,1.05,1.0,1.0,,0.04721,18.4,402,350,400,+443
2026-08-21,823911,660271,Shohei Ohtani,Los Angeles Dodgers,Pittsburgh Pirates,1,Bubba Chandler,696149,R,30,540,4.4,1.53,1.04,0.95,0.87,1.1,1.0,1.0,,0.04446,18.1,213,200,210,+452
2026-08-21,823911,665833,Oneil Cruz,Pittsburgh Pirates,Los Angeles Dodgers,0,Yoshinobu Yamamoto,808967,R,15,290,4.4,1.35,1.12,1.04,0.96,1.1,1.0,1.0,,0.04316,17.6,399,380,390,+468
2026-08-21,823830,682928,CJ Abrams,Washington Nationals,Miami Marlins,0,Ryan Gusto,687473,R,29,534,4.3,1.5,1.2,1.03,1.03,0.92,1.0,1.0,,0.04318,17.3,,,,+478
2026-08-21,823420,547180,Bryce Harper,Philadelphia Phillies,St. Louis Cardinals,1,TBD,,,25,546,4.3,1.33,1.0,1.0,1.0,1.06,1.0,1.0,,0.04295,17.2,400,300,390,+481
2026-08-21,823510,671277,Luis García Jr.,New York Yankees,Toronto Blue Jays,1,Mason Fluharty,689254,L,25,433,3.7,1.53,1.0,1.15,0.98,1.08,1.0,1.0,,0.04966,17.2,425,390,400,+481
2026-08-21,823911,699013,Esmerlyn Valdez,Pittsburgh Pirates,Los Angeles Dodgers,0,Yoshinobu Yamamoto,808967,R,14,235,4.0,1.42,1.03,1.04,0.96,1.1,1.0,1.0,,0.04562,17.0,383,400,370,+488
2026-08-21,824317,666160,Mickey Moniak,Colorado Rockies,Cleveland Guardians,1,Joey Cantillo,676282,L,20,332,3.8,1.52,1.0,1.04,0.97,1.05,1.0,1.0,,0.04684,16.7,391,,370,+499
2026-08-21,823510,672960,Kazuma Okamoto,Toronto Blue Jays,New York Yankees,0,Cam Schlittler,693645,R,26,507,4.1,1.43,1.09,1.06,0.91,1.08,1.0,1.0,,0.04315,16.5,557,450,500,+506
2026-08-21,823101,673548,Seiya Suzuki,Chicago Cubs,Seattle Mariners,0,Emerson Hancock,676106,R,22,483,4.4,1.31,1.03,0.97,1.01,0.99,1.0,1.0,,0.03982,16.4,473,340,425,+510
2026-08-21,824317,666176,Jo Adell,Cleveland Guardians,Colorado Rockies,0,Tanner Gordon,685299,R,19,512,4.1,1.14,0.8,1.15,1.16,1.05,1.0,1.0,,0.04229,16.2,,,,+517
2026-08-21,823746,686948,Drake Baldwin,Atlanta Braves,Milwaukee Brewers,0,Jacob Misiorowski,694819,R,21,466,4.4,1.29,1.12,1.06,0.93,1.05,1.0,1.0,ROOF,0.03874,16.0,542,425,500,+525
2026-08-21,823262,592518,Manny Machado,San Diego Padres,Minnesota Twins,1,Connor Prielipp,687570,L,24,532,4.3,1.31,0.93,1.05,1.01,0.98,1.0,1.0,,0.03941,15.9,401,350,390,+529
2026-08-21,822857,545361,Mike Trout,Los Angeles Angels,Texas Rangers,0,MacKenzie Gore,669022,L,20,487,4.5,1.22,1.01,0.97,1.0,1.01,1.0,1.0,,0.03726,15.7,479,450,425,+537
2026-08-21,825045,701398,Sal Stewart,Cincinnati Reds,Arizona Diamondbacks,0,Eduardo Rodriguez,593958,L,27,553,4.3,1.39,1.08,1.08,0.91,1.01,1.0,1.0,,0.03903,15.7,526,450,475,+537
2026-08-21,823420,691023,Jordan Walker,St. Louis Cardinals,Philadelphia Phillies,0,Jesús Luzardo,666200,L,26,535,4.3,1.38,1.1,1.0,0.86,1.06,1.0,1.0,,0.03874,15.6,478,360,475,+541
2026-08-21,824800,683002,Gunnar Henderson,Baltimore Orioles,Tampa Bay Rays,1,Freddy Peralta,642547,R,20,575,4.5,1.1,1.04,0.93,1.05,1.03,1.0,1.0,,0.03611,15.3,402,400,390,+554
2026-08-21,824152,572233,Christian Walker,Houston Astros,Athletics,1,J.T. Ginn,669372,R,23,504,4.1,1.31,1.08,0.96,0.95,1.04,1.0,1.0,,0.03956,15.3,567,400,500,+554
2026-08-21,823911,571970,Max Muncy,Los Angeles Dodgers,Pittsburgh Pirates,1,Bubba Chandler,696149,R,25,441,3.7,1.52,1.11,1.14,0.87,1.1,1.0,1.0,,0.04395,15.3,283,280,280,+554
2026-08-21,825045,571448,Nolan Arenado,Arizona Diamondbacks,Cincinnati Reds,1,Nick Lodolo,666157,L,20,463,3.9,1.26,1.09,1.07,1.07,1.01,1.0,1.0,,0.04146,15.2,553,450,525,+558
2026-08-21,824800,694212,Samuel Basallo,Baltimore Orioles,Tampa Bay Rays,1,Freddy Peralta,642547,R,16,319,3.6,1.34,1.2,0.98,1.05,1.03,1.0,1.0,,0.04404,15.0,391,390,370,+567
2026-08-21,822857,687263,Zach Neto,Los Angeles Angels,Texas Rangers,0,MacKenzie Gore,669022,L,21,554,4.5,1.16,1.05,1.06,1.0,1.01,1.0,1.0,,0.03552,15.0,448,390,400,+567
2026-08-21,823510,502671,Paul Goldschmidt,New York Yankees,Toronto Blue Jays,1,Mason Fluharty,689254,L,16,330,3.7,1.31,1.17,0.93,0.98,1.08,1.0,1.0,,0.04253,14.9,,,,+571
2026-08-21,824072,693307,Dillon Dingler,Detroit Tigers,Kansas City Royals,0,Noah Cameron,702070,L,26,500,4.2,1.44,0.86,1.07,0.93,0.93,1.0,1.0,,0.03778,14.9,516,400,500,+571
2026-08-21,822857,608369,Corey Seager,Texas Rangers,Los Angeles Angels,1,Reid Detmers,672282,L,13,286,4.2,1.24,1.0,1.04,0.99,1.01,1.0,1.0,,0.03765,14.9,389,360,370,+571
2026-08-21,822857,694671,Wyatt Langford,Texas Rangers,Los Angeles Angels,1,Reid Detmers,672282,L,14,324,4.3,1.22,1.02,1.04,0.99,1.01,1.0,1.0,,0.03696,14.9,439,390,400,+571
2026-08-21,823262,665019,Kody Clemens,Minnesota Twins,San Diego Padres,0,TBD,,,21,449,4.0,1.32,1.0,1.0,1.0,0.98,1.0,1.0,,0.0394,14.9,425,360,390,+571
2026-08-21,823101,677594,Julio Rodríguez,Seattle Mariners,Chicago Cubs,1,Matthew Boyd,571510,L,19,508,4.3,1.15,1.19,1.15,1.06,0.99,1.0,1.0,,0.03677,14.9,413,310,390,+571
2026-08-21,825045,668709,JJ Bleday,Cincinnati Reds,Arizona Diamondbacks,0,Eduardo Rodriguez,593958,L,20,415,4.2,1.34,1.06,1.04,0.91,1.01,1.0,1.0,,0.03754,14.8,560,600,525,+576
2026-08-21,824559,596019,Francisco Lindor,New York Mets,Chicago White Sox,0,Sean Burke,680732,R,12,309,4.4,1.14,1.03,1.02,0.97,1.05,1.0,1.0,,0.03538,14.7,402,350,390,+580
2026-08-21,824317,663993,Nathaniel Lowe,Cleveland Guardians,Colorado Rockies,0,Tanner Gordon,685299,R,14,321,3.4,1.23,1.15,0.93,1.16,1.05,1.0,1.0,,0.04547,14.6,384,360,390,+585
2026-08-21,824152,665161,Jeremy Peña,Houston Astros,Athletics,1,J.T. Ginn,669372,R,14,340,4.3,1.19,1.16,0.88,0.95,1.04,1.0,1.0,,0.03577,14.5,,450,,+590
2026-08-21,822857,669394,Jake Burger,Texas Rangers,Los Angeles Angels,1,Reid Detmers,672282,L,21,484,4.0,1.26,1.15,0.96,0.99,1.01,1.0,1.0,,0.03832,14.5,401,350,400,+590
2026-08-21,825045,682829,Elly De La Cruz,Cincinnati Reds,Arizona Diamondbacks,0,Eduardo Rodriguez,593958,L,20,487,4.5,1.22,1.2,1.01,0.91,1.01,1.0,1.0,,0.03411,14.5,500,575,500,+590
2026-08-21,823510,663757,Trent Grisham,New York Yankees,Toronto Blue Jays,1,Mason Fluharty,689254,L,17,429,4.0,1.18,0.92,0.91,0.98,1.08,1.0,1.0,,0.03822,14.4,383,340,400,+594
2026-08-21,824721,646240,Rafael Devers,San Francisco Giants,Boston Red Sox,0,Sonny Gray,543243,R,25,538,4.2,1.34,1.2,1.02,0.93,0.96,1.0,1.0,,0.0363,14.4,495,360,475,+594
2026-08-21,823746,660670,Ronald Acuña Jr.,Atlanta Braves,Milwaukee Brewers,0,Jacob Misiorowski,694819,R,13,334,4.4,1.15,1.07,0.85,0.93,1.05,1.0,1.0,ROOF,0.03437,14.3,467,425,425,+599
2026-08-21,825045,682998,Corbin Carroll,Arizona Diamondbacks,Cincinnati Reds,1,Nick Lodolo,666157,L,18,538,4.3,1.06,0.96,1.03,1.07,1.01,1.0,1.0,,0.03516,14.3,551,500,500,+599
2026-08-21,822857,592626,Joc Pederson,Texas Rangers,Los Angeles Angels,1,Reid Detmers,672282,L,22,382,3.3,1.5,0.96,0.92,0.99,1.01,1.0,1.0,,0.04552,14.2,,,,+604
2026-08-21,824317,682657,Angel Martínez,Cleveland Guardians,Colorado Rockies,0,Tanner Gordon,685299,R,12,318,3.6,1.12,1.11,1.03,1.16,1.05,1.0,1.0,,0.04173,14.2,459,,425,+604
2026-08-21,824317,800050,Chase DeLauter,Cleveland Guardians,Colorado Rockies,0,Tanner Gordon,685299,R,13,453,4.2,0.97,1.1,1.09,1.16,1.05,1.0,1.0,,0.03587,14.2,388,350,370,+604
2026-08-21,823746,641343,Jake Bauers,Milwaukee Brewers,Atlanta Braves,1,Chris Sale,519242,L,22,461,4.0,1.35,1.01,1.01,0.86,1.05,1.0,1.0,ROOF,0.03721,14.1,720,550,625,+609
2026-08-21,824721,575929,Willson Contreras,Boston Red Sox,San Francisco Giants,1,Logan Webb,657277,R,25,479,4.1,1.44,1.08,1.08,0.86,0.96,1.0,1.0,,0.03626,14.1,551,525,500,+609
2026-08-21,824800,691723,Coby Mayo,Baltimore Orioles,Tampa Bay Rays,1,Freddy Peralta,642547,R,17,331,3.3,1.36,0.8,1.0,1.05,1.03,1.0,1.0,,0.04492,14.1,,,,+609
2026-08-21,824152,680869,Zack Gelof,Athletics,Houston Astros,0,Hayden Wesneski,669713,R,14,290,3.8,1.29,1.13,1.09,0.96,1.04,1.0,1.0,,0.03909,14.1,546,390,500,+609
2026-08-21,823101,664023,Ian Happ,Chicago Cubs,Seattle Mariners,0,Emerson Hancock,676106,R,20,523,4.2,1.16,1.09,1.1,1.01,0.99,1.0,1.0,,0.03545,14.1,488,425,500,+609
2026-08-21,823911,605141,Mookie Betts,Los Angeles Dodgers,Pittsburgh Pirates,1,Bubba Chandler,696149,R,16,382,4.2,1.21,1.12,1.14,0.87,1.1,1.0,1.0,,0.03516,14.0,488,400,500,+614
2026-08-21,823101,686527,Dominic Canzone,Seattle Mariners,Chicago Cubs,1,Matthew Boyd,571510,L,19,386,3.4,1.35,1.05,1.06,1.06,0.99,1.0,1.0,,0.04331,14.0,533,390,525,+614
2026-08-21,823746,694192,Jackson Chourio,Milwaukee Brewers,Atlanta Braves,1,Chris Sale,519242,L,17,424,4.5,1.19,1.06,0.95,0.86,1.05,1.0,1.0,ROOF,0.03282,13.9,465,425,500,+619
2026-08-21,823746,671739,Michael Harris II,Atlanta Braves,Milwaukee Brewers,0,Jacob Misiorowski,694819,R,20,487,4.0,1.22,1.07,1.11,0.93,1.05,1.0,1.0,ROOF,0.03646,13.8,506,475,500,+625
2026-08-21,823746,645277,Ozzie Albies,Atlanta Braves,Milwaukee Brewers,0,Jacob Misiorowski,694819,R,20,546,4.3,1.13,1.03,1.15,0.93,1.05,1.0,1.0,ROOF,0.03391,13.8,660,550,625,+625
2026-08-21,825045,553993,Eugenio Suárez,Cincinnati Reds,Arizona Diamondbacks,0,Eduardo Rodriguez,593958,L,18,384,4.0,1.3,1.04,1.14,0.91,1.01,1.0,1.0,,0.03655,13.8,510,425,475,+625
2026-08-21,823911,681624,Andy Pages,Los Angeles Dodgers,Pittsburgh Pirates,1,Bubba Chandler,696149,R,21,548,4.3,1.17,0.97,0.85,0.87,1.1,1.0,1.0,,0.0339,13.8,445,360,425,+625
2026-08-21,823101,668227,Randy Arozarena,Seattle Mariners,Chicago Cubs,1,Matthew Boyd,571510,L,17,516,4.3,1.05,0.98,0.92,1.06,0.99,1.0,1.0,,0.03382,13.8,431,310,400,+625
2026-08-21,823420,607208,Trea Turner,Philadelphia Phillies,St. Louis Cardinals,1,TBD,,,17,547,4.4,1.01,1.0,1.0,1.0,1.06,1.0,1.0,,0.03284,13.7,670,450,625,+630
2026-08-21,823510,665862,Jazz Chisholm Jr.,New York Yankees,Toronto Blue Jays,1,Mason Fluharty,689254,L,17,463,3.9,1.13,0.94,0.99,0.98,1.08,1.0,1.0,,0.03652,13.5,520,400,500,+641
2026-08-21,823262,701538,Jackson Merrill,San Diego Padres,Minnesota Twins,1,Connor Prielipp,687570,L,19,523,4.2,1.12,0.88,1.07,1.01,0.98,1.0,1.0,,0.03383,13.5,630,425,525,+641
2026-08-21,824800,650490,Yandy Díaz,Tampa Bay Rays,Baltimore Orioles,0,Trevor Rogers,669432,L,19,542,4.4,1.1,1.13,1.05,0.93,1.03,1.0,1.0,,0.03208,13.4,528,425,500,+646
2026-08-21,824317,608070,José Ramírez,Cleveland Guardians,Colorado Rockies,0,Tanner Gordon,685299,R,10,410,4.3,0.89,0.82,1.15,1.16,1.05,1.0,1.0,,0.03288,13.4,384,375,370,+646
2026-08-21,823101,663728,Cal Raleigh,Seattle Mariners,Chicago Cubs,1,Matthew Boyd,571510,L,13,392,4.2,1.05,1.05,0.97,1.06,0.99,1.0,1.0,,0.03377,13.4,324,350,320,+646
2026-08-21,824072,695506,Jac Caglianone,Kansas City Royals,Detroit Tigers,1,Troy Melton,675512,R,22,461,3.9,1.35,1.08,1.03,0.94,0.93,1.0,1.0,,0.03584,13.3,,390,,+652
2026-08-21,823262,664034,Ty France,San Diego Padres,Minnesota Twins,1,Connor Prielipp,687570,L,17,365,3.6,1.29,0.92,1.04,1.01,0.98,1.0,1.0,,0.03889,13.3,589,475,575,+652
2026-08-21,823420,669016,Brandon Marsh,Philadelphia Phillies,St. Louis Cardinals,1,TBD,,,17,481,3.9,1.1,1.0,1.0,1.0,1.06,1.0,1.0,,0.03561,13.2,680,450,575,+658
2026-08-21,823420,676475,Alec Burleson,St. Louis Cardinals,Philadelphia Phillies,0,Jesús Luzardo,666200,L,21,544,4.2,1.17,0.82,0.88,0.86,1.06,1.0,1.0,,0.03287,13.1,780,550,700,+663
2026-08-21,824721,642715,Willy Adames,San Francisco Giants,Boston Red Sox,0,Sonny Gray,543243,R,20,493,4.2,1.21,1.15,1.04,0.93,0.96,1.0,1.0,,0.03274,13.0,600,425,575,+669
2026-08-21,823830,681715,Heriberto Hernández,Miami Marlins,Washington Nationals,1,Brad Lord,695418,R,18,351,3.7,1.37,0.97,0.98,0.96,0.92,1.0,1.0,,0.03689,13.0,551,525,525,+669
2026-08-21,824317,683953,Travis Bazzana,Cleveland Guardians,Colorado Rockies,0,Tanner Gordon,685299,R,9,400,4.3,0.85,1.06,1.09,1.16,1.05,1.0,1.0,,0.03161,12.9,496,475,500,+675
2026-08-21,824721,677800,Wilyer Abreu,Boston Red Sox,San Francisco Giants,1,Logan Webb,657277,R,22,540,4.4,1.22,1.12,0.88,0.86,0.96,1.0,1.0,,0.03067,12.8,500,500,500,+681
2026-08-21,823262,686797,Brooks Lee,Minnesota Twins,San Diego Padres,0,TBD,,,18,489,4.0,1.13,1.0,1.0,1.0,0.98,1.0,1.0,,0.03368,12.8,690,550,625,+681
2026-08-21,823262,680777,Ryan Jeffers,Minnesota Twins,San Diego Padres,0,TBD,,,10,260,4.0,1.12,1.0,1.0,1.0,0.98,1.0,1.0,,0.03345,12.7,477,425,475,+687
2026-08-21,823830,665052,Griffin Conine,Miami Marlins,Washington Nationals,1,Brad Lord,695418,R,14,198,3.2,1.53,1.2,1.01,0.96,0.92,1.0,1.0,,0.04111,12.6,409,425,400,+694
2026-08-21,824559,682626,Francisco Alvarez,New York Mets,Chicago White Sox,0,Sean Burke,680732,R,13,330,3.7,1.16,1.14,0.94,0.97,1.05,1.0,1.0,,0.03583,12.6,412,475,400,+694
2026-08-21,824559,545341,Randal Grichuk,Chicago White Sox,New York Mets,1,Sean Manaea,640455,L,10,201,3.2,1.26,1.18,1.05,1.03,1.05,1.0,1.0,,0.04135,12.6,354,375,350,+694
2026-08-21,823101,608324,Alex Bregman,Chicago Cubs,Seattle Mariners,0,Emerson Hancock,676106,R,16,571,4.6,0.95,1.03,1.03,1.01,0.99,1.0,1.0,,0.0289,12.6,650,400,575,+694
2026-08-21,823510,642708,Amed Rosario,New York Yankees,Toronto Blue Jays,1,Mason Fluharty,689254,L,10,201,3.2,1.26,1.0,1.15,0.98,1.08,1.0,1.0,,0.04071,12.5,,,525,+700
2026-08-21,824721,805811,Bryce Eldridge,San Francisco Giants,Boston Red Sox,0,Sonny Gray,543243,R,14,343,4.1,1.18,1.06,0.96,0.93,0.96,1.0,1.0,,0.03206,12.5,640,575,575,+700
2026-08-21,823262,605137,Josh Bell,Minnesota Twins,San Diego Padres,0,TBD,,,17,499,4.1,1.08,1.0,1.0,1.0,0.98,1.0,1.0,,0.03203,12.5,511,450,475,+700
2026-08-21,823262,668904,Royce Lewis,Minnesota Twins,San Diego Padres,0,TBD,,,13,381,4.1,1.07,1.0,1.0,1.0,0.98,1.0,1.0,,0.03183,12.4,421,450,400,+706
2026-08-21,823420,656537,Derek Hill,Philadelphia Phillies,St. Louis Cardinals,1,TBD,,,9,181,3.2,1.24,1.0,1.0,1.0,1.06,1.0,1.0,,0.04011,12.3,,,,+713
2026-08-21,824559,543760,Marcus Semien,New York Mets,Chicago White Sox,0,Sean Burke,680732,R,14,420,3.9,1.06,1.06,1.12,0.97,1.05,1.0,1.0,,0.03276,12.2,640,525,575,+720
2026-08-21,824152,670623,Isaac Paredes,Houston Astros,Athletics,1,J.T. Ginn,669372,R,16,513,4.2,1.02,1.13,0.99,0.95,1.04,1.0,1.0,,0.0306,12.2,569,425,525,+720
2026-08-21,824800,689414,Liam Hicks,Tampa Bay Rays,Baltimore Orioles,0,Trevor Rogers,669432,L,16,460,4.0,1.09,0.83,0.93,0.93,1.03,1.0,1.0,,0.03175,12.1,1100,,950,+726
2026-08-21,824317,681807,David Fry,Cleveland Guardians,Colorado Rockies,0,Tanner Gordon,685299,R,6,168,3.2,1.06,1.01,0.99,1.16,1.05,1.0,1.0,,0.03945,12.1,,,,+726
2026-08-21,823911,668804,Bryan Reynolds,Pittsburgh Pirates,Los Angeles Dodgers,0,Yoshinobu Yamamoto,808967,R,15,560,4.3,0.92,0.92,1.04,0.96,1.1,1.0,1.0,,0.02961,12.1,610,575,625,+726
2026-08-21,823101,621438,Tyrone Taylor,Chicago Cubs,Seattle Mariners,0,Emerson Hancock,676106,R,10,185,3.2,1.3,1.07,1.02,1.01,0.99,1.0,1.0,,0.0395,12.1,,,,+726
2026-08-21,823746,668930,Brice Turang,Milwaukee Brewers,Atlanta Braves,1,Chris Sale,519242,L,16,537,4.6,0.99,0.8,0.88,0.86,1.05,1.0,1.0,ROOF,0.0273,12.0,1180,800,950,+733
2026-08-21,823420,664761,Alec Bohm,Philadelphia Phillies,St. Louis Cardinals,1,TBD,,,14,500,4.1,0.95,1.0,1.0,1.0,1.06,1.0,1.0,,0.03077,12.0,840,550,700,+733
2026-08-21,824559,701807,Carson Benge,New York Mets,Chicago White Sox,0,Sean Burke,680732,R,15,503,4.1,0.99,0.99,0.98,0.97,1.05,1.0,1.0,,0.03065,12.0,540,525,525,+733
2026-08-21,824559,673357,Luis Robert Jr.,New York Mets,Chicago White Sox,0,Sean Burke,680732,R,7,183,3.7,1.1,0.91,1.03,0.97,1.05,1.0,1.0,,0.03405,12.0,513,425,475,+733
2026-08-21,824152,514888,Jose Altuve,Houston Astros,Athletics,1,J.T. Ginn,669372,R,13,432,4.2,0.99,1.05,0.91,0.95,1.04,1.0,1.0,,0.02992,12.0,970,525,700,+733
2026-08-21,824317,650489,Willi Castro,Colorado Rockies,Cleveland Guardians,1,Joey Cantillo,676282,L,14,430,3.9,1.04,0.95,1.07,0.97,1.05,1.0,1.0,,0.0322,12.0,599,500,575,+733
2026-08-21,823101,683737,Michael Busch,Chicago Cubs,Seattle Mariners,0,Emerson Hancock,676106,R,15,564,4.5,0.92,0.94,1.14,1.01,0.99,1.0,1.0,,0.02797,12.0,449,375,500,+733
2026-08-21,824559,691011,Drew Romo,Chicago White Sox,New York Mets,1,Sean Manaea,640455,L,7,178,3.4,1.11,0.98,1.07,1.03,1.05,1.0,1.0,,0.03654,11.9,,,,+740
2026-08-21,824152,641680,Jonah Heim,Athletics,Houston Astros,0,Hayden Wesneski,669713,R,11,294,3.7,1.11,0.8,0.96,0.96,1.04,1.0,1.0,,0.03379,11.9,700,550,625,+740
2026-08-21,823911,687462,Spencer Horwitz,Pittsburgh Pirates,Los Angeles Dodgers,0,Yoshinobu Yamamoto,808967,R,10,348,4.0,0.97,1.03,1.04,0.96,1.1,1.0,1.0,,0.03115,11.9,860,500,700,+740
2026-08-21,823101,702284,Cole Young,Seattle Mariners,Chicago Cubs,1,Matthew Boyd,571510,L,15,514,4.0,0.97,0.86,1.07,1.06,0.99,1.0,1.0,,0.03131,11.9,1000,650,850,+740
2026-08-21,823510,543807,George Springer,Toronto Blue Jays,New York Yankees,0,Cam Schlittler,693645,R,12,409,4.2,0.98,1.08,1.15,0.91,1.08,1.0,1.0,,0.02953,11.8,610,525,625,+747
2026-08-21,824072,677951,Bobby Witt Jr.,Kansas City Royals,Detroit Tigers,1,Troy Melton,675512,R,16,486,4.4,1.05,1.03,1.03,0.94,0.93,1.0,1.0,,0.02801,11.8,457,475,425,+747
2026-08-21,824152,701358,Cam Smith,Houston Astros,Athletics,1,J.T. Ginn,669372,R,17,456,3.6,1.14,0.97,0.94,0.95,1.04,1.0,1.0,,0.03421,11.8,720,550,625,+747
2026-08-21,823510,672386,Alejandro Kirk,Toronto Blue Jays,New York Yankees,0,Cam Schlittler,693645,R,7,207,3.9,1.05,1.11,0.85,0.91,1.08,1.0,1.0,,0.03152,11.7,670,525,625,+755
2026-08-21,824072,679529,Spencer Torkelson,Detroit Tigers,Kansas City Royals,0,Noah Cameron,702070,L,20,496,3.9,1.2,0.87,0.96,0.93,0.93,1.0,1.0,,0.03148,11.7,443,390,425,+755
2026-08-21,825045,672515,Gabriel Moreno,Arizona Diamondbacks,Cincinnati Reds,1,Nick Lodolo,666157,L,10,413,4.2,0.88,1.08,1.04,1.07,1.01,1.0,1.0,,0.02913,11.7,900,725,850,+755
2026-08-21,823262,665487,Fernando Tatis Jr.,San Diego Padres,Minnesota Twins,1,Connor Prielipp,687570,L,15,555,4.4,0.93,1.2,1.11,1.01,0.98,1.0,1.0,,0.02793,11.7,413,400,390,+755
2026-08-21,823420,802139,JJ Wetherholt,St. Louis Cardinals,Philadelphia Phillies,0,Jesús Luzardo,666200,L,16,557,4.5,0.96,0.95,1.07,0.86,1.06,1.0,1.0,,0.027,11.6,1020,500,750,+762
2026-08-21,824800,668723,Ryan Vilade,Tampa Bay Rays,Baltimore Orioles,0,Trevor Rogers,669432,L,11,212,3.2,1.29,1.12,0.98,0.93,1.03,1.0,1.0,,0.03775,11.6,620,600,625,+762
2026-08-21,823262,657757,Gavin Sheets,San Diego Padres,Minnesota Twins,1,Connor Prielipp,687570,L,16,399,3.4,1.18,0.81,1.0,1.01,0.98,1.0,1.0,,0.03558,11.6,,,,+762
2026-08-21,823510,671218,Heliot Ramos,New York Yankees,Toronto Blue Jays,1,Mason Fluharty,689254,L,9,360,4.1,0.9,0.98,0.85,0.98,1.08,1.0,1.0,,0.02929,11.5,555,400,500,+770
2026-08-21,824800,666018,Jonathan Aranda,Tampa Bay Rays,Baltimore Orioles,0,Trevor Rogers,669432,L,15,544,4.4,0.94,0.8,0.95,0.93,1.03,1.0,1.0,,0.02746,11.5,532,600,525,+770
2026-08-21,824800,641933,Tyler O'Neill,Baltimore Orioles,Tampa Bay Rays,1,Freddy Peralta,642547,R,10,252,3.2,1.14,0.83,1.04,1.05,1.03,1.0,1.0,,0.03758,11.5,,,,+770
2026-08-21,824559,643217,Andrew Benintendi,Chicago White Sox,New York Mets,1,Sean Manaea,640455,L,13,381,3.4,1.07,0.87,1.09,1.03,1.05,1.0,1.0,,0.03519,11.5,,,,+770
2026-08-21,824317,664983,Jake McCarthy,Colorado Rockies,Cleveland Guardians,1,Joey Cantillo,676282,L,13,439,3.9,0.98,1.05,0.9,0.97,1.05,1.0,1.0,,0.03043,11.4,880,525,700,+777
2026-08-21,823911,518692,Freddie Freeman,Los Angeles Dodgers,Pittsburgh Pirates,1,Bubba Chandler,696149,R,15,532,4.3,0.95,1.03,0.96,0.87,1.1,1.0,1.0,,0.02767,11.4,450,400,425,+777
2026-08-21,823746,663586,Austin Riley,Atlanta Braves,Milwaukee Brewers,0,Jacob Misiorowski,694819,R,15,508,4.0,0.98,1.13,0.96,0.93,1.05,1.0,1.0,ROOF,0.02941,11.3,600,600,575,+785
2026-08-21,823510,676609,José Caballero,New York Yankees,Toronto Blue Jays,1,Mason Fluharty,689254,L,12,366,3.5,1.04,1.01,0.85,0.98,1.08,1.0,1.0,,0.03383,11.3,960,725,750,+785
2026-08-21,823830,665953,Andrés Chaparro,Washington Nationals,Miami Marlins,0,Ryan Gusto,687473,R,8,140,3.2,1.28,1.14,1.07,1.03,0.92,1.0,1.0,,0.03675,11.3,514,,500,+785
2026-08-21,823830,691781,Brady House,Washington Nationals,Miami Marlins,0,Ryan Gusto,687473,R,9,252,3.8,1.08,0.96,1.03,1.03,0.92,1.0,1.0,,0.03101,11.3,690,825,700,+785
2026-08-21,823830,686611,Dylan Crews,Washington Nationals,Miami Marlins,0,Ryan Gusto,687473,R,10,310,4.0,1.03,0.91,1.02,1.03,0.92,1.0,1.0,,0.02961,11.3,710,725,700,+785
2026-08-21,824559,805367,Chase Meidroth,Chicago White Sox,New York Mets,1,Sean Manaea,640455,L,12,513,4.2,0.85,1.01,1.01,1.03,1.05,1.0,1.0,,0.02815,11.3,1080,650,850,+785
2026-08-21,822857,679822,Justin Foscue,Texas Rangers,Los Angeles Angels,1,Reid Detmers,672282,L,8,170,3.2,1.2,1.15,0.99,0.99,1.01,1.0,1.0,,0.03633,11.2,650,550,625,+793
2026-08-21,823101,624424,Michael Conforto,Chicago Cubs,Seattle Mariners,0,Emerson Hancock,676106,R,10,225,3.2,1.2,1.01,1.0,1.01,0.99,1.0,1.0,,0.03649,11.2,544,500,525,+793
2026-08-21,824800,681297,Colton Cowser,Baltimore Orioles,Tampa Bay Rays,1,Freddy Peralta,642547,R,11,304,3.2,1.1,1.07,0.87,1.05,1.03,1.0,1.0,,0.03614,11.1,565,475,525,+801
2026-08-21,824072,521692,Salvador Perez,Kansas City Royals,Detroit Tigers,1,Troy Melton,675512,R,16,497,4.2,1.04,1.04,0.89,0.94,0.93,1.0,1.0,,0.02762,11.1,480,500,500,+801
2026-08-21,824317,677587,Brayan Rocchio,Cleveland Guardians,Colorado Rockies,0,Tanner Gordon,685299,R,10,482,3.9,0.8,0.93,1.07,1.16,1.05,1.0,1.0,,0.02986,11.1,850,650,750,+801
2026-08-21,823101,680977,Brendan Donovan,Seattle Mariners,Chicago Cubs,1,Matthew Boyd,571510,L,3,154,4.1,0.88,0.86,1.15,1.06,0.99,1.0,1.0,,0.0282,11.1,1180,750,850,+801
2026-08-21,824152,673237,Yainer Diaz,Houston Astros,Athletics,1,J.T. Ginn,669372,R,8,248,3.7,1.03,1.16,1.03,0.95,1.04,1.0,1.0,,0.03093,11.0,760,600,700,+809
2026-08-21,822857,642350,Jose Siri,Los Angeles Angels,Texas Rangers,0,MacKenzie Gore,669022,L,7,156,3.2,1.16,1.17,1.05,1.0,1.01,1.0,1.0,,0.03559,11.0,591,450,525,+809
2026-08-21,824072,695600,Carter Jensen,Kansas City Royals,Detroit Tigers,1,Troy Melton,675512,R,16,472,4.0,1.07,1.14,1.13,0.94,0.93,1.0,1.0,,0.02852,10.9,526,450,500,+817
2026-08-21,822857,607043,Brandon Nimmo,Texas Rangers,Los Angeles Angels,1,Reid Detmers,672282,L,13,514,4.2,0.89,1.09,1.12,0.99,1.01,1.0,1.0,,0.02711,10.9,536,575,500,+817
2026-08-21,824721,680776,Jarren Duran,Boston Red Sox,San Francisco Giants,1,Logan Webb,657277,R,17,504,4.2,1.07,1.17,1.03,0.86,0.96,1.0,1.0,,0.0269,10.8,900,900,850,+826
2026-08-21,823830,695734,Daylen Lile,Washington Nationals,Miami Marlins,0,Ryan Gusto,687473,R,15,525,4.1,0.96,1.15,1.02,1.03,0.92,1.0,1.0,,0.02762,10.8,551,550,500,+826
2026-08-21,824317,681198,TJ Rumfield,Colorado Rockies,Cleveland Guardians,1,Joey Cantillo,676282,L,13,497,4.0,0.91,0.83,1.01,0.97,1.05,1.0,1.0,,0.02822,10.8,830,525,700,+826
2026-08-21,824800,656775,Cedric Mullins,Tampa Bay Rays,Baltimore Orioles,0,Trevor Rogers,669432,L,13,421,3.8,1.01,0.8,1.01,0.93,1.03,1.0,1.0,,0.02947,10.7,,,,+835
2026-08-21,822857,677649,Ezequiel Duran,Texas Rangers,Los Angeles Angels,1,Reid Detmers,672282,L,13,455,3.8,0.96,0.89,1.04,0.99,1.01,1.0,1.0,,0.02922,10.7,800,675,700,+835
2026-08-21,823510,682987,Spencer Jones,New York Yankees,Toronto Blue Jays,1,Mason Fluharty,689254,L,6,167,3.2,1.07,1.1,1.01,0.98,1.08,1.0,1.0,,0.03453,10.6,860,525,700,+843
2026-08-21,822857,666139,Josh Lowe,Los Angeles Angels,Texas Rangers,0,MacKenzie Gore,669022,L,10,257,3.2,1.13,0.89,1.01,1.0,1.01,1.0,1.0,,0.03456,10.6,850,,850,+843
2026-08-21,823911,606192,Teoscar Hernández,Los Angeles Dodgers,Pittsburgh Pirates,1,Bubba Chandler,696149,R,11,358,3.8,1.01,0.95,1.09,0.87,1.1,1.0,1.0,,0.02919,10.6,454,425,425,+843
2026-08-21,823420,671056,Iván Herrera,St. Louis Cardinals,Philadelphia Phillies,0,Jesús Luzardo,666200,L,14,573,4.5,0.87,1.02,0.93,0.86,1.06,1.0,1.0,,0.02439,10.5,720,475,625,+852
2026-08-21,823830,691788,Joe Mack,Miami Marlins,Washington Nationals,1,Brad Lord,695418,R,12,247,3.2,1.27,1.17,1.09,0.96,0.92,1.0,1.0,,0.03419,10.5,680,725,700,+852
2026-08-21,824559,666182,Bo Bichette,New York Mets,Chicago White Sox,0,Sean Burke,680732,R,12,548,4.3,0.82,0.83,1.04,0.97,1.05,1.0,1.0,,0.02541,10.5,650,550,625,+852
2026-08-21,823510,641857,Ryan McMahon,New York Yankees,Toronto Blue Jays,1,Mason Fluharty,689254,L,10,306,3.2,1.04,0.83,0.9,0.98,1.08,1.0,1.0,,0.03366,10.4,,,,+862
2026-08-21,824072,650402,Gleyber Torres,Detroit Tigers,Kansas City Royals,0,Noah Cameron,702070,L,8,312,4.5,0.92,0.96,0.88,0.93,0.93,1.0,1.0,,0.02407,10.4,750,500,625,+862
2026-08-21,822857,694203,Denzer Guzman,Los Angeles Angels,Texas Rangers,0,MacKenzie Gore,669022,L,6,195,3.5,1.0,1.2,1.02,1.0,1.01,1.0,1.0,,0.03076,10.4,,,,+862
2026-08-21,824317,664954,Brett Sullivan,Colorado Rockies,Cleveland Guardians,1,Joey Cantillo,676282,L,7,184,3.2,1.1,0.87,0.93,0.97,1.05,1.0,1.0,,0.03386,10.4,,,,+862
2026-08-21,825045,543510,James McCann,Arizona Diamondbacks,Cincinnati Reds,1,Nick Lodolo,666157,L,4,123,3.2,1.02,0.86,1.02,1.07,1.01,1.0,1.0,,0.03369,10.4,,,,+862
2026-08-21,823911,694378,Jacob Gonzalez,Pittsburgh Pirates,Los Angeles Dodgers,0,Yoshinobu Yamamoto,808967,R,6,175,3.2,1.05,1.09,1.01,0.96,1.1,1.0,1.0,,0.0336,10.4,830,550,700,+862
2026-08-21,824721,678882,Ceddanne Rafaela,Boston Red Sox,San Francisco Giants,1,Logan Webb,657277,R,16,513,4.2,1.02,0.97,0.95,0.86,0.96,1.0,1.0,,0.02558,10.3,1040,800,950,+871
2026-08-21,825045,663886,Tyler Stephenson,Cincinnati Reds,Arizona Diamondbacks,0,Eduardo Rodriguez,593958,L,12,356,3.6,1.06,0.8,0.88,0.91,1.01,1.0,1.0,,0.02967,10.3,600,575,575,+871
2026-08-21,825045,694374,Tim Tawa,Arizona Diamondbacks,Cincinnati Reds,1,Nick Lodolo,666157,L,7,225,3.2,1.01,0.84,1.07,1.07,1.01,1.0,1.0,,0.03335,10.3,740,600,700,+871
2026-08-21,823101,647304,Josh Naylor,Seattle Mariners,Chicago Cubs,1,Matthew Boyd,571510,L,10,510,4.3,0.78,0.93,1.0,1.06,0.99,1.0,1.0,,0.02494,10.3,920,550,750,+871
2026-08-21,823101,642215,Weston Wilson,Seattle Mariners,Chicago Cubs,1,Matthew Boyd,571510,L,4,117,3.2,1.04,1.06,1.11,1.06,0.99,1.0,1.0,,0.03324,10.3,,,,+871
2026-08-21,823746,596142,Gary Sánchez,Milwaukee Brewers,Atlanta Braves,1,Chris Sale,519242,L,10,224,3.2,1.2,1.03,1.01,0.86,1.05,1.0,1.0,ROOF,0.0332,10.2,570,400,525,+880
2026-08-21,823830,683357,Owen Caissie,Miami Marlins,Washington Nationals,1,Brad Lord,695418,R,13,290,3.2,1.23,1.17,0.95,0.96,0.92,1.0,1.0,,0.0332,10.2,508,650,525,+880
2026-08-21,824559,695731,Braden Montgomery,Chicago White Sox,New York Mets,1,Sean Manaea,640455,L,4,247,4.1,0.79,0.92,1.11,1.03,1.05,1.0,1.0,,0.02598,10.2,810,600,700,+880
2026-08-21,824152,805779,Jacob Wilson,Athletics,Houston Astros,0,Hayden Wesneski,669713,R,7,337,4.2,0.83,0.95,1.08,0.96,1.04,1.0,1.0,,0.02524,10.2,,,,+880
2026-08-21,823746,592885,Christian Yelich,Milwaukee Brewers,Atlanta Braves,1,Chris Sale,519242,L,9,389,4.4,0.87,0.94,0.98,0.86,1.05,1.0,1.0,ROOF,0.02393,10.1,,,,+890
2026-08-21,823420,592663,J.T. Realmuto,Philadelphia Phillies,St. Louis Cardinals,1,TBD,,,8,357,3.8,0.86,1.0,1.0,1.0,1.06,1.0,1.0,,0.02774,10.1,810,575,700,+890
2026-08-21,824152,695720,Tommy White,Athletics,Houston Astros,0,Hayden Wesneski,669713,R,2,113,3.9,0.89,1.03,1.0,0.96,1.04,1.0,1.0,,0.02685,10.1,970,800,850,+890
2026-08-21,824317,595978,Austin Hedges,Cleveland Guardians,Colorado Rockies,0,Tanner Gordon,685299,R,4,191,3.2,0.88,1.04,0.91,1.16,1.05,1.0,1.0,,0.03263,10.1,,,,+890
2026-08-21,824317,694249,Cole Carrigg,Colorado Rockies,Cleveland Guardians,1,Joey Cantillo,676282,L,5,232,3.9,0.87,0.94,1.01,0.97,1.05,1.0,1.0,,0.02698,10.1,760,450,625,+890
2026-08-21,825045,680574,Matt McLain,Cincinnati Reds,Arizona Diamondbacks,0,Eduardo Rodriguez,593958,L,12,385,3.7,1.01,1.1,0.95,0.91,1.01,1.0,1.0,,0.02842,10.1,850,725,750,+890
2026-08-21,824317,672275,Patrick Bailey,Cleveland Guardians,Colorado Rockies,0,Tanner Gordon,685299,R,6,269,3.2,0.87,0.93,1.13,1.16,1.05,1.0,1.0,,0.03245,10.0,563,600,525,+900
2026-08-21,823911,680779,Henry Davis,Pittsburgh Pirates,Los Angeles Dodgers,0,Yoshinobu Yamamoto,808967,R,8,256,3.2,1.01,1.03,1.07,0.96,1.1,1.0,1.0,,0.03251,10.0,565,600,500,+900
2026-08-21,823420,677592,Everson Pereira,St. Louis Cardinals,Philadelphia Phillies,0,Jesús Luzardo,666200,L,5,106,3.2,1.14,1.05,1.06,0.86,1.06,1.0,1.0,,0.03203,9.9,940,,850,+910
2026-08-21,823510,678218,Brandon Valenzuela,Toronto Blue Jays,New York Yankees,0,Cam Schlittler,693645,R,8,231,3.2,1.06,1.05,0.85,0.91,1.08,1.0,1.0,,0.03196,9.9,,,,+910
2026-08-21,824559,805999,A.J. Ewing,New York Mets,Chicago White Sox,0,Sean Burke,680732,R,7,358,4.1,0.81,0.9,1.0,0.97,1.05,1.0,1.0,,0.025,9.9,680,600,625,+910
2026-08-21,825045,663457,Lars Nootbaar,Arizona Diamondbacks,Cincinnati Reds,1,Nick Lodolo,666157,L,4,228,3.8,0.82,1.0,1.05,1.07,1.01,1.0,1.0,,0.02699,9.9,,,,+910
2026-08-21,823746,661388,William Contreras,Milwaukee Brewers,Atlanta Braves,1,Chris Sale,519242,L,12,509,4.3,0.86,0.96,0.86,0.86,1.05,1.0,1.0,ROOF,0.02375,9.8,670,475,700,+920
2026-08-21,824721,668939,Adley Rutschman,Boston Red Sox,San Francisco Giants,1,Logan Webb,657277,R,9,317,4.2,0.97,0.99,0.96,0.86,0.96,1.0,1.0,,0.02431,9.8,950,900,950,+920
2026-08-21,824800,702616,Jackson Holliday,Baltimore Orioles,Tampa Bay Rays,1,Freddy Peralta,642547,R,6,263,3.5,0.88,0.98,1.04,1.05,1.03,1.0,1.0,,0.02914,9.8,600,525,575,+920
2026-08-21,824559,676724,Jared Young,New York Mets,Chicago White Sox,0,Sean Burke,680732,R,8,252,3.2,1.02,1.09,1.0,0.97,1.05,1.0,1.0,,0.03164,9.8,588,475,525,+920
2026-08-21,824559,803011,Sam Antonacci,Chicago White Sox,New York Mets,1,Sean Manaea,640455,L,8,429,4.0,0.77,0.8,1.15,1.03,1.05,1.0,1.0,,0.02544,9.8,,,,+920
2026-08-21,824152,691777,Max Muncy,Athletics,Houston Astros,0,Hayden Wesneski,669713,R,6,219,3.5,0.96,1.1,1.09,0.96,1.04,1.0,1.0,,0.02906,9.8,,,,+920
2026-08-21,825045,672695,Geraldo Perdomo,Arizona Diamondbacks,Cincinnati Reds,1,Nick Lodolo,666157,L,9,533,4.3,0.72,0.8,0.99,1.07,1.01,1.0,1.0,,0.02363,9.8,1040,1050,950,+920
2026-08-21,823262,593428,Xander Bogaerts,San Diego Padres,Minnesota Twins,1,Connor Prielipp,687570,L,11,481,4.0,0.85,0.8,0.87,1.01,0.98,1.0,1.0,,0.0255,9.8,,750,,+920
2026-08-21,823746,657041,Lane Thomas,Atlanta Braves,Milwaukee Brewers,0,Jacob Misiorowski,694819,R,11,352,3.3,1.02,0.99,1.05,0.93,1.05,1.0,1.0,ROOF,0.0304,9.7,,,,+931
2026-08-21,824152,666211,Taylor Trammell,Houston Astros,Athletics,1,J.T. Ginn,669372,R,7,209,3.2,1.04,1.09,1.02,0.95,1.04,1.0,1.0,,0.03136,9.7,,525,525,+931
2026-08-21,822857,687093,Vaughn Grissom,Los Angeles Angels,Texas Rangers,0,MacKenzie Gore,669022,L,7,329,3.9,0.84,0.8,1.12,1.0,1.01,1.0,1.0,,0.0258,9.7,950,800,850,+931
2026-08-21,823262,669134,Luis Campusano,San Diego Padres,Minnesota Twins,1,Connor Prielipp,687570,L,5,157,3.3,1.02,1.0,1.07,1.01,0.98,1.0,1.0,,0.03059,9.7,610,550,575,+931
2026-08-21,823510,669224,Austin Wells,New York Yankees,Toronto Blue Jays,1,Mason Fluharty,689254,L,8,291,3.2,0.95,0.97,1.15,0.98,1.08,1.0,1.0,,0.0309,9.6,610,550,575,+942
2026-08-21,824559,620443,Luis Torrens,New York Mets,Chicago White Sox,0,Sean Burke,680732,R,7,231,3.2,1.0,0.87,1.06,0.97,1.05,1.0,1.0,,0.03097,9.6,,,,+942
2026-08-21,824072,805808,Kevin McGonigle,Detroit Tigers,Kansas City Royals,0,Noah Cameron,702070,L,13,555,4.5,0.85,0.91,0.96,0.93,0.93,1.0,1.0,,0.02226,9.6,640,700,625,+942
2026-08-21,824317,690984,Petey Halpin,Cleveland Guardians,Colorado Rockies,0,Tanner Gordon,685299,R,2,139,3.2,0.83,0.92,1.15,1.16,1.05,1.0,1.0,,0.03093,9.6,,600,,+942
2026-08-21,825045,545121,Ildemaro Vargas,Arizona Diamondbacks,Cincinnati Reds,1,Nick Lodolo,666157,L,9,391,3.5,0.86,1.2,1.0,1.07,1.01,1.0,1.0,,0.02849,9.6,930,550,750,+942
2026-08-21,825045,596146,Max Kepler,Arizona Diamondbacks,Cincinnati Reds,1,Nick Lodolo,666157,L,2,124,3.5,0.86,0.96,1.03,1.07,1.01,1.0,1.0,,0.02848,9.6,,,,+942
2026-08-21,823262,663616,Trevor Larnach,Minnesota Twins,San Diego Padres,0,TBD,,,10,377,3.6,0.93,1.0,1.0,1.0,0.98,1.0,1.0,,0.02767,9.6,760,600,700,+942
2026-08-21,823911,663656,Kyle Tucker,Los Angeles Dodgers,Pittsburgh Pirates,1,Bubba Chandler,696149,R,11,493,4.1,0.83,1.02,1.03,0.87,1.1,1.0,1.0,,0.02422,9.6,499,475,500,+942
2026-08-21,824800,622761,Jorge Mateo,Tampa Bay Rays,Baltimore Orioles,0,Trevor Rogers,669432,L,5,146,3.2,1.04,1.02,1.04,0.93,1.03,1.0,1.0,,0.03041,9.4,597,725,625,+964
2026-08-21,822857,553869,Elias Díaz,Texas Rangers,Los Angeles Angels,1,Reid Detmers,672282,L,5,166,3.2,1.0,1.17,1.05,0.99,1.01,1.0,1.0,,0.03022,9.4,760,,700,+964
2026-08-21,823420,681082,Bryson Stott,Philadelphia Phillies,St. Louis Cardinals,1,TBD,,,9,481,3.9,0.76,1.0,1.0,1.0,1.06,1.0,1.0,,0.0247,9.3,660,600,625,+975
2026-08-21,824559,668670,Jake Rogers,Chicago White Sox,New York Mets,1,Sean Manaea,640455,L,3,137,3.2,0.91,1.02,1.07,1.03,1.05,1.0,1.0,,0.03005,9.3,547,500,525,+975
2026-08-21,824152,671732,Lawrence Butler,Athletics,Houston Astros,0,Hayden Wesneski,669713,R,11,392,3.3,0.96,0.98,1.09,0.96,1.04,1.0,1.0,,0.029,9.3,571,425,500,+975
2026-08-21,823746,643289,Mauricio Dubón,Atlanta Braves,Milwaukee Brewers,0,Jacob Misiorowski,694819,R,10,488,4.0,0.8,0.9,0.93,0.93,1.05,1.0,1.0,ROOF,0.0239,9.2,1220,1000,1100,+987
2026-08-21,823420,624641,Edmundo Sosa,Philadelphia Phillies,St. Louis Cardinals,1,TBD,,,5,205,3.2,0.92,1.0,1.0,1.0,1.06,1.0,1.0,,0.02977,9.2,,,,+987
2026-08-21,823510,660821,Jesús Sánchez,Toronto Blue Jays,New York Yankees,0,Cam Schlittler,693645,R,8,273,3.2,0.98,1.05,1.15,0.91,1.08,1.0,1.0,,0.02962,9.2,610,650,625,+987
2026-08-21,824800,676356,Jonny DeLuca,Tampa Bay Rays,Baltimore Orioles,0,Trevor Rogers,669432,L,8,256,3.2,1.01,0.9,0.95,0.93,1.03,1.0,1.0,,0.02958,9.2,850,600,750,+987
2026-08-21,824152,543877,Christian Vázquez,Houston Astros,Athletics,1,J.T. Ginn,669372,R,7,237,3.2,0.99,1.04,0.94,0.95,1.04,1.0,1.0,,0.02972,9.2,,,,+987
2026-08-21,825045,624431,Jose Trevino,Cincinnati Reds,Arizona Diamondbacks,0,Eduardo Rodriguez,593958,L,4,105,3.2,1.07,0.94,1.09,0.91,1.01,1.0,1.0,,0.02986,9.2,,,,+987
2026-08-21,824800,687637,Dylan Beavers,Baltimore Orioles,Tampa Bay Rays,1,Freddy Peralta,642547,R,5,240,3.3,0.86,0.97,1.08,1.05,1.03,1.0,1.0,,0.02837,9.1,640,650,625,+999
2026-08-21,822857,643376,Danny Jansen,Texas Rangers,Los Angeles Angels,1,Reid Detmers,672282,L,3,150,3.5,0.89,0.99,1.07,0.99,1.01,1.0,1.0,,0.02686,9.1,,500,,+999
2026-08-21,823911,669242,Tommy Edman,Los Angeles Dodgers,Pittsburgh Pirates,1,Bubba Chandler,696149,R,4,190,3.7,0.88,0.8,1.01,0.87,1.1,1.0,1.0,,0.02555,9.1,690,550,625,+999
2026-08-21,823746,642086,Dominic Smith,Atlanta Braves,Milwaukee Brewers,0,Jacob Misiorowski,694819,R,8,282,3.2,0.97,1.05,1.1,0.93,1.05,1.0,1.0,ROOF,0.02898,9.0,1060,700,950,+1011
2026-08-21,824072,686469,Vinnie Pasquantino,Kansas City Royals,Detroit Tigers,1,Troy Melton,675512,R,7,353,4.3,0.81,0.98,1.02,0.94,0.93,1.0,1.0,,0.02163,9.0,520,475,525,+1011
2026-08-21,823746,573262,Mike Yastrzemski,Atlanta Braves,Milwaukee Brewers,0,Jacob Misiorowski,694819,R,9,320,3.2,0.96,1.04,1.02,0.93,1.05,1.0,1.0,ROOF,0.02879,8.9,870,,850,+1024
2026-08-21,824317,678662,Ezequiel Tovar,Colorado Rockies,Cleveland Guardians,1,Joey Cantillo,676282,L,9,422,3.6,0.83,0.9,1.15,0.97,1.05,1.0,1.0,,0.02551,8.9,750,575,700,+1024
2026-08-21,823262,605170,Victor Caratini,Minnesota Twins,San Diego Padres,0,TBD,,,7,335,3.7,0.84,1.0,1.0,1.0,0.98,1.0,1.0,,0.02487,8.9,,,,+1024
2026-08-21,823420,663494,Bryan Torres,St. Louis Cardinals,Philadelphia Phillies,0,Jesús Luzardo,666200,L,4,127,3.2,1.01,0.93,1.03,0.86,1.06,1.0,1.0,,0.0283,8.8,,,,+1036
2026-08-21,823830,660688,Keibert Ruiz,Washington Nationals,Miami Marlins,0,Ryan Gusto,687473,R,7,287,3.5,0.9,0.89,1.03,1.03,0.92,1.0,1.0,,0.02594,8.8,,800,,+1036
2026-08-21,822857,694208,Moisés Ballesteros,Los Angeles Angels,Texas Rangers,0,MacKenzie Gore,669022,L,6,236,3.2,0.93,0.92,1.02,1.0,1.01,1.0,1.0,,0.0284,8.8,850,775,750,+1036
2026-08-21,822857,694384,Nolan Schanuel,Los Angeles Angels,Texas Rangers,0,MacKenzie Gore,669022,L,7,446,4.2,0.71,0.94,1.02,1.0,1.01,1.0,1.0,,0.02176,8.8,1200,775,950,+1036
2026-08-21,823510,676391,Ernie Clement,Toronto Blue Jays,New York Yankees,0,Cam Schlittler,693645,R,9,502,4.0,0.74,0.81,1.12,0.91,1.08,1.0,1.0,,0.0224,8.7,1300,900,950,+1049
2026-08-21,823510,664770,Nathan Lukes,Toronto Blue Jays,New York Yankees,0,Cam Schlittler,693645,R,7,337,3.6,0.83,0.93,0.85,0.91,1.08,1.0,1.0,,0.02509,8.7,1020,725,950,+1049
2026-08-21,823830,696285,Jacob Young,Washington Nationals,Miami Marlins,0,Ryan Gusto,687473,R,10,382,3.4,0.92,1.01,1.07,1.03,0.92,1.0,1.0,,0.02648,8.7,1140,1650,1100,+1049
2026-08-21,823830,665923,Esteury Ruiz,Miami Marlins,Washington Nationals,1,Brad Lord,695418,R,6,179,3.2,1.04,0.92,1.05,0.96,0.92,1.0,1.0,,0.02795,8.7,1060,900,950,+1049
2026-08-21,824152,703607,Henry Bolte,Athletics,Houston Astros,0,Hayden Wesneski,669713,R,6,318,3.7,0.8,0.8,0.94,0.96,1.04,1.0,1.0,,0.0244,8.7,710,550,625,+1049
2026-08-21,823101,621493,Taylor Ward,Seattle Mariners,Chicago Cubs,1,Matthew Boyd,571510,L,7,546,4.5,0.63,1.11,1.1,1.06,0.99,1.0,1.0,,0.02013,8.7,575,500,500,+1049
2026-08-21,823420,699625,Jimmy Crooks,St. Louis Cardinals,Philadelphia Phillies,0,Jesús Luzardo,666200,L,4,135,3.2,0.99,1.05,1.03,0.86,1.06,1.0,1.0,,0.02778,8.6,,,,+1063
2026-08-21,823830,677588,José Tena,Washington Nationals,Miami Marlins,0,Ryan Gusto,687473,R,7,249,3.2,0.97,1.02,1.0,1.03,0.92,1.0,1.0,,0.02773,8.6,830,775,750,+1063
2026-08-21,824800,665750,Leody Taveras,Baltimore Orioles,Tampa Bay Rays,1,Freddy Peralta,642547,R,7,391,3.5,0.77,0.98,0.92,1.05,1.03,1.0,1.0,,0.02531,8.6,850,725,750,+1063
2026-08-21,824559,683146,Brett Baty,New York Mets,Chicago White Sox,0,Sean Burke,680732,R,8,391,3.5,0.82,1.01,1.08,0.97,1.05,1.0,1.0,,0.02528,8.6,524,,525,+1063
2026-08-21,824072,686681,Michael Massey,Kansas City Royals,Detroit Tigers,1,Troy Melton,675512,R,11,356,3.3,1.01,0.98,1.11,0.94,0.93,1.0,1.0,,0.02688,8.6,660,600,575,+1063
2026-08-21,825045,699912,Jose Fernandez,Arizona Diamondbacks,Cincinnati Reds,1,Nick Lodolo,666157,L,3,189,3.3,0.82,0.85,0.85,1.07,1.01,1.0,1.0,,0.02692,8.6,990,900,950,+1063
2026-08-21,823101,608348,Carson Kelly,Chicago Cubs,Seattle Mariners,0,Emerson Hancock,676106,R,7,333,3.5,0.84,0.8,0.92,1.01,0.99,1.0,1.0,,0.02551,8.6,,,,+1063
2026-08-21,823101,665804,Miguel Amaya,Chicago Cubs,Seattle Mariners,0,Emerson Hancock,676106,R,5,208,3.2,0.91,1.0,1.09,1.01,0.99,1.0,1.0,,0.02784,8.6,790,575,700,+1063
2026-08-21,824721,702332,Caleb Durbin,Boston Red Sox,San Francisco Giants,1,Logan Webb,657277,R,12,458,3.8,0.92,0.98,1.03,0.86,0.96,1.0,1.0,,0.02307,8.5,1180,1150,1100,+1076
2026-08-21,824152,664774,LaMonte Wade Jr.,Houston Astros,Athletics,1,J.T. Ginn,669372,R,2,104,3.2,0.91,0.95,0.99,0.95,1.04,1.0,1.0,,0.02725,8.5,910,,750,+1076
2026-08-21,824152,666126,Carlos Cortes,Athletics,Houston Astros,0,Hayden Wesneski,669713,R,7,292,3.2,0.9,0.97,1.05,0.96,1.04,1.0,1.0,,0.02716,8.4,740,725,750,+1090
2026-08-21,824152,662139,Daulton Varsho,Houston Astros,Athletics,1,J.T. Ginn,669372,R,8,423,3.7,0.78,0.96,0.92,0.95,1.04,1.0,1.0,,0.02345,8.4,582,450,500,+1090
2026-08-21,824721,808982,Jung Hoo Lee,San Francisco Giants,Boston Red Sox,0,Sonny Gray,543243,R,9,472,4.1,0.77,0.95,1.08,0.93,0.96,1.0,1.0,,0.02092,8.3,1540,1050,1300,+1105
2026-08-21,824317,681393,Connor Norby,Colorado Rockies,Cleveland Guardians,1,Joey Cantillo,676282,L,4,260,3.6,0.77,0.9,0.88,0.97,1.05,1.0,1.0,,0.02382,8.3,650,500,575,+1105
2026-08-21,823262,668952,Ryan Kreidler,Minnesota Twins,San Diego Padres,0,TBD,,,5,217,3.2,0.9,1.0,1.0,1.0,0.98,1.0,1.0,,0.02676,8.3,,,,+1105
2026-08-21,823746,669003,Garrett Mitchell,Milwaukee Brewers,Atlanta Braves,1,Chris Sale,519242,L,9,425,3.7,0.82,0.86,0.96,0.86,1.05,1.0,1.0,ROOF,0.02274,8.2,,,,+1120
2026-08-21,823420,701675,Nathan Church,St. Louis Cardinals,Philadelphia Phillies,0,Jesús Luzardo,666200,L,9,355,3.3,0.91,0.99,0.85,0.86,1.06,1.0,1.0,,0.02548,8.2,,,,+1120
2026-08-21,823420,650333,Luis Arraez,Philadelphia Phillies,St. Louis Cardinals,1,TBD,,,6,533,4.4,0.6,1.0,1.0,1.0,1.06,1.0,1.0,,0.01933,8.2,1200,900,1100,+1120
2026-08-21,822857,694497,Evan Carter,Texas Rangers,Los Angeles Angels,1,Reid Detmers,672282,L,8,364,3.3,0.85,0.83,1.15,0.99,1.01,1.0,1.0,,0.02572,8.2,880,850,850,+1120
2026-08-21,825045,663647,Ke'Bryan Hayes,Cincinnati Reds,Arizona Diamondbacks,0,Eduardo Rodriguez,593958,L,5,196,3.2,0.94,0.97,0.96,0.91,1.01,1.0,1.0,,0.02624,8.2,1040,1250,1100,+1120
2026-08-21,825045,678489,Jorge Barrosa,Arizona Diamondbacks,Cincinnati Reds,1,Nick Lodolo,666157,L,2,157,3.2,0.8,0.96,0.96,1.07,1.01,1.0,1.0,,0.02643,8.2,,,,+1120
2026-08-21,824559,686668,Brenton Doyle,Chicago White Sox,New York Mets,1,Sean Manaea,640455,L,2,162,3.2,0.79,0.93,0.98,1.03,1.05,1.0,1.0,,0.02607,8.1,630,525,575,+1135
2026-08-21,822857,672724,Oswald Peraza,Los Angeles Angels,Texas Rangers,0,MacKenzie Gore,669022,L,7,321,3.2,0.85,1.19,1.0,1.0,1.01,1.0,1.0,,0.02614,8.1,,775,,+1135
2026-08-21,825045,814439,Ryan Waldschmidt,Arizona Diamondbacks,Cincinnati Reds,1,Nick Lodolo,666157,L,2,222,3.6,0.7,0.83,0.95,1.07,1.01,1.0,1.0,,0.02314,8.1,900,1050,850,+1135
2026-08-21,823262,630105,Jake Cronenworth,San Diego Padres,Minnesota Twins,1,Connor Prielipp,687570,L,4,292,3.8,0.73,0.94,0.96,1.01,0.98,1.0,1.0,,0.02194,8.1,1280,900,1100,+1135
2026-08-21,823101,663538,Nico Hoerner,Chicago Cubs,Seattle Mariners,0,Emerson Hancock,676106,R,7,549,4.4,0.62,0.8,0.98,1.01,0.99,1.0,1.0,,0.01902,8.1,1460,900,1300,+1135
2026-08-21,823830,672640,Otto Lopez,Miami Marlins,Washington Nationals,1,Brad Lord,695418,R,9,538,4.3,0.71,0.87,1.15,0.96,0.92,1.0,1.0,,0.01915,8.0,830,875,850,+1150
2026-08-21,824559,671976,Tristan Peters,Chicago White Sox,New York Mets,1,Sean Manaea,640455,L,7,376,3.2,0.78,0.87,1.15,1.03,1.05,1.0,1.0,,0.02584,8.0,,,,+1150
2026-08-21,824072,686475,Tyler Tolbert,Kansas City Royals,Detroit Tigers,1,Troy Melton,675512,R,3,115,3.2,0.96,1.06,1.04,0.94,0.93,1.0,1.0,,0.02559,8.0,,,,+1150
2026-08-21,824152,622268,Donovan Walton,Athletics,Houston Astros,0,Hayden Wesneski,669713,R,3,168,3.2,0.85,0.83,1.12,0.96,1.04,1.0,1.0,,0.02583,8.0,940,800,850,+1150
2026-08-21,823911,693304,Nick Gonzales,Pittsburgh Pirates,Los Angeles Dodgers,0,Yoshinobu Yamamoto,808967,R,6,494,4.1,0.63,0.88,1.01,0.96,1.1,1.0,1.0,,0.0201,8.0,1260,775,950,+1150
2026-08-21,824721,681508,Mickey Gasper,Boston Red Sox,San Francisco Giants,1,Logan Webb,657277,R,3,131,3.5,0.93,0.99,0.95,0.86,0.96,1.0,1.0,,0.02328,7.9,1160,1150,1100,+1166
2026-08-21,824152,669397,Nick Allen,Houston Astros,Athletics,1,J.T. Ginn,669372,R,2,132,3.2,0.85,0.85,0.92,0.95,1.04,1.0,1.0,,0.02548,7.9,1440,,1100,+1166
2026-08-21,823262,807712,Luke Keaschall,Minnesota Twins,San Diego Padres,0,TBD,,,7,471,4.0,0.69,1.0,1.0,1.0,0.98,1.0,1.0,,0.02048,7.9,940,625,750,+1166
2026-08-21,823420,686780,Pedro Pagés,St. Louis Cardinals,Philadelphia Phillies,0,Jesús Luzardo,666200,L,4,184,3.2,0.89,0.8,1.01,0.86,1.06,1.0,1.0,,0.02496,7.8,1200,875,950,+1182
2026-08-21,823510,665926,Andrés Giménez,Toronto Blue Jays,New York Yankees,0,Cam Schlittler,693645,R,8,421,3.4,0.78,0.92,1.15,0.91,1.08,1.0,1.0,,0.02354,7.8,,800,,+1182
2026-08-21,824721,642201,Eli White,Boston Red Sox,San Francisco Giants,1,Logan Webb,657277,R,5,165,3.2,1.0,0.91,1.01,0.86,0.96,1.0,1.0,,0.02514,7.8,,,,+1182
2026-08-21,824721,663330,Jahmai Jones,Boston Red Sox,San Francisco Giants,1,Logan Webb,657277,R,4,131,3.2,1.0,0.93,1.02,0.86,0.96,1.0,1.0,,0.0252,7.8,,,,+1182
2026-08-21,824721,686765,Nick Sogard,Boston Red Sox,San Francisco Giants,1,Logan Webb,657277,R,1,136,4.2,0.76,0.84,0.96,0.86,0.96,1.0,1.0,,0.01921,7.8,1500,1450,1500,+1182
2026-08-21,823830,682663,Agustín Ramírez,Miami Marlins,Washington Nationals,1,Brad Lord,695418,R,2,164,3.8,0.79,0.83,0.95,0.96,0.92,1.0,1.0,,0.02122,7.8,,,,+1182
2026-08-21,823262,666023,Freddy Fermin,San Diego Padres,Minnesota Twins,1,Connor Prielipp,687570,L,4,217,3.2,0.83,1.05,1.01,1.01,0.98,1.0,1.0,,0.02512,7.8,,,,+1182
2026-08-21,823510,669701,Josh Smith,Toronto Blue Jays,New York Yankees,0,Cam Schlittler,693645,R,3,187,3.2,0.82,0.92,1.11,0.91,1.08,1.0,1.0,,0.02467,7.7,1040,900,850,+1199
2026-08-21,824721,678011,Anthony Seigler,Boston Red Sox,San Francisco Giants,1,Logan Webb,657277,R,3,158,3.6,0.87,0.9,0.96,0.86,0.96,1.0,1.0,,0.0219,7.7,,,,+1199
2026-08-21,824072,701678,Hao-Yu Lee,Detroit Tigers,Kansas City Royals,0,Noah Cameron,702070,L,6,227,3.2,0.94,0.92,1.05,0.93,0.93,1.0,1.0,,0.02469,7.7,630,500,575,+1199
2026-08-21,824072,595879,Javier Báez,Detroit Tigers,Kansas City Royals,0,Noah Cameron,702070,L,2,144,3.7,0.82,1.01,1.03,0.93,0.93,1.0,1.0,,0.02155,7.7,1000,700,850,+1199
2026-08-21,823101,699393,Pedro Ramírez,Chicago Cubs,Seattle Mariners,0,Emerson Hancock,676106,R,2,152,3.2,0.81,0.8,0.98,1.01,0.99,1.0,1.0,,0.02464,7.7,960,650,750,+1199
2026-08-21,823746,805347,Jim Jarvis,Atlanta Braves,Milwaukee Brewers,0,Jacob Misiorowski,694819,R,1,121,3.3,0.79,0.86,1.1,0.93,1.05,1.0,1.0,ROOF,0.02368,7.6,,,,+1216
2026-08-21,823746,806198,Cooper Pratt,Milwaukee Brewers,Atlanta Braves,1,Chris Sale,519242,L,2,163,3.6,0.79,0.9,1.04,0.86,1.05,1.0,1.0,ROOF,0.02185,7.6,1280,1250,1100,+1216
2026-08-21,824800,665966,Carlos Narváez,Baltimore Orioles,Tampa Bay Rays,1,Freddy Peralta,642547,R,3,239,3.2,0.74,0.9,0.88,1.05,1.03,1.0,1.0,,0.0244,7.6,700,725,700,+1216
2026-08-21,824152,675961,Alika Williams,Athletics,Houston Astros,0,Hayden Wesneski,669713,R,2,152,3.2,0.81,0.93,1.05,0.96,1.04,1.0,1.0,,0.02454,7.6,,,,+1216
2026-08-21,822857,624428,Adam Frazier,Los Angeles Angels,Texas Rangers,0,MacKenzie Gore,669022,L,1,115,3.2,0.8,0.94,1.11,1.0,1.01,1.0,1.0,,0.02455,7.6,,,,+1216
2026-08-21,824317,687597,Jordan Beck,Colorado Rockies,Cleveland Guardians,1,Joey Cantillo,676282,L,1,122,3.2,0.79,0.96,1.04,0.97,1.05,1.0,1.0,,0.02437,7.6,730,600,700,+1216
2026-08-21,823262,650859,Luis Rengifo,San Diego Padres,Minnesota Twins,1,Connor Prielipp,687570,L,4,329,3.8,0.69,0.82,1.06,1.01,0.98,1.0,1.0,,0.02065,7.6,890,550,700,+1216
2026-08-21,824152,643446,Jeff McNeil,Athletics,Houston Astros,0,Hayden Wesneski,669713,R,6,388,3.5,0.72,0.95,1.15,0.96,1.04,1.0,1.0,,0.02192,7.5,930,600,750,+1233
2026-08-21,825045,667472,Dane Myers,Cincinnati Reds,Arizona Diamondbacks,0,Eduardo Rodriguez,593958,L,5,240,3.2,0.86,1.04,0.92,0.91,1.01,1.0,1.0,,0.0241,7.5,1020,850,850,+1233
2026-08-21,823746,687401,Joey Ortiz,Milwaukee Brewers,Atlanta Braves,1,Chris Sale,519242,L,7,316,3.2,0.86,0.93,0.85,0.86,1.05,1.0,1.0,ROOF,0.02381,7.4,1000,700,850,+1251
2026-08-21,822857,685133,Wade Meckler,Los Angeles Angels,Texas Rangers,0,MacKenzie Gore,669022,L,3,229,3.3,0.75,0.9,0.89,1.0,1.01,1.0,1.0,,0.02307,7.4,1620,1150,1300,+1251
2026-08-21,823420,691458,Blaze Jordan,St. Louis Cardinals,Philadelphia Phillies,0,Jesús Luzardo,666200,L,2,181,3.5,0.76,0.94,1.04,0.86,1.06,1.0,1.0,,0.02129,7.3,1140,675,850,+1270
2026-08-21,824072,690993,Colt Keith,Detroit Tigers,Kansas City Royals,0,Noah Cameron,702070,L,9,363,3.2,0.9,0.92,1.08,0.93,0.93,1.0,1.0,,0.02352,7.3,,,,+1270
2026-08-21,823911,676439,Hunter Feduccia,Los Angeles Dodgers,Pittsburgh Pirates,1,Bubba Chandler,696149,R,3,191,3.2,0.81,0.92,1.15,0.87,1.1,1.0,1.0,,0.02356,7.3,930,775,750,+1270
2026-08-21,823911,500743,Miguel Rojas,Los Angeles Dodgers,Pittsburgh Pirates,1,Bubba Chandler,696149,R,3,197,3.2,0.8,0.8,1.09,0.87,1.1,1.0,1.0,,0.02327,7.3,,,,+1270
2026-08-21,823746,800325,Luis Lara,Milwaukee Brewers,Atlanta Braves,1,Chris Sale,519242,L,1,112,3.3,0.81,0.93,1.01,0.86,1.05,1.0,1.0,ROOF,0.02234,7.2,1000,1250,950,+1289
2026-08-21,823262,823550,Sung-Mun Song,San Diego Padres,Minnesota Twins,1,Connor Prielipp,687570,L,1,134,3.2,0.77,0.96,0.96,1.01,0.98,1.0,1.0,,0.02308,7.2,1100,,950,+1289
2026-08-21,823746,683734,Andrew Vaughn,Milwaukee Brewers,Atlanta Braves,1,Chris Sale,519242,L,5,265,3.2,0.82,0.96,1.15,0.86,1.05,1.0,1.0,ROOF,0.02273,7.1,670,525,625,+1308
2026-08-21,823420,665877,José Fermín,St. Louis Cardinals,Philadelphia Phillies,0,Jesús Luzardo,666200,L,5,271,3.2,0.81,0.98,0.93,0.86,1.06,1.0,1.0,,0.02277,7.1,,800,,+1308
2026-08-21,823830,805300,Jakob Marsee,Miami Marlins,Washington Nationals,1,Brad Lord,695418,R,7,486,4.0,0.67,0.87,0.94,0.96,0.92,1.0,1.0,,0.01816,7.1,620,725,700,+1308
2026-08-21,824072,672580,Maikel Garcia,Kansas City Royals,Detroit Tigers,1,Troy Melton,675512,R,3,309,4.2,0.65,0.8,0.95,0.94,0.93,1.0,1.0,,0.01744,7.1,,,,+1308
2026-08-21,824152,687231,Darell Hernaiz,Athletics,Houston Astros,0,Hayden Wesneski,669713,R,1,144,3.2,0.75,0.8,1.0,0.96,1.04,1.0,1.0,,0.02273,7.1,,1200,,+1308
2026-08-21,823911,663968,Jake Mangum,Pittsburgh Pirates,Los Angeles Dodgers,0,Yoshinobu Yamamoto,808967,R,4,381,3.6,0.63,0.8,1.05,0.96,1.1,1.0,1.0,,0.02034,7.1,1940,1600,2000,+1308
2026-08-21,824072,664728,Kyle Isbel,Kansas City Royals,Detroit Tigers,1,Troy Melton,675512,R,4,228,3.3,0.82,0.89,1.11,0.94,0.93,1.0,1.0,,0.02177,7.0,1160,1000,950,+1329
2026-08-21,824072,679845,Nick Loftin,Kansas City Royals,Detroit Tigers,1,Troy Melton,675512,R,5,320,3.6,0.75,0.99,1.14,0.94,0.93,1.0,1.0,,0.01996,7.0,1040,875,950,+1329
2026-08-21,822857,623168,Tyler Heineman,Los Angeles Angels,Texas Rangers,0,MacKenzie Gore,669022,L,1,155,3.2,0.73,0.88,1.15,1.0,1.01,1.0,1.0,,0.02239,7.0,,,,+1329
2026-08-21,823101,660844,Leo Rivas,Seattle Mariners,Chicago Cubs,1,Matthew Boyd,571510,L,0,130,3.2,0.7,0.87,1.0,1.06,0.99,1.0,1.0,,0.0224,7.0,,,,+1329
2026-08-21,823510,664702,Myles Straw,Toronto Blue Jays,New York Yankees,0,Cam Schlittler,693645,R,3,247,3.2,0.73,0.85,1.03,0.91,1.08,1.0,1.0,,0.02196,6.9,,,1100,+1349
2026-08-21,824721,687551,Drew Gilbert,San Francisco Giants,Boston Red Sox,0,Sonny Gray,543243,R,6,306,3.2,0.82,0.96,1.02,0.93,0.96,1.0,1.0,,0.02224,6.9,870,725,950,+1349
2026-08-21,824721,655316,Andruw Monasterio,Boston Red Sox,San Francisco Giants,1,Logan Webb,657277,R,6,286,3.3,0.85,0.8,1.03,0.86,0.96,1.0,1.0,,0.02136,6.9,910,1250,950,+1349
2026-08-21,824721,657136,Connor Wong,Boston Red Sox,San Francisco Giants,1,Logan Webb,657277,R,4,194,3.2,0.87,0.8,0.88,0.86,0.96,1.0,1.0,,0.02198,6.9,,,,+1349
2026-08-21,824800,680700,Richie Palacios,Tampa Bay Rays,Baltimore Orioles,0,Trevor Rogers,669432,L,5,314,3.2,0.76,0.87,1.04,0.93,1.03,1.0,1.0,,0.02209,6.9,,,,+1349
2026-08-21,824559,682668,Luisangel Acuña,Chicago White Sox,New York Mets,1,Sean Manaea,640455,L,1,199,3.2,0.67,0.8,1.0,1.03,1.05,1.0,1.0,,0.02197,6.9,,,,+1349
2026-08-21,824317,680757,Steven Kwan,Cleveland Guardians,Colorado Rockies,0,Tanner Gordon,685299,R,2,486,4.1,0.47,0.8,1.0,1.16,1.05,1.0,1.0,,0.01727,6.9,1200,725,950,+1349
2026-08-21,824800,663743,Nick Fortes,Tampa Bay Rays,Baltimore Orioles,0,Trevor Rogers,669432,L,4,277,3.2,0.75,0.8,1.03,0.93,1.03,1.0,1.0,,0.02184,6.8,,875,,+1371
2026-08-21,825045,670770,TJ Friedl,Cincinnati Reds,Arizona Diamondbacks,0,Eduardo Rodriguez,593958,L,3,247,3.4,0.73,0.9,1.03,0.91,1.01,1.0,1.0,,0.02042,6.8,,,,+1371
2026-08-21,823101,645302,Victor Robles,Seattle Mariners,Chicago Cubs,1,Matthew Boyd,571510,L,0,140,3.2,0.68,0.86,1.0,1.06,0.99,1.0,1.0,,0.02189,6.8,,,,+1371
2026-08-21,823830,688363,Graham Pauley,Miami Marlins,Washington Nationals,1,Brad Lord,695418,R,1,115,3.2,0.8,0.84,0.94,0.96,0.92,1.0,1.0,,0.02159,6.7,,,,+1393
2026-08-21,823911,669743,Alex Call,Los Angeles Dodgers,Pittsburgh Pirates,1,Bubba Chandler,696149,R,1,154,3.2,0.73,0.8,1.13,0.87,1.1,1.0,1.0,,0.02127,6.6,,,,+1415
2026-08-21,823830,691594,Javier Sanoja,Miami Marlins,Washington Nationals,1,Brad Lord,695418,R,6,348,3.2,0.77,0.8,1.03,0.96,0.92,1.0,1.0,,0.02066,6.5,1480,1000,1300,+1438
2026-08-21,823830,677870,Leo Jiménez,Miami Marlins,Washington Nationals,1,Brad Lord,695418,R,2,172,3.2,0.78,0.8,0.98,0.96,0.92,1.0,1.0,,0.02086,6.5,,,,+1438
2026-08-21,823830,669364,Xavier Edwards,Miami Marlins,Washington Nationals,1,Brad Lord,695418,R,6,537,4.2,0.59,0.8,1.15,0.96,0.92,1.0,1.0,,0.01599,6.5,1500,1500,1300,+1438
2026-08-21,824072,686555,Isaac Collins,Kansas City Royals,Detroit Tigers,1,Troy Melton,675512,R,6,422,3.6,0.69,0.83,1.08,0.94,0.93,1.0,1.0,,0.01835,6.5,970,950,950,+1438
2026-08-21,823420,691026,Masyn Winn,St. Louis Cardinals,Philadelphia Phillies,0,Jesús Luzardo,666200,L,5,490,4.0,0.59,0.83,1.0,0.86,1.06,1.0,1.0,,0.01646,6.4,1200,900,1100,+1462
2026-08-21,823830,678391,Jorbit Vivas,Washington Nationals,Miami Marlins,0,Ryan Gusto,687473,R,3,272,3.2,0.7,0.82,0.98,1.03,0.92,1.0,1.0,,0.02001,6.3,,1200,1100,+1487
2026-08-21,824317,687859,Troy Johnston,Colorado Rockies,Cleveland Guardians,1,Joey Cantillo,676282,L,3,375,3.5,0.59,0.92,1.01,0.97,1.05,1.0,1.0,,0.01825,6.2,,,,+1513
2026-08-21,823911,669707,Jared Triolo,Pittsburgh Pirates,Los Angeles Dodgers,0,Yoshinobu Yamamoto,808967,R,2,291,3.2,0.62,0.84,1.03,0.96,1.1,1.0,1.0,,0.01986,6.2,,,,+1513
2026-08-21,823746,666152,David Hamilton,Milwaukee Brewers,Atlanta Braves,1,Chris Sale,519242,L,4,312,3.2,0.71,0.97,1.15,0.86,1.05,1.0,1.0,ROOF,0.0195,6.1,,,,+1539
2026-08-21,822857,670032,Nicky Lopez,Texas Rangers,Los Angeles Angels,1,Reid Detmers,672282,L,1,220,3.2,0.64,0.85,1.0,0.99,1.01,1.0,1.0,,0.01941,6.1,,,,+1539
2026-08-21,824072,656716,Zach McKinstry,Detroit Tigers,Kansas City Royals,0,Noah Cameron,702070,L,4,349,3.4,0.67,0.81,1.02,0.93,0.93,1.0,1.0,,0.01739,5.8,,,,+1624
2026-08-21,824800,670764,Taylor Walls,Tampa Bay Rays,Baltimore Orioles,0,Trevor Rogers,669432,L,2,360,3.5,0.55,0.85,1.15,0.93,1.03,1.0,1.0,,0.01618,5.6,1080,1000,950,+1686
2026-08-21,823420,702222,Justin Crawford,Philadelphia Phillies,St. Louis Cardinals,1,TBD,,,2,374,3.2,0.54,1.0,1.0,1.0,1.06,1.0,1.0,,0.01756,5.5,1340,1150,1100,+1718
2026-08-21,823830,683083,Nasim Nuñez,Washington Nationals,Miami Marlins,0,Ryan Gusto,687473,R,1,419,3.6,0.46,0.8,1.0,1.03,0.92,1.0,1.0,,0.01329,4.7,1720,1700,1500,+2028
2026-08-21,824800,802415,Chandler Simpson,Tampa Bay Rays,Baltimore Orioles,0,Trevor Rogers,669432,L,0,481,4.0,0.38,0.8,0.97,0.93,1.03,1.0,1.0,,0.01122,4.4,3000,2500,2600,+2173
