player_id,name,so,pa
502671,Paul Goldschmidt,79,330
514888,Jose Altuve,87,430
518595,Travis d'Arnaud,14,55
521692,Salvador Perez,97,492
543807,George Springer,74,404
543877,Christian Vázquez,44,233
545341,Randal Grichuk,46,200
545361,Mike Trout,123,482
553869,Elias Díaz,39,166
553993,Eugenio Suárez,138,383
571912,Luke Maile,8,22
572233,Christian Walker,120,504
573262,Mike Yastrzemski,77,320
592626,Joc Pederson,90,381
592885,Christian Yelich,105,385
595978,Austin Hedges,32,191
596142,Gary Sánchez,44,220
607043,Brandon Nimmo,109,510
608070,José Ramírez,50,406
608369,Corey Seager,70,282
621493,Taylor Ward,111,542
621566,Matt Olson,139,553
622268,Donovan Walton,28,164
622761,Jorge Mateo,42,143
623168,Tyler Heineman,24,150
624413,Pete Alonso,133,551
624428,Adam Frazier,31,110
624431,Jose Trevino,20,105
640902,Jhonny Pereda,13,76
641343,Jake Bauers,116,457
641680,Jonah Heim,54,294
641857,Ryan McMahon,93,306
641933,Tyler O'Neill,70,252
642086,Dominic Smith,45,282
642215,Weston Wilson,34,116
642350,Jose Siri,48,154
642708,Amed Rosario,53,201
642715,Willy Adames,133,489
643217,Andrew Benintendi,90,377
643289,Mauricio Dubón,62,484
643376,Danny Jansen,42,146
643446,Jeff McNeil,44,383
645277,Ozzie Albies,75,542
645302,Victor Robles,22,140
645305,Ali Sánchez,16,65
646240,Rafael Devers,141,533
647304,Josh Naylor,64,506
650490,Yandy Díaz,76,538
650968,Yohel Pozo,6,50
656775,Cedric Mullins,84,417
657041,Lane Thomas,87,348
660670,Ronald Acuña Jr.,77,330
660688,Keibert Ruiz,33,284
660821,Jesús Sánchez,63,273
660844,Leo Rivas,38,130
661388,William Contreras,71,509
661531,Brian Serven,7,36
662139,Daulton Varsho,83,419
663494,Bryan Torres,25,123
663586,Austin Riley,159,504
663647,Ke'Bryan Hayes,38,193
663662,Daz Cameron,1,6
663728,Cal Raleigh,125,391
663743,Nick Fortes,33,274
663757,Trent Grisham,74,424
663886,Tyler Stephenson,93,351
663993,Nathaniel Lowe,78,317
664702,Myles Straw,33,243
664728,Kyle Isbel,51,228
664770,Nathan Lukes,50,333
664774,LaMonte Wade Jr.,21,100
665161,Jeremy Peña,69,340
665750,Leody Taveras,95,388
665862,Jazz Chisholm Jr.,142,459
665877,José Fermín,33,269
665926,Andrés Giménez,81,419
665953,Andrés Chaparro,31,136
665966,Carlos Narváez,78,236
666018,Jonathan Aranda,125,540
666126,Carlos Cortes,43,288
666139,Josh Lowe,71,252
666152,David Hamilton,69,308
666176,Jo Adell,124,510
666211,Taylor Trammell,66,205
667472,Dane Myers,60,236
668227,Randy Arozarena,108,511
668670,Jake Rogers,39,137
668709,JJ Bleday,89,410
668723,Ryan Vilade,47,212
668800,Andrew Knizner,2,7
668930,Brice Turang,132,532
669003,Garrett Mitchell,134,421
669221,Sean Murphy,14,34
669224,Austin Wells,73,287
669394,Jake Burger,128,480
669397,Nick Allen,27,128
669701,Josh Smith,40,187
669911,Michael Toglia,10,24
670032,Nicky Lopez,37,219
670231,John Rave,14,65
670541,Yordan Alvarez,95,551
670623,Isaac Paredes,69,509
670764,Taylor Walls,87,360
670770,TJ Friedl,57,246
671056,Iván Herrera,100,568
671083,Buddy Kennedy,13,41
671218,Heliot Ramos,96,356
671277,Luis García Jr.,71,429
671732,Lawrence Butler,98,388
671739,Michael Harris II,95,483
671976,Tristan Peters,67,374
672275,Patrick Bailey,67,265
672284,Jarred Kelenic,29,80
672386,Alejandro Kirk,23,202
672580,Maikel Garcia,47,308
672724,Oswald Peraza,95,320
672960,Kazuma Okamoto,154,502
673237,Yainer Diaz,38,246
673490,Ha-Seong Kim,23,85
675961,Alika Williams,37,152
676356,Jonny DeLuca,51,252
676369,Nelson Velázquez,26,88
676391,Ernie Clement,47,498
676475,Alec Burleson,90,539
676609,José Caballero,87,362
677587,Brayan Rocchio,70,478
677588,José Tena,73,245
677592,Everson Pereira,35,105
677594,Julio Rodríguez,106,503
677649,Ezequiel Duran,110,451
677943,Will Banfield,0,0
677951,Bobby Witt Jr.,84,481
678218,Brandon Valenzuela,62,229
678246,Miguel Vargas,97,547
678391,Jorbit Vivas,38,271
678545,Osleivis Basabe,10,64
679822,Justin Foscue,43,168
679845,Nick Loftin,49,315
680574,Matt McLain,104,380
680700,Richie Palacios,57,311
680716,Jonathan Ornelas,11,22
680757,Steven Kwan,49,481
680869,Zack Gelof,70,285
680977,Brendan Donovan,23,149
681047,Christian Franklin,7,28
681297,Colton Cowser,91,301
681807,David Fry,51,168
682657,Angel Martínez,71,314
682668,Luisangel Acuña,39,199
682674,Victor Bericoto,22,78
682829,Elly De La Cruz,132,482
682928,CJ Abrams,124,534
682987,Spencer Jones,61,163
683002,Gunnar Henderson,126,571
683083,Nasim Nuñez,85,416
683227,Cody Freeman,7,30
683734,Andrew Vaughn,40,265
683766,Christian Koss,23,90
683953,Travis Bazzana,88,397
685133,Wade Meckler,49,225
686469,Vinnie Pasquantino,60,349
686475,Tyler Tolbert,19,111
686527,Dominic Canzone,79,381
686555,Isaac Collins,93,418
686611,Dylan Crews,73,307
686668,Brenton Doyle,49,161
686681,Michael Massey,62,352
686780,Pedro Pagés,49,184
686948,Drake Baldwin,94,462
687093,Vaughn Grissom,60,323
687231,Darell Hernaiz,24,140
687263,Zach Neto,172,548
687401,Joey Ortiz,58,312
687551,Drew Gilbert,51,303
687605,Andrew Pinckney,3,14
687637,Dylan Beavers,63,237
687952,Christian Encarnacion-Strand,23,93
689414,Liam Hicks,43,460
690984,Petey Halpin,28,135
691011,Drew Romo,43,176
691023,Jordan Walker,128,530
691026,Masyn Winn,104,489
691406,Junior Caminero,103,551
691458,Blaze Jordan,27,177
691723,Coby Mayo,108,331
691777,Max Muncy,71,215
691781,Brady House,72,249
694192,Jackson Chourio,103,420
694197,Angel Genao,3,46
694203,Denzer Guzman,49,193
694208,Moisés Ballesteros,48,230
694212,Samuel Basallo,83,315
694384,Nolan Schanuel,58,442
694497,Evan Carter,87,361
694671,Wyatt Langford,73,320
694673,Abimelec Ortiz,11,49
695491,Joshua Báez,7,25
695506,Jac Caglianone,118,461
695600,Carter Jensen,137,472
695657,Colson Montgomery,166,503
695670,Harry Ford,18,60
695720,Tommy White,18,113
695731,Braden Montgomery,54,244
695734,Daylen Lile,99,521
696285,Jacob Young,65,382
699302,Héctor Rodríguez,8,34
699625,Jimmy Crooks,43,132
700250,Ben Rice,131,518
700652,Kenny Piper,0,5
701358,Cam Smith,111,452
701398,Sal Stewart,120,548
701675,Nathan Church,67,352
701852,Drew Cavanaugh,21,94
702284,Cole Young,86,510
702616,Jackson Holliday,61,259
703520,Brett Bateman,10,51
703607,Henry Bolte,84,313
800050,Chase DeLauter,64,453
800325,Luis Lara,20,108
801126,Brock Rodden,8,21
802139,JJ Wetherholt,87,552
802415,Chandler Simpson,41,477
803011,Sam Antonacci,67,425
805347,Jim Jarvis,22,121
805367,Chase Meidroth,116,510
805779,Jacob Wilson,39,337
805811,Bryce Eldridge,91,339
806146,George Lombard Jr.,11,50
806198,Cooper Pratt,33,163
806367,Turner Hill,2,9
807727,Charles McAdoo,12,52
808959,Munetaka Murakami,131,398
808982,Jung Hoo Lee,47,468
813841,Jonah Cox,21,42
