id,kind,so,denom,season
434378,P,137,662,2025
445276,P,57,234,2025
453286,P,82,358,2025
455119,P,43,174,2025
471911,P,34,212,2025
472610,P,48,233,2025
476594,P,1,15,2025
489446,P,52,178,2025
500743,P,0,28,2025
500779,P,89,556,2025
518585,P,72,200,2025
518876,P,167,748,2025
518886,P,17,49,2025
519141,P,57,203,2025
519242,P,165,510,2025
527048,P,44,228,2025
542888,P,74,284,2025
543056,P,43,176,2025
543135,P,129,496,2025
543243,P,201,753,2025
544150,P,10,44,2025
547179,P,127,606,2025
547184,P,29,166,2025
547973,P,85,228,2025
548384,P,25,99,2025
552640,P,64,208,2025
554430,P,195,585,2025
571510,P,154,718,2025
571578,P,131,663,2025
571927,P,59,309,2025
571945,P,100,669,2025
571948,P,58,293,2025
572955,P,59,238,2025
573009,P,8,58,2025
573124,P,53,221,2025
573204,P,56,220,2025
579328,P,174,772,2025
592094,P,70,270,2025
592155,P,35,143,2025
592332,P,189,775,2025
592454,P,50,267,2025
592662,P,186,755,2025
592773,P,58,255,2025
592779,P,44,159,2025
592791,P,98,519,2025
592836,P,86,538,2025
592866,P,65,373,2025
593958,P,143,694,2025
593974,P,63,313,2025
594580,P,22,81,2025
594798,P,185,669,2025
595014,P,36,129,2025
595345,P,84,276,2025
595978,P,1,16,2025
596001,P,55,274,2025
596133,P,72,262,2025
596142,P,0,7,2025
601713,P,190,721,2025
605130,P,75,303,2025
605135,P,166,736,2025
605154,P,26,115,2025
605218,P,6,24,2025
605280,P,129,708,2025
605288,P,92,518,2025
605400,P,97,404,2025
605447,P,47,187,2025
605452,P,39,228,2025
605483,P,72,254,2025
605488,P,138,713,2025
605540,P,83,257,2025
606303,P,24,117,2025
606965,P,14,65,2025
606996,P,37,179,2025
607067,P,127,662,2025
607074,P,203,789,2025
607192,P,106,366,2025
607200,P,83,623,2025
607259,P,116,683,2025
607455,P,61,268,2025
607481,P,51,235,2025
607536,P,124,709,2025
607625,P,125,611,2025
608032,P,54,269,2025
608331,P,189,801,2025
608337,P,121,613,2025
608371,P,13,72,2025
608372,P,106,675,2025
608379,P,126,716,2025
608566,P,83,591,2025
608650,P,49,200,2025
608718,P,53,291,2025
615698,P,85,513,2025
620443,P,0,8,2025
621053,P,54,246,2025
621107,P,50,309,2025
621111,P,92,565,2025
621112,P,34,175,2025
621121,P,61,274,2025
621139,P,18,88,2025
621237,P,32,114,2025
621242,P,98,258,2025
621345,P,14,44,2025
621366,P,32,145,2025
621381,P,70,256,2025
621383,P,61,267,2025
622491,P,162,745,2025
622554,P,79,261,2025
622608,P,73,618,2025
622663,P,124,705,2025
622761,P,0,11,2025
623149,P,20,81,2025
623168,P,0,27,2025
623211,P,57,262,2025
623352,P,76,206,2025
623437,P,49,268,2025
623465,P,6,22,2025
623474,P,81,347,2025
624133,P,151,651,2025
624431,P,1,12,2025
624512,P,0,6,2025
625643,P,1,25,2025
628452,P,73,266,2025
640448,P,55,229,2025
640451,P,11,39,2025
640454,P,3,15,2025
640455,P,75,263,2025
641302,P,82,423,2025
641312,P,11,56,2025
641329,P,83,274,2025
641386,P,7,47,2025
641401,P,49,199,2025
641585,P,5,16,2025
641656,P,42,166,2025
641745,P,75,276,2025
641755,P,73,308,2025
641778,P,102,426,2025
641793,P,130,759,2025
641816,P,66,346,2025
641835,P,15,74,2025
641927,P,120,624,2025
641941,P,81,270,2025
642048,P,12,66,2025
642100,P,82,243,2025
642121,P,22,90,2025
642152,P,37,207,2025
642207,P,90,259,2025
642215,P,0,12,2025
642232,P,55,264,2025
642397,P,70,279,2025
642528,P,25,135,2025
642547,P,204,723,2025
642701,P,60,270,2025
642759,P,5,20,2025
643361,P,6,56,2025
643377,P,99,283,2025
643410,P,54,219,2025
643511,P,48,299,2025
645261,P,142,745,2025
647315,P,3,39,2025
647336,P,95,379,2025
650556,P,105,296,2025
650633,P,76,308,2025
650644,P,88,435,2025
650911,P,212,807,2025
656222,P,47,231,2025
656234,P,66,248,2025
656240,P,35,194,2025
656271,P,52,257,2025
656288,P,70,328,2025
656302,P,215,722,2025
656427,P,188,681,2025
656457,P,49,215,2025
656464,P,29,121,2025
656546,P,84,287,2025
656550,P,123,492,2025
656577,P,0,8,2025
656605,P,150,749,2025
656638,P,1,6,2025
656641,P,76,348,2025
656686,P,23,89,2025
656716,P,0,1,2025
656730,P,60,192,2025
656794,P,91,391,2025
656848,P,17,79,2025
656849,P,150,723,2025
656876,P,127,585,2025
656945,P,60,238,2025
656986,P,59,199,2025
657044,P,36,175,2025
657097,P,58,267,2025
657277,P,224,856,2025
657424,P,27,137,2025
657514,P,43,224,2025
657571,P,51,270,2025
657612,P,37,269,2025
657649,P,68,268,2025
657746,P,194,689,2025
657756,P,10,48,2025
660271,P,62,188,2025
660604,P,8,46,2025
660761,P,16,81,2025
660787,P,28,160,2025
660825,P,82,313,2025
660853,P,62,280,2025
661395,P,80,287,2025
661527,P,4,27,2025
661563,P,41,244,2025
662253,P,83,254,2025
663158,P,75,269,2025
663362,P,3,25,2025
663372,P,25,135,2025
663423,P,32,180,2025
663432,P,11,47,2025
663436,P,104,601,2025
663460,P,116,476,2025
663465,P,42,266,2025
663485,P,64,299,2025
663542,P,19,75,2025
663554,P,139,627,2025
663558,P,5,20,2025
663559,P,81,518,2025
663568,P,77,461,2025
663574,P,75,301,2025
663623,P,124,787,2025
663687,P,65,277,2025
663738,P,45,289,2025
663765,P,23,170,2025
663767,P,31,181,2025
663855,P,58,314,2025
663878,P,7,75,2025
663893,P,91,295,2025
663903,P,163,716,2025
663941,P,41,232,2025
663947,P,64,312,2025
663967,P,0,4,2025
663969,P,52,313,2025
663978,P,112,670,2025
663992,P,12,57,2025
664076,P,82,243,2025
664126,P,59,244,2025
664129,P,5,24,2025
664141,P,22,117,2025
664192,P,31,165,2025
664199,P,44,206,2025
664208,P,81,248,2025
664285,P,187,802,2025
664299,P,34,157,2025
664353,P,3,14,2025
664744,P,4,9,2025
664849,P,13,37,2025
664854,P,63,252,2025
664875,P,23,69,2025
664991,P,31,133,2025
665152,P,142,708,2025
665660,P,50,183,2025
665665,P,2,8,2025
665795,P,150,581,2025
665871,P,23,153,2025
666142,P,98,257,2025
666157,P,156,642,2025
666171,P,73,257,2025
666200,P,216,758,2025
666277,P,36,173,2025
666374,P,58,199,2025
666619,P,0,36,2025
666661,P,36,152,2025
666711,P,17,86,2025
666808,P,72,278,2025
666974,P,53,251,2025
667297,P,32,126,2025
667463,P,28,222,2025
667755,P,152,724,2025
668390,P,35,162,2025
668670,P,0,16,2025
668674,P,48,249,2025
668678,P,175,813,2025
668716,P,21,98,2025
668820,P,25,148,2025
668834,P,13,62,2025
668881,P,132,420,2025
668909,P,173,704,2025
668933,P,64,284,2025
668941,P,55,255,2025
668964,P,38,220,2025
668970,P,10,43,2025
668984,P,55,219,2025
669020,P,25,193,2025
669022,P,185,680,2025
669060,P,28,224,2025
669062,P,22,128,2025
669084,P,27,155,2025
669093,P,108,304,2025
669145,P,1,28,2025
669160,P,123,584,2025
669194,P,132,619,2025
669199,P,75,296,2025
669211,P,59,268,2025
669212,P,4,35,2025
669276,P,76,266,2025
669302,P,173,535,2025
669330,P,18,82,2025
669358,P,176,711,2025
669371,P,52,241,2025
669372,P,99,392,2025
669373,P,241,748,2025
669387,P,89,419,2025
669432,P,103,423,2025
669438,P,44,185,2025
669456,P,37,159,2025
669461,P,122,648,2025
669467,P,111,715,2025
669620,P,8,56,2025
669622,P,42,204,2025
669684,P,30,148,2025
669704,P,24,105,2025
669711,P,57,278,2025
669713,P,29,131,2025
669724,P,40,260,2025
669854,P,48,199,2025
669920,P,65,336,2025
669923,P,137,524,2025
669947,P,12,38,2025
670032,P,0,2,2025
670036,P,56,226,2025
670059,P,18,125,2025
670167,P,62,265,2025
670183,P,0,5,2025
670280,P,86,251,2025
670329,P,38,142,2025
670912,P,42,170,2025
670950,P,5,29,2025
670970,P,70,286,2025
670990,P,45,155,2025
671096,P,149,684,2025
671106,P,122,676,2025
671109,P,15,78,2025
671111,P,8,52,2025
671131,P,65,330,2025
671162,P,5,31,2025
671212,P,58,226,2025
671737,P,127,605,2025
671922,P,104,300,2025
672282,P,80,266,2025
672335,P,21,110,2025
672456,P,72,389,2025
672582,P,58,275,2025
672782,P,58,277,2025
673380,P,11,41,2025
673513,P,61,272,2025
673540,P,109,482,2025
673929,P,81,269,2025
674370,P,68,363,2025
674444,P,38,189,2025
674841,P,20,98,2025
675512,P,36,180,2025
675540,P,1,16,2025
675848,P,68,261,2025
675911,P,131,539,2025
675919,P,1,7,2025
675989,P,1,10,2025
676051,P,5,21,2025
676083,P,77,447,2025
676106,P,64,385,2025
676130,P,58,284,2025
676254,P,60,266,2025
676263,P,74,307,2025
676282,P,108,401,2025
676395,P,68,269,2025
676428,P,68,277,2025
676440,P,162,762,2025
676467,P,72,379,2025
676477,P,91,293,2025
676508,P,71,333,2025
676510,P,2,7,2025
676534,P,59,255,2025
676571,P,27,110,2025
676604,P,14,59,2025
676617,P,45,199,2025
676661,P,26,170,2025
676664,P,117,583,2025
676680,P,3,16,2025
676684,P,75,284,2025
676702,P,16,89,2025
676742,P,4,34,2025
676755,P,45,198,2025
676760,P,12,42,2025
676775,P,9,42,2025
676879,P,76,270,2025
676917,P,40,219,2025
676962,P,121,472,2025
676974,P,68,285,2025
676979,P,255,814,2025
677020,P,8,25,2025
677161,P,35,152,2025
677865,P,18,65,2025
677944,P,109,545,2025
677952,P,71,292,2025
677955,P,31,129,2025
677958,P,56,287,2025
677960,P,37,166,2025
677961,P,1,12,2025
677976,P,1,19,2025
678020,P,36,173,2025
678022,P,37,161,2025
678368,P,54,348,2025
678394,P,124,700,2025
678606,P,71,324,2025
678906,P,39,139,2025
679358,P,40,178,2025
679775,P,22,115,2025
679883,P,16,56,2025
680573,P,107,471,2025
680604,P,1,16,2025
680689,P,30,172,2025
680694,P,47,126,2025
680702,P,4,15,2025
680704,P,16,69,2025
680730,P,103,725,2025
680732,P,133,596,2025
680736,P,76,280,2025
680742,P,46,180,2025
680755,P,62,202,2025
680767,P,49,215,2025
680951,P,5,23,2025
681006,P,36,151,2025
681151,P,8,47,2025
681168,P,20,84,2025
681190,P,78,570,2025
681217,P,13,49,2025
681293,P,31,156,2025
681343,P,145,616,2025
681347,P,97,402,2025
681432,P,4,15,2025
681517,P,80,363,2025
681676,P,34,140,2025
681751,P,10,35,2025
681799,P,6,39,2025
681810,P,9,34,2025
681867,P,9,80,2025
681870,P,42,121,2025
681892,P,40,183,2025
681895,P,25,80,2025
681911,P,80,237,2025
681916,P,4,48,2025
681982,P,74,299,2025
682052,P,113,399,2025
682120,P,45,194,2025
682243,P,74,392,2025
682254,P,63,209,2025
682274,P,21,84,2025
682610,P,14,51,2025
682825,P,21,96,2025
682842,P,90,298,2025
682989,P,14,81,2025
682995,P,3,12,2025
683004,P,148,646,2025
683155,P,6,55,2025
683175,P,32,98,2025
683232,P,46,221,2025
683409,P,43,275,2025
683618,P,18,78,2025
683627,P,24,160,2025
683766,P,0,16,2025
683769,P,73,274,2025
684007,P,117,567,2025
684320,P,66,298,2025
684974,P,7,41,2025
685005,P,3,12,2025
685126,P,74,306,2025
685299,P,62,337,2025
685801,P,12,60,2025
686218,P,89,291,2025
686228,P,14,65,2025
686563,P,86,466,2025
686580,P,25,137,2025
686613,P,206,729,2025
686747,P,2,33,2025
686751,P,17,54,2025
686753,P,0,13,2025
686790,P,14,60,2025
686799,P,72,512,2025
686930,P,18,104,2025
686973,P,75,296,2025
686993,P,70,266,2025
687064,P,47,256,2025
687075,P,17,84,2025
687209,P,13,43,2025
687223,P,27,175,2025
687330,P,35,171,2025
687377,P,25,120,2025
687396,P,30,92,2025
687473,P,97,453,2025
687606,P,28,110,2025
687765,P,66,375,2025
687849,P,16,76,2025
687911,P,69,275,2025
687931,P,16,102,2025
688107,P,5,29,2025
688158,P,50,193,2025
688297,P,15,101,2025
688497,P,22,72,2025
688642,P,19,138,2025
689017,P,42,185,2025
689147,P,65,266,2025
689225,P,16,103,2025
689254,P,56,215,2025
689266,P,30,136,2025
689520,P,7,26,2025
689690,P,23,153,2025
690829,P,1,20,2025
690925,P,33,104,2025
690928,P,45,256,2025
690953,P,39,174,2025
690986,P,38,156,2025
690990,P,97,476,2025
690997,P,57,188,2025
691548,P,5,21,2025
691587,P,105,385,2025
691594,P,1,54,2025
691769,P,5,18,2025
691799,P,54,157,2025
691951,P,12,73,2025
692030,P,1,9,2025
692230,P,11,50,2025
693312,P,34,167,2025
693313,P,26,156,2025
693433,P,198,731,2025
693645,P,84,304,2025
693821,P,131,679,2025
693855,P,64,242,2025
694037,P,61,215,2025
694297,P,147,767,2025
694335,P,68,234,2025
694350,P,24,110,2025
694361,P,21,70,2025
694363,P,12,82,2025
694462,P,55,229,2025
694477,P,127,503,2025
694646,P,9,51,2025
694738,P,102,476,2025
694819,P,87,273,2025
694851,P,12,61,2025
694918,P,10,78,2025
694973,P,216,733,2025
695243,P,104,234,2025
695418,P,108,546,2025
695445,P,36,148,2025
695505,P,67,188,2025
695534,P,7,40,2025
695549,P,39,218,2025
696131,P,5,19,2025
696136,P,13,67,2025
696147,P,18,94,2025
696149,P,31,124,2025
696270,P,16,72,2025
697812,P,11,35,2025
699134,P,9,31,2025
700241,P,58,400,2025
700249,P,118,488,2025
700270,P,1,15,2025
700363,P,42,192,2025
700669,P,40,193,2025
701121,P,7,49,2025
701519,P,31,158,2025
701542,P,171,711,2025
701552,P,18,91,2025
701656,P,33,99,2025
702056,P,16,62,2025
702070,P,114,556,2025
702352,P,61,343,2025
702752,P,1,6,2025
800048,P,38,165,2025
800311,P,12,69,2025
801139,P,19,74,2025
801403,P,82,441,2025
801434,P,8,39,2025
804636,P,22,87,2025
805123,P,35,124,2025
805299,P,14,66,2025
805427,P,3,19,2025
805673,P,88,354,2025
806188,P,43,230,2025
806960,P,43,199,2025
808963,P,28,161,2025
808967,P,201,684,2025
813349,P,29,79,2025
815083,P,24,107,2025
820862,P,39,152,2025
457705,B,118,551,2025
467793,B,91,474,2025
500743,B,46,317,2025
502054,B,94,449,2025
502671,B,100,534,2025
506702,B,4,12,2025
514888,B,109,654,2025
516782,B,68,329,2025
518595,B,74,231,2025
518692,B,128,627,2025
519317,B,96,281,2025
521692,B,125,641,2025
542303,B,144,592,2025
543309,B,72,327,2025
543510,B,33,137,2025
543760,B,93,534,2025
543807,B,111,586,2025
543877,B,35,214,2025
545121,B,15,121,2025
545341,B,61,293,2025
545361,B,178,556,2025
547180,B,121,580,2025
553869,B,74,283,2025
553993,B,196,657,2025
571448,B,49,436,2025
571657,B,66,300,2025
571771,B,68,256,2025
571912,B,16,54,2025
571970,B,83,388,2025
572233,B,177,640,2025
573262,B,108,558,2025
575929,B,142,563,2025
592206,B,133,589,2025
592450,B,160,679,2025
592518,B,131,678,2025
592626,B,65,306,2025
592663,B,129,550,2025
592885,B,167,644,2025
593428,B,94,552,2025
593871,B,82,524,2025
595879,B,109,437,2025
595978,B,43,180,2025
596019,B,131,732,2025
596103,B,51,160,2025
596115,B,176,654,2025
596117,B,0,1,2025
596142,B,27,101,2025
596146,B,93,474,2025
600869,B,29,91,2025
602104,B,88,391,2025
605137,B,88,533,2025
605141,B,68,663,2025
605170,B,65,386,2025
605244,B,3,4,2025
606115,B,47,214,2025
606192,B,134,546,2025
606466,B,83,556,2025
606992,B,31,77,2025
607043,B,141,652,2025
607208,B,107,639,2025
608070,B,74,673,2025
608324,B,70,495,2025
608348,B,80,421,2025
608369,B,87,445,2025
608701,B,54,209,2025
609280,B,49,341,2025
620443,B,56,283,2025
621020,B,168,645,2025
621043,B,113,584,2025
621438,B,76,341,2025
621439,B,148,542,2025
621493,B,175,663,2025
621566,B,176,724,2025
622268,B,1,9,2025
622761,B,30,83,2025
623168,B,31,174,2025
624413,B,162,709,2025
624424,B,121,486,2025
624428,B,81,459,2025
624431,B,39,302,2025
624512,B,27,140,2025
624585,B,94,315,2025
624641,B,56,261,2025
628451,B,26,193,2025
630105,B,107,515,2025
640459,B,3,15,2025
640492,B,1,21,2025
640902,B,21,78,2025
641343,B,59,218,2025
641355,B,90,656,2025
641487,B,122,654,2025
641555,B,14,98,2025
641584,B,49,217,2025
641598,B,80,290,2025
641680,B,88,433,2025
641857,B,189,586,2025
641933,B,51,209,2025
642020,B,0,2,2025
642086,B,42,225,2025
642133,B,83,312,2025
642201,B,70,271,2025
642215,B,34,125,2025
642350,B,17,36,2025
642708,B,31,191,2025
642715,B,179,686,2025
642851,B,32,110,2025
643217,B,82,470,2025
643289,B,42,398,2025
643376,B,86,337,2025
643396,B,77,459,2025
643446,B,55,462,2025
644433,B,6,22,2025
645277,B,94,667,2025
645302,B,26,114,2025
645305,B,6,23,2025
646240,B,192,729,2025
647304,B,83,604,2025
649966,B,45,330,2025
650333,B,21,675,2025
650402,B,101,628,2025
650489,B,111,454,2025
650490,B,92,651,2025
650559,B,18,50,2025
650859,B,104,541,2025
650968,B,22,168,2025
655316,B,32,135,2025
656305,B,126,535,2025
656413,B,15,55,2025
656484,B,19,86,2025
656537,B,48,149,2025
656555,B,91,328,2025
656577,B,37,100,2025
656582,B,20,80,2025
656716,B,111,511,2025
656775,B,120,498,2025
656811,B,109,544,2025
656941,B,197,724,2025
656976,B,92,288,2025
657041,B,44,142,2025
657136,B,42,188,2025
657656,B,119,488,2025
657757,B,107,545,2025
660162,B,75,289,2025
660271,B,187,727,2025
660644,B,21,95,2025
660670,B,102,412,2025
660688,B,26,267,2025
660821,B,110,497,2025
660844,B,24,111,2025
661388,B,120,659,2025
662139,B,77,271,2025
663330,B,32,150,2025
663368,B,47,171,2025
663457,B,119,583,2025
663538,B,49,649,2025
663584,B,22,78,2025
663586,B,128,447,2025
663604,B,36,148,2025
663609,B,10,41,2025
663616,B,122,567,2025
663624,B,98,357,2025
663647,B,111,570,2025
663656,B,88,597,2025
663697,B,106,567,2025
663698,B,93,332,2025
663728,B,188,705,2025
663743,B,47,242,2025
663757,B,137,581,2025
663837,B,24,100,2025
663853,B,81,341,2025
663886,B,116,342,2025
663897,B,9,34,2025
663967,B,2,16,2025
663968,B,64,428,2025
663993,B,159,609,2025
664023,B,151,663,2025
664034,B,83,490,2025
664040,B,149,553,2025
664056,B,136,501,2025
664059,B,37,182,2025
664068,B,11,29,2025
664238,B,82,243,2025
664702,B,50,299,2025
664728,B,74,409,2025
664761,B,82,504,2025
664770,B,60,438,2025
664774,B,58,242,2025
664954,B,3,9,2025
664983,B,40,222,2025
665019,B,93,386,2025
665052,B,25,86,2025
665161,B,93,543,2025
665487,B,129,691,2025
665489,B,94,680,2025
665561,B,17,118,2025
665742,B,137,715,2025
665750,B,50,180,2025
665804,B,22,103,2025
665828,B,25,122,2025
665833,B,174,544,2025
665861,B,9,34,2025
665862,B,148,531,2025
665877,B,10,70,2025
665923,B,8,23,2025
665926,B,66,369,2025
665953,B,22,73,2025
665966,B,111,446,2025
666018,B,107,422,2025
666023,B,65,347,2025
666126,B,20,99,2025
666139,B,109,435,2025
666152,B,47,194,2025
666160,B,110,461,2025
666163,B,23,128,2025
666176,B,151,573,2025
666181,B,67,253,2025
666182,B,91,628,2025
666185,B,54,241,2025
666211,B,41,135,2025
666310,B,99,414,2025
666397,B,61,208,2025
666464,B,15,56,2025
666624,B,109,305,2025
666969,B,135,547,2025
666971,B,76,546,2025
667452,B,3,13,2025
667472,B,77,333,2025
667670,B,155,699,2025
668227,B,191,709,2025
668670,B,39,142,2025
668709,B,91,344,2025
668715,B,129,568,2025
668723,B,5,15,2025
668800,B,10,88,2025
668804,B,173,654,2025
668885,B,31,181,2025
668901,B,115,463,2025
668904,B,80,403,2025
668930,B,150,659,2025
668939,B,57,365,2025
668942,B,48,211,2025
668952,B,19,44,2025
668974,B,18,47,2025
669003,B,25,78,2025
669004,B,23,65,2025
669016,B,110,425,2025
669065,B,125,457,2025
669087,B,25,58,2025
669127,B,103,523,2025
669134,B,11,27,2025
669208,B,11,39,2025
669221,B,105,337,2025
669224,B,118,448,2025
669236,B,50,183,2025
669242,B,61,377,2025
669256,B,2,11,2025
669257,B,89,436,2025
669288,B,13,57,2025
669289,B,38,328,2025
669326,B,47,150,2025
669357,B,136,402,2025
669364,B,88,619,2025
669369,B,19,84,2025
669392,B,1,9,2025
669394,B,93,376,2025
669397,B,99,416,2025
669398,B,7,17,2025
669477,B,83,348,2025
669701,B,100,563,2025
669707,B,76,376,2025
669717,B,34,91,2025
669720,B,107,416,2025
669743,B,55,322,2025
669911,B,132,337,2025
670032,B,4,28,2025
670042,B,64,219,2025
670097,B,18,56,2025
670156,B,29,175,2025
670224,B,69,217,2025
670231,B,46,175,2025
670242,B,114,392,2025
670541,B,33,199,2025
670623,B,76,438,2025
670764,B,70,317,2025
670770,B,115,685,2025
671056,B,84,452,2025
671083,B,8,32,2025
671218,B,158,695,2025
671277,B,84,526,2025
671286,B,22,77,2025
671289,B,51,428,2025
671655,B,13,48,2025
671732,B,179,630,2025
671739,B,128,641,2025
671976,B,7,12,2025
672012,B,1,13,2025
672016,B,61,159,2025
672275,B,133,452,2025
672279,B,7,19,2025
672284,B,23,65,2025
672356,B,162,471,2025
672386,B,59,506,2025
672515,B,53,309,2025
672580,B,84,666,2025
672640,B,82,594,2025
672642,B,2,6,2025
672695,B,83,720,2025
672724,B,80,265,2025
672761,B,87,383,2025
672820,B,127,544,2025
673237,B,95,567,2025
673357,B,112,431,2025
673490,B,39,191,2025
673548,B,164,651,2025
673962,B,129,511,2025
675659,B,2,2,2025
676356,B,13,59,2025
676391,B,61,588,2025
676439,B,29,105,2025
676475,B,79,546,2025
676551,B,1,4,2025
676572,B,100,514,2025
676609,B,98,370,2025
676694,B,67,381,2025
676724,B,16,47,2025
676914,B,60,227,2025
677060,B,7,14,2025
677587,B,77,383,2025
677588,B,37,169,2025
677592,B,28,73,2025
677594,B,152,710,2025
677595,B,54,184,2025
677649,B,55,219,2025
677800,B,101,417,2025
677870,B,8,32,2025
677942,B,86,266,2025
677950,B,122,469,2025
677951,B,125,687,2025
677956,B,21,44,2025
678009,B,56,213,2025
678011,B,16,73,2025
678225,B,9,25,2025
678246,B,100,569,2025
678391,B,13,66,2025
678489,B,22,77,2025
678554,B,63,264,2025
678662,B,98,390,2025
678882,B,117,587,2025
679529,B,169,649,2025
679822,B,3,9,2025
679845,B,27,188,2025
680474,B,35,213,2025
680574,B,167,577,2025
680700,B,9,48,2025
680716,B,3,10,2025
680718,B,121,502,2025
680728,B,47,131,2025
680737,B,21,110,2025
680757,B,60,693,2025
680776,B,169,696,2025
680777,B,91,464,2025
680779,B,76,283,2025
680869,B,46,101,2025
680977,B,67,515,2025
681082,B,91,560,2025
681146,B,39,125,2025
681297,B,128,360,2025
681351,B,139,451,2025
681393,B,90,337,2025
681481,B,106,464,2025
681508,B,20,110,2025
681546,B,63,148,2025
681624,B,135,624,2025
681715,B,77,294,2025
681807,B,58,157,2025
681909,B,1,2,2025
681987,B,19,90,2025
682177,B,117,422,2025
682515,B,2,9,2025
682622,B,85,360,2025
682626,B,73,277,2025
682634,B,4,12,2025
682641,B,27,184,2025
682657,B,110,484,2025
682663,B,113,585,2025
682668,B,37,193,2025
682729,B,28,112,2025
682829,B,181,699,2025
682848,B,14,57,2025
682927,B,15,88,2025
682928,B,125,635,2025
682985,B,201,655,2025
682988,B,43,116,2025
682997,B,1,6,2025
682998,B,153,642,2025
683002,B,137,651,2025
683011,B,150,596,2025
683021,B,3,25,2025
683083,B,20,92,2025
683146,B,108,432,2025
683227,B,19,121,2025
683357,B,11,27,2025
683734,B,80,447,2025
683737,B,139,592,2025
683748,B,5,38,2025
683766,B,45,191,2025
686217,B,80,594,2025
686452,B,7,55,2025
686469,B,107,682,2025
686475,B,11,57,2025
686527,B,59,269,2025
686554,B,11,41,2025
686555,B,93,441,2025
686611,B,76,322,2025
686668,B,138,538,2025
686681,B,43,277,2025
686765,B,24,104,2025
686780,B,107,389,2025
686797,B,92,527,2025
686823,B,1,13,2025
686894,B,23,61,2025
686948,B,68,446,2025
687221,B,58,155,2025
687231,B,24,197,2025
687263,B,149,554,2025
687363,B,111,463,2025
687401,B,74,506,2025
687462,B,73,411,2025
687515,B,49,132,2025
687529,B,11,26,2025
687551,B,20,109,2025
687597,B,174,588,2025
687637,B,36,137,2025
687859,B,26,121,2025
687952,B,32,137,2025
687957,B,13,43,2025
688363,B,36,184,2025
689414,B,56,390,2025
690022,B,61,207,2025
690291,B,16,55,2025
690924,B,36,120,2025
690976,B,35,97,2025
690984,B,2,8,2025
690993,B,102,468,2025
691011,B,3,3,2025
691016,B,141,624,2025
691019,B,77,297,2025
691023,B,126,396,2025
691026,B,102,537,2025
691176,B,115,429,2025
691182,B,27,128,2025
691373,B,5,9,2025
691406,B,125,653,2025
691594,B,41,342,2025
691718,B,155,647,2025
691720,B,41,156,2025
691723,B,84,294,2025
691728,B,14,37,2025
691777,B,68,220,2025
691781,B,78,274,2025
691783,B,26,74,2025
691785,B,41,136,2025
691907,B,3,7,2025
692216,B,38,138,2025
693304,B,73,408,2025
693307,B,110,469,2025
693409,B,5,6,2025
694192,B,121,589,2025
694203,B,22,43,2025
694208,B,12,66,2025
694212,B,30,118,2025
694362,B,25,75,2025
694374,B,64,225,2025
694376,B,10,32,2025
694377,B,15,72,2025
694384,B,71,564,2025
694388,B,27,104,2025
694497,B,41,220,2025
694671,B,151,573,2025
694728,B,20,47,2025
695238,B,28,149,2025
695257,B,1,6,2025
695336,B,83,295,2025
695391,B,21,84,2025
695506,B,52,232,2025
695578,B,221,689,2025
695600,B,12,69,2025
695657,B,83,284,2025
695670,B,3,8,2025
695681,B,62,184,2025
695734,B,56,351,2025
696030,B,34,176,2025
696100,B,152,579,2025
696285,B,65,364,2025
699625,B,17,46,2025
700246,B,44,106,2025
700250,B,100,530,2025
700337,B,71,403,2025
700932,B,135,531,2025
701305,B,37,109,2025
701350,B,84,303,2025
701358,B,137,493,2025
701398,B,15,58,2025
701538,B,108,483,2025
701675,B,18,65,2025
701762,B,151,489,2025
702176,B,37,153,2025
702284,B,47,257,2025
702332,B,50,506,2025
702616,B,140,649,2025
802415,B,43,441,2025
804668,B,7,17,2025
805249,B,67,218,2025
805300,B,48,234,2025
805367,B,72,505,2025
805779,B,39,523,2025
805811,B,13,37,2025
805904,B,20,52,2025
807712,B,29,207,2025
807713,B,94,437,2025
807799,B,24,205,2025
808975,B,52,170,2025
808982,B,71,617,2025
810938,B,64,295,2025
434378,C,3553,14607,career-thru-2025
445276,C,1278,3680,career-thru-2025
453286,C,3489,11987,career-thru-2025
455119,C,400,1586,career-thru-2025
471911,C,1696,7073,career-thru-2025
472610,C,547,2557,career-thru-2025
476594,C,77,344,career-thru-2025
489446,C,623,1883,career-thru-2025
500743,C,0,46,career-thru-2025
500779,C,1816,8812,career-thru-2025
518585,C,300,831,career-thru-2025
518876,C,911,4143,career-thru-2025
518886,C,1282,3306,career-thru-2025
519141,C,940,3871,career-thru-2025
519242,C,2579,8389,career-thru-2025
527048,C,1153,7070,career-thru-2025
542888,C,434,1787,career-thru-2025
543037,C,2251,7861,career-thru-2025
543056,C,312,1302,career-thru-2025
543135,C,1487,7124,career-thru-2025
543243,C,1925,7952,career-thru-2025
543510,C,0,10,career-thru-2025
544150,C,206,1099,career-thru-2025
545121,C,0,22,career-thru-2025
547179,C,826,4214,career-thru-2025
547184,C,71,381,career-thru-2025
547973,C,1331,3341,career-thru-2025
548384,C,278,1045,career-thru-2025
552640,C,337,1390,career-thru-2025
554430,C,1820,7086,career-thru-2025
571510,C,1045,4614,career-thru-2025
571578,C,1860,8809,career-thru-2025
571927,C,940,4283,career-thru-2025
571945,C,895,5218,career-thru-2025
571948,C,321,1437,career-thru-2025
572143,C,230,1104,career-thru-2025
572955,C,379,1332,career-thru-2025
573009,C,194,923,career-thru-2025
573124,C,626,2256,career-thru-2025
573204,C,403,1546,career-thru-2025
579328,C,1011,4243,career-thru-2025
592094,C,390,1352,career-thru-2025
592155,C,78,326,career-thru-2025
592332,C,1954,7986,career-thru-2025
592454,C,502,1833,career-thru-2025
592662,C,1734,6097,career-thru-2025
592773,C,531,1956,career-thru-2025
592779,C,190,822,career-thru-2025
592791,C,1073,5128,career-thru-2025
592826,C,822,3295,career-thru-2025
592836,C,1088,5423,career-thru-2025
592866,C,825,4361,career-thru-2025
593958,C,1297,5579,career-thru-2025
593974,C,376,1959,career-thru-2025
594027,C,111,493,career-thru-2025
594580,C,189,767,career-thru-2025
594798,C,1851,6045,career-thru-2025
594835,C,688,3920,career-thru-2025
595014,C,596,2386,career-thru-2025
595345,C,337,1249,career-thru-2025
595978,C,2,38,career-thru-2025
596001,C,768,3605,career-thru-2025
596117,C,1,37,career-thru-2025
596133,C,746,3129,career-thru-2025
596142,C,0,7,career-thru-2025
601713,C,1329,5107,career-thru-2025
605130,C,536,1939,career-thru-2025
605135,C,1191,5410,career-thru-2025
605154,C,414,1615,career-thru-2025
605156,C,142,928,career-thru-2025
605218,C,334,1192,career-thru-2025
605280,C,489,2168,career-thru-2025
605288,C,576,3137,career-thru-2025
605335,C,8,68,career-thru-2025
605400,C,1876,7039,career-thru-2025
605441,C,93,448,career-thru-2025
605447,C,332,1140,career-thru-2025
605452,C,508,2456,career-thru-2025
605483,C,1440,4791,career-thru-2025
605488,C,497,2033,career-thru-2025
605540,C,871,2984,career-thru-2025
606115,C,0,15,career-thru-2025
606303,C,244,1115,career-thru-2025
606965,C,429,1701,career-thru-2025
606996,C,50,246,career-thru-2025
607067,C,493,2566,career-thru-2025
607074,C,1409,5378,career-thru-2025
607192,C,952,3085,career-thru-2025
607200,C,589,3361,career-thru-2025
607259,C,670,3987,career-thru-2025
607455,C,220,1025,career-thru-2025
607481,C,429,1640,career-thru-2025
607536,C,944,5466,career-thru-2025
607625,C,954,4098,career-thru-2025
608032,C,494,2086,career-thru-2025
608331,C,1052,4415,career-thru-2025
608337,C,1198,4873,career-thru-2025
608344,C,434,2540,career-thru-2025
608348,C,1,46,career-thru-2025
608371,C,366,1383,career-thru-2025
608372,C,106,675,career-thru-2025
608379,C,1416,6846,career-thru-2025
608566,C,1069,4907,career-thru-2025
608650,C,76,309,career-thru-2025
608718,C,496,2488,career-thru-2025
608723,C,343,1552,career-thru-2025
615698,C,622,3577,career-thru-2025
620443,C,0,19,career-thru-2025
621016,C,122,555,career-thru-2025
621053,C,116,453,career-thru-2025
621074,C,120,531,career-thru-2025
621097,C,90,476,career-thru-2025
621107,C,922,4501,career-thru-2025
621111,C,846,3467,career-thru-2025
621112,C,363,2025,career-thru-2025
621121,C,861,3291,career-thru-2025
621139,C,43,191,career-thru-2025
621237,C,469,1586,career-thru-2025
621242,C,839,2105,career-thru-2025
621345,C,436,1482,career-thru-2025
621366,C,214,1085,career-thru-2025
621381,C,582,2130,career-thru-2025
621383,C,239,1050,career-thru-2025
621389,C,293,2280,career-thru-2025
622088,C,96,301,career-thru-2025
622491,C,1493,5824,career-thru-2025
622554,C,360,1291,career-thru-2025
622608,C,531,3624,career-thru-2025
622663,C,1073,4488,career-thru-2025
622694,C,285,1310,career-thru-2025
622761,C,0,11,career-thru-2025
623149,C,470,1644,career-thru-2025
623168,C,0,34,career-thru-2025
623211,C,213,877,career-thru-2025
623352,C,829,2019,career-thru-2025
623381,C,102,520,career-thru-2025
623437,C,129,643,career-thru-2025
623454,C,30,204,career-thru-2025
623465,C,291,1043,career-thru-2025
623474,C,222,983,career-thru-2025
624133,C,705,3197,career-thru-2025
624431,C,1,25,career-thru-2025
624512,C,0,9,career-thru-2025
624522,C,225,980,career-thru-2025
625643,C,766,3459,career-thru-2025
628452,C,869,2962,career-thru-2025
628708,C,105,523,career-thru-2025
640448,C,343,1457,career-thru-2025
640451,C,201,749,career-thru-2025
640454,C,8,48,career-thru-2025
640455,C,1184,5196,career-thru-2025
641302,C,445,2324,career-thru-2025
641312,C,128,766,career-thru-2025
641329,C,234,848,career-thru-2025
641386,C,49,224,career-thru-2025
641401,C,195,812,career-thru-2025
641585,C,128,718,career-thru-2025
641656,C,161,632,career-thru-2025
641743,C,88,393,career-thru-2025
641745,C,613,3416,career-thru-2025
641755,C,342,1438,career-thru-2025
641778,C,669,3003,career-thru-2025
641793,C,496,2514,career-thru-2025
641816,C,753,3122,career-thru-2025
641835,C,319,1344,career-thru-2025
641927,C,604,2516,career-thru-2025
641941,C,581,2050,career-thru-2025
642048,C,112,563,career-thru-2025
642100,C,214,736,career-thru-2025
642121,C,180,714,career-thru-2025
642152,C,336,1428,career-thru-2025
642207,C,465,1211,career-thru-2025
642215,C,0,16,career-thru-2025
642232,C,654,3472,career-thru-2025
642397,C,410,1686,career-thru-2025
642528,C,232,1057,career-thru-2025
642546,C,150,673,career-thru-2025
642547,C,1153,3853,career-thru-2025
642701,C,269,1218,career-thru-2025
642759,C,9,53,career-thru-2025
643361,C,32,234,career-thru-2025
643377,C,405,1483,career-thru-2025
643410,C,396,1544,career-thru-2025
643511,C,306,1736,career-thru-2025
645261,C,931,4425,career-thru-2025
646241,C,5,34,career-thru-2025
647315,C,126,707,career-thru-2025
647336,C,379,1742,career-thru-2025
650556,C,448,1369,career-thru-2025
650633,C,559,2069,career-thru-2025
650644,C,665,3072,career-thru-2025
650911,C,509,2193,career-thru-2025
650960,C,28,165,career-thru-2025
656212,C,20,175,career-thru-2025
656222,C,376,1753,career-thru-2025
656234,C,216,1025,career-thru-2025
656240,C,61,316,career-thru-2025
656271,C,249,1109,career-thru-2025
656288,C,553,2502,career-thru-2025
656302,C,1231,4304,career-thru-2025
656427,C,1130,4120,career-thru-2025
656457,C,117,628,career-thru-2025
656464,C,283,1094,career-thru-2025
656492,C,5,38,career-thru-2025
656529,C,223,877,career-thru-2025
656546,C,563,2342,career-thru-2025
656550,C,193,774,career-thru-2025
656577,C,0,8,career-thru-2025
656605,C,837,3818,career-thru-2025
656638,C,222,817,career-thru-2025
656641,C,125,581,career-thru-2025
656686,C,76,368,career-thru-2025
656716,C,0,15,career-thru-2025
656730,C,241,834,career-thru-2025
656756,C,788,3671,career-thru-2025
656786,C,26,149,career-thru-2025
656794,C,529,2296,career-thru-2025
656848,C,31,169,career-thru-2025
656849,C,614,2671,career-thru-2025
656876,C,428,1840,career-thru-2025
656945,C,546,1836,career-thru-2025
656986,C,81,329,career-thru-2025
657044,C,208,997,career-thru-2025
657097,C,244,1060,career-thru-2025
657265,C,86,358,career-thru-2025
657277,C,994,4350,career-thru-2025
657424,C,47,214,career-thru-2025
657514,C,157,679,career-thru-2025
657571,C,365,1412,career-thru-2025
657612,C,276,1654,career-thru-2025
657649,C,153,710,career-thru-2025
657746,C,719,2603,career-thru-2025
657756,C,96,566,career-thru-2025
660271,C,670,2139,career-thru-2025
660604,C,8,46,career-thru-2025
660761,C,362,1759,career-thru-2025
660787,C,72,376,career-thru-2025
660825,C,144,565,career-thru-2025
660853,C,323,1335,career-thru-2025
661395,C,319,1036,career-thru-2025
661527,C,126,615,career-thru-2025
661563,C,255,1029,career-thru-2025
662253,C,354,1046,career-thru-2025
663158,C,219,826,career-thru-2025
663362,C,167,823,career-thru-2025
663372,C,291,1489,career-thru-2025
663423,C,379,1714,career-thru-2025
663432,C,247,896,career-thru-2025
663436,C,199,1090,career-thru-2025
663460,C,444,2030,career-thru-2025
663465,C,269,1467,career-thru-2025
663485,C,198,834,career-thru-2025
663542,C,88,350,career-thru-2025
663554,C,365,1869,career-thru-2025
663556,C,456,1627,career-thru-2025
663558,C,117,406,career-thru-2025
663559,C,346,1942,career-thru-2025
663567,C,181,1105,career-thru-2025
663568,C,116,672,career-thru-2025
663574,C,199,727,career-thru-2025
663623,C,379,2086,career-thru-2025
663687,C,182,866,career-thru-2025
663738,C,295,1597,career-thru-2025
663765,C,168,1125,career-thru-2025
663767,C,39,217,career-thru-2025
663776,C,529,2334,career-thru-2025
663855,C,409,1836,career-thru-2025
663878,C,160,694,career-thru-2025
663893,C,127,494,career-thru-2025
663903,C,808,3650,career-thru-2025
663941,C,123,653,career-thru-2025
663947,C,221,1029,career-thru-2025
663967,C,0,4,career-thru-2025
663969,C,80,473,career-thru-2025
663978,C,529,2441,career-thru-2025
663992,C,102,484,career-thru-2025
664074,C,48,245,career-thru-2025
664076,C,221,737,career-thru-2025
664126,C,332,1105,career-thru-2025
664129,C,81,406,career-thru-2025
664141,C,346,1506,career-thru-2025
664192,C,419,1829,career-thru-2025
664199,C,304,1421,career-thru-2025
664208,C,539,2018,career-thru-2025
664238,C,0,10,career-thru-2025
664285,C,1053,4483,career-thru-2025
664299,C,598,2217,career-thru-2025
664353,C,329,1676,career-thru-2025
664744,C,6,14,career-thru-2025
664849,C,78,269,career-thru-2025
664854,C,377,1314,career-thru-2025
664875,C,211,951,career-thru-2025
664991,C,31,133,career-thru-2025
665152,C,578,2836,career-thru-2025
665622,C,138,675,career-thru-2025
665645,C,24,113,career-thru-2025
665660,C,50,183,career-thru-2025
665665,C,73,381,career-thru-2025
665795,C,478,1844,career-thru-2025
665871,C,271,1406,career-thru-2025
666129,C,320,1386,career-thru-2025
666142,C,461,1585,career-thru-2025
666157,C,456,1742,career-thru-2025
666171,C,91,321,career-thru-2025
666200,C,775,2904,career-thru-2025
666201,C,412,1763,career-thru-2025
666277,C,117,532,career-thru-2025
666374,C,227,729,career-thru-2025
666619,C,77,386,career-thru-2025
666661,C,36,152,career-thru-2025
666711,C,17,86,career-thru-2025
666745,C,101,557,career-thru-2025
666808,C,354,1225,career-thru-2025
666974,C,204,880,career-thru-2025
667297,C,138,542,career-thru-2025
667463,C,165,1093,career-thru-2025
667755,C,305,1377,career-thru-2025
668390,C,49,239,career-thru-2025
668670,C,0,22,career-thru-2025
668674,C,188,753,career-thru-2025
668678,C,1060,4142,career-thru-2025
668716,C,21,98,career-thru-2025
668820,C,61,349,career-thru-2025
668834,C,16,98,career-thru-2025
668873,C,21,137,career-thru-2025
668881,C,617,2060,career-thru-2025
668909,C,333,1381,career-thru-2025
668933,C,303,1722,career-thru-2025
668941,C,183,803,career-thru-2025
668942,C,1,21,career-thru-2025
668964,C,165,789,career-thru-2025
668970,C,51,235,career-thru-2025
668984,C,73,327,career-thru-2025
669020,C,25,193,career-thru-2025
669022,C,589,2302,career-thru-2025
669060,C,333,2010,career-thru-2025
669062,C,109,412,career-thru-2025
669084,C,113,497,career-thru-2025
669093,C,223,637,career-thru-2025
669145,C,127,725,career-thru-2025
669160,C,297,1356,career-thru-2025
669165,C,6,33,career-thru-2025
669169,C,89,616,career-thru-2025
669194,C,370,1937,career-thru-2025
669199,C,86,336,career-thru-2025
669211,C,377,1565,career-thru-2025
669212,C,266,1136,career-thru-2025
669270,C,76,407,career-thru-2025
669276,C,238,817,career-thru-2025
669302,C,884,3377,career-thru-2025
669330,C,289,1266,career-thru-2025
669358,C,293,1196,career-thru-2025
669371,C,52,241,career-thru-2025
669372,C,128,534,career-thru-2025
669373,C,889,3056,career-thru-2025
669387,C,169,780,career-thru-2025
669432,C,521,2221,career-thru-2025
669438,C,101,531,career-thru-2025
669456,C,995,3574,career-thru-2025
669461,C,272,1442,career-thru-2025
669467,C,321,1983,career-thru-2025
669620,C,27,149,career-thru-2025
669622,C,189,757,career-thru-2025
669684,C,79,360,career-thru-2025
669704,C,24,105,career-thru-2025
669711,C,148,676,career-thru-2025
669713,C,212,925,career-thru-2025
669724,C,66,403,career-thru-2025
669854,C,273,1133,career-thru-2025
669920,C,111,657,career-thru-2025
669923,C,621,2601,career-thru-2025
669947,C,70,415,career-thru-2025
670032,C,0,21,career-thru-2025
670036,C,182,729,career-thru-2025
670059,C,156,706,career-thru-2025
670090,C,37,192,career-thru-2025
670097,C,1,32,career-thru-2025
670103,C,1,7,career-thru-2025
670167,C,273,1092,career-thru-2025
670183,C,5,37,career-thru-2025
670280,C,389,1317,career-thru-2025
670329,C,59,311,career-thru-2025
670871,C,16,84,career-thru-2025
670912,C,321,1593,career-thru-2025
670950,C,616,2430,career-thru-2025
670970,C,214,884,career-thru-2025
670990,C,218,914,career-thru-2025
671096,C,383,1729,career-thru-2025
671106,C,320,1645,career-thru-2025
671109,C,16,87,career-thru-2025
671111,C,37,214,career-thru-2025
671131,C,86,452,career-thru-2025
671162,C,5,31,career-thru-2025
671212,C,129,512,career-thru-2025
671345,C,150,827,career-thru-2025
671737,C,410,1643,career-thru-2025
671922,C,207,589,career-thru-2025
672282,C,498,1941,career-thru-2025
672335,C,218,1057,career-thru-2025
672456,C,149,801,career-thru-2025
672582,C,150,760,career-thru-2025
672782,C,72,339,career-thru-2025
673380,C,59,176,career-thru-2025
673513,C,130,529,career-thru-2025
673540,C,320,1196,career-thru-2025
673929,C,107,411,career-thru-2025
674003,C,121,542,career-thru-2025
674370,C,179,858,career-thru-2025
674444,C,57,269,career-thru-2025
674841,C,20,98,career-thru-2025
675512,C,36,180,career-thru-2025
675540,C,99,639,career-thru-2025
675627,C,151,651,career-thru-2025
675848,C,68,261,career-thru-2025
675911,C,626,1881,career-thru-2025
675916,C,253,697,career-thru-2025
675919,C,1,7,career-thru-2025
675989,C,40,200,career-thru-2025
676051,C,86,394,career-thru-2025
676083,C,111,636,career-thru-2025
676105,C,27,87,career-thru-2025
676106,C,109,700,career-thru-2025
676130,C,180,780,career-thru-2025
676254,C,237,837,career-thru-2025
676263,C,74,307,career-thru-2025
676282,C,152,564,career-thru-2025
676395,C,176,647,career-thru-2025
676428,C,106,452,career-thru-2025
676440,C,490,2057,career-thru-2025
676467,C,72,379,career-thru-2025
676477,C,343,1281,career-thru-2025
676508,C,83,370,career-thru-2025
676510,C,2,7,career-thru-2025
676534,C,168,711,career-thru-2025
676568,C,1,15,career-thru-2025
676571,C,27,110,career-thru-2025
676596,C,161,1106,career-thru-2025
676604,C,73,296,career-thru-2025
676617,C,59,259,career-thru-2025
676661,C,35,224,career-thru-2025
676664,C,466,2364,career-thru-2025
676680,C,62,297,career-thru-2025
676684,C,284,1200,career-thru-2025
676702,C,59,294,career-thru-2025
676742,C,4,34,career-thru-2025
676755,C,54,244,career-thru-2025
676760,C,149,527,career-thru-2025
676775,C,92,452,career-thru-2025
676879,C,274,997,career-thru-2025
676917,C,46,242,career-thru-2025
676962,C,185,694,career-thru-2025
676974,C,120,559,career-thru-2025
676979,C,549,1725,career-thru-2025
677020,C,31,128,career-thru-2025
677053,C,167,530,career-thru-2025
677161,C,113,495,career-thru-2025
677865,C,69,386,career-thru-2025
677944,C,193,994,career-thru-2025
677952,C,71,292,career-thru-2025
677955,C,37,174,career-thru-2025
677958,C,70,342,career-thru-2025
677960,C,235,1212,career-thru-2025
677961,C,1,12,career-thru-2025
677976,C,85,610,career-thru-2025
678020,C,49,219,career-thru-2025
678022,C,37,161,career-thru-2025
678368,C,98,643,career-thru-2025
678394,C,464,2338,career-thru-2025
678606,C,121,595,career-thru-2025
678906,C,46,194,career-thru-2025
679358,C,41,189,career-thru-2025
679775,C,22,115,career-thru-2025
679883,C,16,56,career-thru-2025
680570,C,259,1006,career-thru-2025
680573,C,232,1084,career-thru-2025
680604,C,1,16,career-thru-2025
680689,C,43,258,career-thru-2025
680694,C,379,1469,career-thru-2025
680702,C,10,77,career-thru-2025
680704,C,239,875,career-thru-2025
680723,C,32,170,career-thru-2025
680730,C,236,1371,career-thru-2025
680732,C,155,672,career-thru-2025
680736,C,102,434,career-thru-2025
680742,C,52,211,career-thru-2025
680744,C,17,101,career-thru-2025
680755,C,62,202,career-thru-2025
680767,C,126,579,career-thru-2025
680951,C,5,23,career-thru-2025
681006,C,36,151,career-thru-2025
681035,C,39,197,career-thru-2025
681151,C,8,47,career-thru-2025
681168,C,20,84,career-thru-2025
681190,C,173,1167,career-thru-2025
681217,C,105,437,career-thru-2025
681293,C,202,788,career-thru-2025
681343,C,145,616,career-thru-2025
681347,C,99,416,career-thru-2025
681402,C,47,218,career-thru-2025
681432,C,44,154,career-thru-2025
681517,C,115,569,career-thru-2025
681676,C,105,425,career-thru-2025
681751,C,10,35,career-thru-2025
681799,C,41,195,career-thru-2025
681806,C,126,490,career-thru-2025
681810,C,47,236,career-thru-2025
681867,C,113,678,career-thru-2025
681870,C,61,168,career-thru-2025
681892,C,91,391,career-thru-2025
681895,C,25,80,career-thru-2025
681911,C,369,1132,career-thru-2025
681916,C,4,48,career-thru-2025
681982,C,133,573,career-thru-2025
682052,C,129,499,career-thru-2025
682120,C,145,572,career-thru-2025
682227,C,110,550,career-thru-2025
682243,C,364,1633,career-thru-2025
682254,C,80,246,career-thru-2025
682274,C,21,84,career-thru-2025
682610,C,84,430,career-thru-2025
682825,C,21,96,career-thru-2025
682842,C,143,491,career-thru-2025
682989,C,22,125,career-thru-2025
682995,C,3,12,career-thru-2025
683003,C,132,504,career-thru-2025
683004,C,179,819,career-thru-2025
683155,C,105,645,career-thru-2025
683175,C,58,194,career-thru-2025
683232,C,174,705,career-thru-2025
683409,C,71,408,career-thru-2025
683618,C,23,92,career-thru-2025
683627,C,65,424,career-thru-2025
683766,C,0,16,career-thru-2025
683769,C,168,774,career-thru-2025
684007,C,291,1261,career-thru-2025
684320,C,151,666,career-thru-2025
684974,C,7,41,career-thru-2025
685005,C,3,12,career-thru-2025
685126,C,76,332,career-thru-2025
685299,C,88,497,career-thru-2025
685801,C,36,133,career-thru-2025
686218,C,153,539,career-thru-2025
686228,C,14,65,career-thru-2025
686563,C,177,988,career-thru-2025
686580,C,83,361,career-thru-2025
686610,C,165,785,career-thru-2025
686613,C,585,2186,career-thru-2025
686747,C,44,252,career-thru-2025
686751,C,17,72,career-thru-2025
686753,C,61,285,career-thru-2025
686790,C,15,70,career-thru-2025
686799,C,97,778,career-thru-2025
686930,C,18,104,career-thru-2025
686973,C,216,923,career-thru-2025
686993,C,74,285,career-thru-2025
687064,C,47,256,career-thru-2025
687075,C,17,84,career-thru-2025
687209,C,13,43,career-thru-2025
687223,C,27,175,career-thru-2025
687330,C,154,725,career-thru-2025
687377,C,28,143,career-thru-2025
687396,C,65,222,career-thru-2025
687473,C,97,453,career-thru-2025
687606,C,28,110,career-thru-2025
687765,C,192,1026,career-thru-2025
687849,C,16,76,career-thru-2025
687911,C,101,384,career-thru-2025
687931,C,16,102,career-thru-2025
688107,C,21,143,career-thru-2025
688158,C,50,193,career-thru-2025
688297,C,48,256,career-thru-2025
688497,C,22,72,career-thru-2025
688642,C,19,138,career-thru-2025
689017,C,111,471,career-thru-2025
689147,C,145,537,career-thru-2025
689225,C,170,876,career-thru-2025
689254,C,56,215,career-thru-2025
689266,C,47,309,career-thru-2025
689520,C,7,26,career-thru-2025
689690,C,47,220,career-thru-2025
690829,C,44,210,career-thru-2025
690925,C,38,119,career-thru-2025
690928,C,45,256,career-thru-2025
690953,C,39,174,career-thru-2025
690986,C,191,835,career-thru-2025
690990,C,97,476,career-thru-2025
690997,C,57,188,career-thru-2025
691548,C,5,21,career-thru-2025
691587,C,213,759,career-thru-2025
691594,C,1,54,career-thru-2025
691769,C,5,18,career-thru-2025
691799,C,54,157,career-thru-2025
691951,C,22,140,career-thru-2025
692030,C,1,9,career-thru-2025
692230,C,20,107,career-thru-2025
693312,C,96,436,career-thru-2025
693313,C,26,156,career-thru-2025
693433,C,392,1574,career-thru-2025
693645,C,84,304,career-thru-2025
693821,C,352,1864,career-thru-2025
693855,C,64,242,career-thru-2025
694037,C,110,403,career-thru-2025
694297,C,426,1948,career-thru-2025
694335,C,68,234,career-thru-2025
694350,C,28,138,career-thru-2025
694361,C,28,108,career-thru-2025
694363,C,98,633,career-thru-2025
694462,C,58,265,career-thru-2025
694477,C,127,503,career-thru-2025
694646,C,12,69,career-thru-2025
694738,C,149,693,career-thru-2025
694819,C,87,273,career-thru-2025
694851,C,12,61,career-thru-2025
694918,C,10,78,career-thru-2025
694973,C,386,1247,career-thru-2025
695076,C,22,128,career-thru-2025
695243,C,246,622,career-thru-2025
695418,C,108,546,career-thru-2025
695445,C,36,148,career-thru-2025
695505,C,67,188,career-thru-2025
695534,C,7,40,career-thru-2025
695549,C,41,234,career-thru-2025
696131,C,36,188,career-thru-2025
696136,C,79,426,career-thru-2025
696147,C,32,171,career-thru-2025
696149,C,31,124,career-thru-2025
696270,C,16,72,career-thru-2025
697812,C,11,35,career-thru-2025
699134,C,9,31,career-thru-2025
700241,C,76,486,career-thru-2025
700249,C,187,840,career-thru-2025
700270,C,20,134,career-thru-2025
700363,C,66,315,career-thru-2025
700669,C,46,224,career-thru-2025
701121,C,7,49,career-thru-2025
701519,C,31,158,career-thru-2025
701542,C,200,821,career-thru-2025
701552,C,18,91,career-thru-2025
701656,C,33,99,career-thru-2025
702056,C,16,62,career-thru-2025
702070,C,114,556,career-thru-2025
702352,C,98,545,career-thru-2025
702752,C,1,6,career-thru-2025
800048,C,38,165,career-thru-2025
800311,C,12,69,career-thru-2025
801139,C,19,74,career-thru-2025
801403,C,82,441,career-thru-2025
801434,C,8,39,career-thru-2025
804636,C,22,87,career-thru-2025
805123,C,35,124,career-thru-2025
805299,C,14,66,career-thru-2025
805427,C,3,19,career-thru-2025
805673,C,131,531,career-thru-2025
806188,C,43,230,career-thru-2025
806960,C,43,199,career-thru-2025
808963,C,28,161,career-thru-2025
808967,C,306,1052,career-thru-2025
813349,C,29,79,career-thru-2025
815083,C,24,107,career-thru-2025
820862,C,39,152,career-thru-2025
